season,round,race_date,race_name,circuit_id,circuit_name,driver_id,driver_code,constructor_id,constructor_name,grid_position,finish_position,points,source
2021,1,2021-03-28,Bahrain Grand Prix,,,hamilton,HAM,mercedes,Mercedes,2,1,25.0,fastf1
2021,1,2021-03-28,Bahrain Grand Prix,,,max_verstappen,VER,red_bull,Red Bull Racing,1,2,18.0,fastf1
2021,1,2021-03-28,Bahrain Grand Prix,,,bottas,BOT,mercedes,Mercedes,3,3,16.0,fastf1
2021,1,2021-03-28,Bahrain Grand Prix,,,norris,NOR,mclaren,McLaren,7,4,12.0,fastf1
2021,1,2021-03-28,Bahrain Grand Prix,,,perez,PER,red_bull,Red Bull Racing,0,5,10.0,fastf1
2021,1,2021-03-28,Bahrain Grand Prix,,,leclerc,LEC,ferrari,Ferrari,4,6,8.0,fastf1
2021,1,2021-03-28,Bahrain Grand Prix,,,ricciardo,RIC,mclaren,McLaren,6,7,6.0,fastf1
2021,1,2021-03-28,Bahrain Grand Prix,,,sainz,SAI,ferrari,Ferrari,8,8,4.0,fastf1
2021,1,2021-03-28,Bahrain Grand Prix,,,tsunoda,TSU,alphatauri,AlphaTauri,13,9,2.0,fastf1
2021,1,2021-03-28,Bahrain Grand Prix,,,stroll,STR,aston_martin,Aston Martin,10,10,1.0,fastf1
2021,1,2021-03-28,Bahrain Grand Prix,,,raikkonen,RAI,alfa,Alfa Romeo Racing,14,11,0.0,fastf1
2021,1,2021-03-28,Bahrain Grand Prix,,,giovinazzi,GIO,alfa,Alfa Romeo Racing,12,12,0.0,fastf1
2021,1,2021-03-28,Bahrain Grand Prix,,,ocon,OCO,alpine,Alpine,16,13,0.0,fastf1
2021,1,2021-03-28,Bahrain Grand Prix,,,russell,RUS,williams,Williams,15,14,0.0,fastf1
2021,1,2021-03-28,Bahrain Grand Prix,,,vettel,VET,aston_martin,Aston Martin,20,15,0.0,fastf1
2021,1,2021-03-28,Bahrain Grand Prix,,,mick_schumacher,MSC,haas,Haas F1 Team,18,16,0.0,fastf1
2021,1,2021-03-28,Bahrain Grand Prix,,,gasly,GAS,alphatauri,AlphaTauri,5,17,0.0,fastf1
2021,1,2021-03-28,Bahrain Grand Prix,,,latifi,LAT,williams,Williams,17,18,0.0,fastf1
2021,1,2021-03-28,Bahrain Grand Prix,,,alonso,ALO,alpine,Alpine,9,19,0.0,fastf1
2021,1,2021-03-28,Bahrain Grand Prix,,,mazepin,MAZ,haas,Haas F1 Team,19,20,0.0,fastf1
2021,2,2021-04-18,Emilia Romagna Grand Prix,,,max_verstappen,VER,red_bull,Red Bull Racing,3,1,25.0,fastf1
2021,2,2021-04-18,Emilia Romagna Grand Prix,,,hamilton,HAM,mercedes,Mercedes,1,2,19.0,fastf1
2021,2,2021-04-18,Emilia Romagna Grand Prix,,,norris,NOR,mclaren,McLaren,7,3,15.0,fastf1
2021,2,2021-04-18,Emilia Romagna Grand Prix,,,leclerc,LEC,ferrari,Ferrari,4,4,12.0,fastf1
2021,2,2021-04-18,Emilia Romagna Grand Prix,,,sainz,SAI,ferrari,Ferrari,11,5,10.0,fastf1
2021,2,2021-04-18,Emilia Romagna Grand Prix,,,ricciardo,RIC,mclaren,McLaren,6,6,8.0,fastf1
2021,2,2021-04-18,Emilia Romagna Grand Prix,,,gasly,GAS,alphatauri,AlphaTauri,5,7,6.0,fastf1
2021,2,2021-04-18,Emilia Romagna Grand Prix,,,stroll,STR,aston_martin,Aston Martin,10,8,4.0,fastf1
2021,2,2021-04-18,Emilia Romagna Grand Prix,,,ocon,OCO,alpine,Alpine,9,9,2.0,fastf1
2021,2,2021-04-18,Emilia Romagna Grand Prix,,,alonso,ALO,alpine,Alpine,15,10,1.0,fastf1
2021,2,2021-04-18,Emilia Romagna Grand Prix,,,perez,PER,red_bull,Red Bull Racing,2,11,0.0,fastf1
2021,2,2021-04-18,Emilia Romagna Grand Prix,,,tsunoda,TSU,alphatauri,AlphaTauri,20,12,0.0,fastf1
2021,2,2021-04-18,Emilia Romagna Grand Prix,,,raikkonen,RAI,alfa,Alfa Romeo Racing,16,13,0.0,fastf1
2021,2,2021-04-18,Emilia Romagna Grand Prix,,,giovinazzi,GIO,alfa,Alfa Romeo Racing,17,14,0.0,fastf1
2021,2,2021-04-18,Emilia Romagna Grand Prix,,,vettel,VET,aston_martin,Aston Martin,0,15,0.0,fastf1
2021,2,2021-04-18,Emilia Romagna Grand Prix,,,mick_schumacher,MSC,haas,Haas F1 Team,18,16,0.0,fastf1
2021,2,2021-04-18,Emilia Romagna Grand Prix,,,mazepin,MAZ,haas,Haas F1 Team,19,17,0.0,fastf1
2021,2,2021-04-18,Emilia Romagna Grand Prix,,,bottas,BOT,mercedes,Mercedes,8,18,0.0,fastf1
2021,2,2021-04-18,Emilia Romagna Grand Prix,,,russell,RUS,williams,Williams,12,19,0.0,fastf1
2021,2,2021-04-18,Emilia Romagna Grand Prix,,,latifi,LAT,williams,Williams,14,20,0.0,fastf1
2021,3,2021-05-02,Portuguese Grand Prix,,,hamilton,HAM,mercedes,Mercedes,2,1,25.0,fastf1
2021,3,2021-05-02,Portuguese Grand Prix,,,max_verstappen,VER,red_bull,Red Bull Racing,3,2,18.0,fastf1
2021,3,2021-05-02,Portuguese Grand Prix,,,bottas,BOT,mercedes,Mercedes,1,3,16.0,fastf1
2021,3,2021-05-02,Portuguese Grand Prix,,,perez,PER,red_bull,Red Bull Racing,4,4,12.0,fastf1
2021,3,2021-05-02,Portuguese Grand Prix,,,norris,NOR,mclaren,McLaren,7,5,10.0,fastf1
2021,3,2021-05-02,Portuguese Grand Prix,,,leclerc,LEC,ferrari,Ferrari,8,6,8.0,fastf1
2021,3,2021-05-02,Portuguese Grand Prix,,,ocon,OCO,alpine,Alpine,6,7,6.0,fastf1
2021,3,2021-05-02,Portuguese Grand Prix,,,alonso,ALO,alpine,Alpine,13,8,4.0,fastf1
2021,3,2021-05-02,Portuguese Grand Prix,,,ricciardo,RIC,mclaren,McLaren,16,9,2.0,fastf1
2021,3,2021-05-02,Portuguese Grand Prix,,,gasly,GAS,alphatauri,AlphaTauri,9,10,1.0,fastf1
2021,3,2021-05-02,Portuguese Grand Prix,,,sainz,SAI,ferrari,Ferrari,5,11,0.0,fastf1
2021,3,2021-05-02,Portuguese Grand Prix,,,giovinazzi,GIO,alfa,Alfa Romeo Racing,12,12,0.0,fastf1
2021,3,2021-05-02,Portuguese Grand Prix,,,vettel,VET,aston_martin,Aston Martin,10,13,0.0,fastf1
2021,3,2021-05-02,Portuguese Grand Prix,,,stroll,STR,aston_martin,Aston Martin,17,14,0.0,fastf1
2021,3,2021-05-02,Portuguese Grand Prix,,,tsunoda,TSU,alphatauri,AlphaTauri,14,15,0.0,fastf1
2021,3,2021-05-02,Portuguese Grand Prix,,,russell,RUS,williams,Williams,11,16,0.0,fastf1
2021,3,2021-05-02,Portuguese Grand Prix,,,mick_schumacher,MSC,haas,Haas F1 Team,19,17,0.0,fastf1
2021,3,2021-05-02,Portuguese Grand Prix,,,latifi,LAT,williams,Williams,18,18,0.0,fastf1
2021,3,2021-05-02,Portuguese Grand Prix,,,mazepin,MAZ,haas,Haas F1 Team,20,19,0.0,fastf1
2021,3,2021-05-02,Portuguese Grand Prix,,,raikkonen,RAI,alfa,Alfa Romeo Racing,15,20,0.0,fastf1
2021,4,2021-05-09,Spanish Grand Prix,,,hamilton,HAM,mercedes,Mercedes,1,1,25.0,fastf1
2021,4,2021-05-09,Spanish Grand Prix,,,max_verstappen,VER,red_bull,Red Bull Racing,2,2,19.0,fastf1
2021,4,2021-05-09,Spanish Grand Prix,,,bottas,BOT,mercedes,Mercedes,3,3,15.0,fastf1
2021,4,2021-05-09,Spanish Grand Prix,,,leclerc,LEC,ferrari,Ferrari,4,4,12.0,fastf1
2021,4,2021-05-09,Spanish Grand Prix,,,perez,PER,red_bull,Red Bull Racing,8,5,10.0,fastf1
2021,4,2021-05-09,Spanish Grand Prix,,,ricciardo,RIC,mclaren,McLaren,7,6,8.0,fastf1
2021,4,2021-05-09,Spanish Grand Prix,,,sainz,SAI,ferrari,Ferrari,6,7,6.0,fastf1
2021,4,2021-05-09,Spanish Grand Prix,,,norris,NOR,mclaren,McLaren,9,8,4.0,fastf1
2021,4,2021-05-09,Spanish Grand Prix,,,ocon,OCO,alpine,Alpine,5,9,2.0,fastf1
2021,4,2021-05-09,Spanish Grand Prix,,,gasly,GAS,alphatauri,AlphaTauri,12,10,1.0,fastf1
2021,4,2021-05-09,Spanish Grand Prix,,,stroll,STR,aston_martin,Aston Martin,11,11,0.0,fastf1
2021,4,2021-05-09,Spanish Grand Prix,,,raikkonen,RAI,alfa,Alfa Romeo Racing,17,12,0.0,fastf1
2021,4,2021-05-09,Spanish Grand Prix,,,vettel,VET,aston_martin,Aston Martin,13,13,0.0,fastf1
2021,4,2021-05-09,Spanish Grand Prix,,,russell,RUS,williams,Williams,15,14,0.0,fastf1
2021,4,2021-05-09,Spanish Grand Prix,,,giovinazzi,GIO,alfa,Alfa Romeo Racing,14,15,0.0,fastf1
2021,4,2021-05-09,Spanish Grand Prix,,,latifi,LAT,williams,Williams,19,16,0.0,fastf1
2021,4,2021-05-09,Spanish Grand Prix,,,alonso,ALO,alpine,Alpine,10,17,0.0,fastf1
2021,4,2021-05-09,Spanish Grand Prix,,,mick_schumacher,MSC,haas,Haas F1 Team,18,18,0.0,fastf1
2021,4,2021-05-09,Spanish Grand Prix,,,mazepin,MAZ,haas,Haas F1 Team,20,19,0.0,fastf1
2021,4,2021-05-09,Spanish Grand Prix,,,tsunoda,TSU,alphatauri,AlphaTauri,16,20,0.0,fastf1
2021,5,2021-05-23,Monaco Grand Prix,,,max_verstappen,VER,red_bull,Red Bull Racing,2,1,25.0,fastf1
2021,5,2021-05-23,Monaco Grand Prix,,,sainz,SAI,ferrari,Ferrari,4,2,18.0,fastf1
2021,5,2021-05-23,Monaco Grand Prix,,,norris,NOR,mclaren,McLaren,5,3,15.0,fastf1
2021,5,2021-05-23,Monaco Grand Prix,,,perez,PER,red_bull,Red Bull Racing,9,4,12.0,fastf1
2021,5,2021-05-23,Monaco Grand Prix,,,vettel,VET,aston_martin,Aston Martin,8,5,10.0,fastf1
2021,5,2021-05-23,Monaco Grand Prix,,,gasly,GAS,alphatauri,AlphaTauri,6,6,8.0,fastf1
2021,5,2021-05-23,Monaco Grand Prix,,,hamilton,HAM,mercedes,Mercedes,7,7,7.0,fastf1
2021,5,2021-05-23,Monaco Grand Prix,,,stroll,STR,aston_martin,Aston Martin,13,8,4.0,fastf1
2021,5,2021-05-23,Monaco Grand Prix,,,ocon,OCO,alpine,Alpine,11,9,2.0,fastf1
2021,5,2021-05-23,Monaco Grand Prix,,,giovinazzi,GIO,alfa,Alfa Romeo Racing,10,10,1.0,fastf1
2021,5,2021-05-23,Monaco Grand Prix,,,raikkonen,RAI,alfa,Alfa Romeo Racing,14,11,0.0,fastf1
2021,5,2021-05-23,Monaco Grand Prix,,,ricciardo,RIC,mclaren,McLaren,12,12,0.0,fastf1
2021,5,2021-05-23,Monaco Grand Prix,,,alonso,ALO,alpine,Alpine,17,13,0.0,fastf1
2021,5,2021-05-23,Monaco Grand Prix,,,russell,RUS,williams,Williams,15,14,0.0,fastf1
2021,5,2021-05-23,Monaco Grand Prix,,,latifi,LAT,williams,Williams,18,15,0.0,fastf1
2021,5,2021-05-23,Monaco Grand Prix,,,tsunoda,TSU,alphatauri,AlphaTauri,16,16,0.0,fastf1
2021,5,2021-05-23,Monaco Grand Prix,,,mazepin,MAZ,haas,Haas F1 Team,19,17,0.0,fastf1
2021,5,2021-05-23,Monaco Grand Prix,,,mick_schumacher,MSC,haas,Haas F1 Team,20,18,0.0,fastf1
2021,5,2021-05-23,Monaco Grand Prix,,,bottas,BOT,mercedes,Mercedes,3,19,0.0,fastf1
2021,5,2021-05-23,Monaco Grand Prix,,,leclerc,LEC,ferrari,Ferrari,1,20,0.0,fastf1
2021,6,2021-06-06,Azerbaijan Grand Prix,,,perez,PER,red_bull,Red Bull Racing,6,1,25.0,fastf1
2021,6,2021-06-06,Azerbaijan Grand Prix,,,vettel,VET,aston_martin,Aston Martin,11,2,18.0,fastf1
2021,6,2021-06-06,Azerbaijan Grand Prix,,,gasly,GAS,alphatauri,AlphaTauri,4,3,15.0,fastf1
2021,6,2021-06-06,Azerbaijan Grand Prix,,,leclerc,LEC,ferrari,Ferrari,1,4,12.0,fastf1
2021,6,2021-06-06,Azerbaijan Grand Prix,,,norris,NOR,mclaren,McLaren,9,5,10.0,fastf1
2021,6,2021-06-06,Azerbaijan Grand Prix,,,alonso,ALO,alpine,Alpine,8,6,8.0,fastf1
2021,6,2021-06-06,Azerbaijan Grand Prix,,,tsunoda,TSU,alphatauri,AlphaTauri,7,7,6.0,fastf1
2021,6,2021-06-06,Azerbaijan Grand Prix,,,sainz,SAI,ferrari,Ferrari,5,8,4.0,fastf1
2021,6,2021-06-06,Azerbaijan Grand Prix,,,ricciardo,RIC,mclaren,McLaren,13,9,2.0,fastf1
2021,6,2021-06-06,Azerbaijan Grand Prix,,,raikkonen,RAI,alfa,Alfa Romeo Racing,14,10,1.0,fastf1
2021,6,2021-06-06,Azerbaijan Grand Prix,,,giovinazzi,GIO,alfa,Alfa Romeo Racing,20,11,0.0,fastf1
2021,6,2021-06-06,Azerbaijan Grand Prix,,,bottas,BOT,mercedes,Mercedes,10,12,0.0,fastf1
2021,6,2021-06-06,Azerbaijan Grand Prix,,,mick_schumacher,MSC,haas,Haas F1 Team,17,13,0.0,fastf1
2021,6,2021-06-06,Azerbaijan Grand Prix,,,mazepin,MAZ,haas,Haas F1 Team,18,14,0.0,fastf1
2021,6,2021-06-06,Azerbaijan Grand Prix,,,hamilton,HAM,mercedes,Mercedes,2,15,0.0,fastf1
2021,6,2021-06-06,Azerbaijan Grand Prix,,,latifi,LAT,williams,Williams,16,16,0.0,fastf1
2021,6,2021-06-06,Azerbaijan Grand Prix,,,russell,RUS,williams,Williams,15,17,0.0,fastf1
2021,6,2021-06-06,Azerbaijan Grand Prix,,,max_verstappen,VER,red_bull,Red Bull Racing,3,18,0.0,fastf1
2021,6,2021-06-06,Azerbaijan Grand Prix,,,stroll,STR,aston_martin,Aston Martin,19,19,0.0,fastf1
2021,6,2021-06-06,Azerbaijan Grand Prix,,,ocon,OCO,alpine,Alpine,12,20,0.0,fastf1
2021,7,2021-06-20,French Grand Prix,,,max_verstappen,VER,red_bull,Red Bull Racing,1,1,26.0,fastf1
2021,7,2021-06-20,French Grand Prix,,,hamilton,HAM,mercedes,Mercedes,2,2,18.0,fastf1
2021,7,2021-06-20,French Grand Prix,,,perez,PER,red_bull,Red Bull Racing,4,3,15.0,fastf1
2021,7,2021-06-20,French Grand Prix,,,bottas,BOT,mercedes,Mercedes,3,4,12.0,fastf1
2021,7,2021-06-20,French Grand Prix,,,norris,NOR,mclaren,McLaren,8,5,10.0,fastf1
2021,7,2021-06-20,French Grand Prix,,,ricciardo,RIC,mclaren,McLaren,10,6,8.0,fastf1
2021,7,2021-06-20,French Grand Prix,,,gasly,GAS,alphatauri,AlphaTauri,6,7,6.0,fastf1
2021,7,2021-06-20,French Grand Prix,,,alonso,ALO,alpine,Alpine,9,8,4.0,fastf1
2021,7,2021-06-20,French Grand Prix,,,vettel,VET,aston_martin,Aston Martin,12,9,2.0,fastf1
2021,7,2021-06-20,French Grand Prix,,,stroll,STR,aston_martin,Aston Martin,19,10,1.0,fastf1
2021,7,2021-06-20,French Grand Prix,,,sainz,SAI,ferrari,Ferrari,5,11,0.0,fastf1
2021,7,2021-06-20,French Grand Prix,,,russell,RUS,williams,Williams,14,12,0.0,fastf1
2021,7,2021-06-20,French Grand Prix,,,tsunoda,TSU,alphatauri,AlphaTauri,0,13,0.0,fastf1
2021,7,2021-06-20,French Grand Prix,,,ocon,OCO,alpine,Alpine,11,14,0.0,fastf1
2021,7,2021-06-20,French Grand Prix,,,giovinazzi,GIO,alfa,Alfa Romeo Racing,13,15,0.0,fastf1
2021,7,2021-06-20,French Grand Prix,,,leclerc,LEC,ferrari,Ferrari,7,16,0.0,fastf1
2021,7,2021-06-20,French Grand Prix,,,raikkonen,RAI,alfa,Alfa Romeo Racing,17,17,0.0,fastf1
2021,7,2021-06-20,French Grand Prix,,,latifi,LAT,williams,Williams,16,18,0.0,fastf1
2021,7,2021-06-20,French Grand Prix,,,mick_schumacher,MSC,haas,Haas F1 Team,15,19,0.0,fastf1
2021,7,2021-06-20,French Grand Prix,,,mazepin,MAZ,haas,Haas F1 Team,18,20,0.0,fastf1
2021,8,2021-06-27,Styrian Grand Prix,,,max_verstappen,VER,red_bull,Red Bull Racing,1,1,25.0,fastf1
2021,8,2021-06-27,Styrian Grand Prix,,,hamilton,HAM,mercedes,Mercedes,2,2,19.0,fastf1
2021,8,2021-06-27,Styrian Grand Prix,,,bottas,BOT,mercedes,Mercedes,5,3,15.0,fastf1
2021,8,2021-06-27,Styrian Grand Prix,,,perez,PER,red_bull,Red Bull Racing,4,4,12.0,fastf1
2021,8,2021-06-27,Styrian Grand Prix,,,norris,NOR,mclaren,McLaren,3,5,10.0,fastf1
2021,8,2021-06-27,Styrian Grand Prix,,,sainz,SAI,ferrari,Ferrari,12,6,8.0,fastf1
2021,8,2021-06-27,Styrian Grand Prix,,,leclerc,LEC,ferrari,Ferrari,7,7,6.0,fastf1
2021,8,2021-06-27,Styrian Grand Prix,,,stroll,STR,aston_martin,Aston Martin,9,8,4.0,fastf1
2021,8,2021-06-27,Styrian Grand Prix,,,alonso,ALO,alpine,Alpine,8,9,2.0,fastf1
2021,8,2021-06-27,Styrian Grand Prix,,,tsunoda,TSU,alphatauri,AlphaTauri,11,10,1.0,fastf1
2021,8,2021-06-27,Styrian Grand Prix,,,raikkonen,RAI,alfa,Alfa Romeo Racing,18,11,0.0,fastf1
2021,8,2021-06-27,Styrian Grand Prix,,,vettel,VET,aston_martin,Aston Martin,14,12,0.0,fastf1
2021,8,2021-06-27,Styrian Grand Prix,,,ricciardo,RIC,mclaren,McLaren,13,13,0.0,fastf1
2021,8,2021-06-27,Styrian Grand Prix,,,ocon,OCO,alpine,Alpine,17,14,0.0,fastf1
2021,8,2021-06-27,Styrian Grand Prix,,,giovinazzi,GIO,alfa,Alfa Romeo Racing,15,15,0.0,fastf1
2021,8,2021-06-27,Styrian Grand Prix,,,mick_schumacher,MSC,haas,Haas F1 Team,19,16,0.0,fastf1
2021,8,2021-06-27,Styrian Grand Prix,,,latifi,LAT,williams,Williams,16,17,0.0,fastf1
2021,8,2021-06-27,Styrian Grand Prix,,,mazepin,MAZ,haas,Haas F1 Team,20,18,0.0,fastf1
2021,8,2021-06-27,Styrian Grand Prix,,,russell,RUS,williams,Williams,10,19,0.0,fastf1
2021,8,2021-06-27,Styrian Grand Prix,,,gasly,GAS,alphatauri,AlphaTauri,6,20,0.0,fastf1
2021,9,2021-07-04,Austrian Grand Prix,,,max_verstappen,VER,red_bull,Red Bull Racing,1,1,26.0,fastf1
2021,9,2021-07-04,Austrian Grand Prix,,,bottas,BOT,mercedes,Mercedes,5,2,18.0,fastf1
2021,9,2021-07-04,Austrian Grand Prix,,,norris,NOR,mclaren,McLaren,2,3,15.0,fastf1
2021,9,2021-07-04,Austrian Grand Prix,,,hamilton,HAM,mercedes,Mercedes,4,4,12.0,fastf1
2021,9,2021-07-04,Austrian Grand Prix,,,sainz,SAI,ferrari,Ferrari,10,5,10.0,fastf1
2021,9,2021-07-04,Austrian Grand Prix,,,perez,PER,red_bull,Red Bull Racing,3,6,8.0,fastf1
2021,9,2021-07-04,Austrian Grand Prix,,,ricciardo,RIC,mclaren,McLaren,13,7,6.0,fastf1
2021,9,2021-07-04,Austrian Grand Prix,,,leclerc,LEC,ferrari,Ferrari,12,8,4.0,fastf1
2021,9,2021-07-04,Austrian Grand Prix,,,gasly,GAS,alphatauri,AlphaTauri,6,9,2.0,fastf1
2021,9,2021-07-04,Austrian Grand Prix,,,alonso,ALO,alpine,Alpine,14,10,1.0,fastf1
2021,9,2021-07-04,Austrian Grand Prix,,,russell,RUS,williams,Williams,8,11,0.0,fastf1
2021,9,2021-07-04,Austrian Grand Prix,,,tsunoda,TSU,alphatauri,AlphaTauri,7,12,0.0,fastf1
2021,9,2021-07-04,Austrian Grand Prix,,,stroll,STR,aston_martin,Aston Martin,9,13,0.0,fastf1
2021,9,2021-07-04,Austrian Grand Prix,,,giovinazzi,GIO,alfa,Alfa Romeo Racing,15,14,0.0,fastf1
2021,9,2021-07-04,Austrian Grand Prix,,,raikkonen,RAI,alfa,Alfa Romeo Racing,16,15,0.0,fastf1
2021,9,2021-07-04,Austrian Grand Prix,,,latifi,LAT,williams,Williams,18,16,0.0,fastf1
2021,9,2021-07-04,Austrian Grand Prix,,,vettel,VET,aston_martin,Aston Martin,11,17,0.0,fastf1
2021,9,2021-07-04,Austrian Grand Prix,,,mick_schumacher,MSC,haas,Haas F1 Team,19,18,0.0,fastf1
2021,9,2021-07-04,Austrian Grand Prix,,,mazepin,MAZ,haas,Haas F1 Team,20,19,0.0,fastf1
2021,9,2021-07-04,Austrian Grand Prix,,,ocon,OCO,alpine,Alpine,17,20,0.0,fastf1
2021,10,2021-07-18,British Grand Prix,,,hamilton,HAM,mercedes,Mercedes,2,1,25.0,fastf1
2021,10,2021-07-18,British Grand Prix,,,leclerc,LEC,ferrari,Ferrari,4,2,18.0,fastf1
2021,10,2021-07-18,British Grand Prix,,,bottas,BOT,mercedes,Mercedes,3,3,15.0,fastf1
2021,10,2021-07-18,British Grand Prix,,,norris,NOR,mclaren,McLaren,5,4,12.0,fastf1
2021,10,2021-07-18,British Grand Prix,,,ricciardo,RIC,mclaren,McLaren,6,5,10.0,fastf1
2021,10,2021-07-18,British Grand Prix,,,sainz,SAI,ferrari,Ferrari,10,6,8.0,fastf1
2021,10,2021-07-18,British Grand Prix,,,alonso,ALO,alpine,Alpine,7,7,6.0,fastf1
2021,10,2021-07-18,British Grand Prix,,,stroll,STR,aston_martin,Aston Martin,14,8,4.0,fastf1
2021,10,2021-07-18,British Grand Prix,,,ocon,OCO,alpine,Alpine,9,9,2.0,fastf1
2021,10,2021-07-18,British Grand Prix,,,tsunoda,TSU,alphatauri,AlphaTauri,16,10,1.0,fastf1
2021,10,2021-07-18,British Grand Prix,,,gasly,GAS,alphatauri,AlphaTauri,11,11,0.0,fastf1
2021,10,2021-07-18,British Grand Prix,,,russell,RUS,williams,Williams,12,12,0.0,fastf1
2021,10,2021-07-18,British Grand Prix,,,giovinazzi,GIO,alfa,Alfa Romeo Racing,15,13,0.0,fastf1
2021,10,2021-07-18,British Grand Prix,,,latifi,LAT,williams,Williams,17,14,0.0,fastf1
2021,10,2021-07-18,British Grand Prix,,,raikkonen,RAI,alfa,Alfa Romeo Racing,13,15,0.0,fastf1
2021,10,2021-07-18,British Grand Prix,,,perez,PER,red_bull,Red Bull Racing,0,16,0.0,fastf1
2021,10,2021-07-18,British Grand Prix,,,mazepin,MAZ,haas,Haas F1 Team,19,17,0.0,fastf1
2021,10,2021-07-18,British Grand Prix,,,mick_schumacher,MSC,haas,Haas F1 Team,18,18,0.0,fastf1
2021,10,2021-07-18,British Grand Prix,,,vettel,VET,aston_martin,Aston Martin,8,19,0.0,fastf1
2021,10,2021-07-18,British Grand Prix,,,max_verstappen,VER,red_bull,Red Bull Racing,1,20,0.0,fastf1
2021,11,2021-08-01,Hungarian Grand Prix,,,ocon,OCO,alpine,Alpine,8,1,25.0,fastf1
2021,11,2021-08-01,Hungarian Grand Prix,,,hamilton,HAM,mercedes,Mercedes,1,2,18.0,fastf1
2021,11,2021-08-01,Hungarian Grand Prix,,,sainz,SAI,ferrari,Ferrari,15,3,15.0,fastf1
2021,11,2021-08-01,Hungarian Grand Prix,,,alonso,ALO,alpine,Alpine,9,4,12.0,fastf1
2021,11,2021-08-01,Hungarian Grand Prix,,,gasly,GAS,alphatauri,AlphaTauri,5,5,11.0,fastf1
2021,11,2021-08-01,Hungarian Grand Prix,,,tsunoda,TSU,alphatauri,AlphaTauri,16,6,8.0,fastf1
2021,11,2021-08-01,Hungarian Grand Prix,,,latifi,LAT,williams,Williams,18,7,6.0,fastf1
2021,11,2021-08-01,Hungarian Grand Prix,,,russell,RUS,williams,Williams,17,8,4.0,fastf1
2021,11,2021-08-01,Hungarian Grand Prix,,,max_verstappen,VER,red_bull,Red Bull Racing,3,9,2.0,fastf1
2021,11,2021-08-01,Hungarian Grand Prix,,,raikkonen,RAI,alfa,Alfa Romeo Racing,13,10,1.0,fastf1
2021,11,2021-08-01,Hungarian Grand Prix,,,ricciardo,RIC,mclaren,McLaren,11,11,0.0,fastf1
2021,11,2021-08-01,Hungarian Grand Prix,,,mick_schumacher,MSC,haas,Haas F1 Team,20,12,0.0,fastf1
2021,11,2021-08-01,Hungarian Grand Prix,,,giovinazzi,GIO,alfa,Alfa Romeo Racing,0,13,0.0,fastf1
2021,11,2021-08-01,Hungarian Grand Prix,,,mazepin,MAZ,haas,Haas F1 Team,19,14,0.0,fastf1
2021,11,2021-08-01,Hungarian Grand Prix,,,norris,NOR,mclaren,McLaren,6,15,0.0,fastf1
2021,11,2021-08-01,Hungarian Grand Prix,,,bottas,BOT,mercedes,Mercedes,2,16,0.0,fastf1
2021,11,2021-08-01,Hungarian Grand Prix,,,perez,PER,red_bull,Red Bull Racing,4,17,0.0,fastf1
2021,11,2021-08-01,Hungarian Grand Prix,,,leclerc,LEC,ferrari,Ferrari,7,18,0.0,fastf1
2021,11,2021-08-01,Hungarian Grand Prix,,,stroll,STR,aston_martin,Aston Martin,12,19,0.0,fastf1
2021,11,2021-08-01,Hungarian Grand Prix,,,vettel,VET,aston_martin,Aston Martin,10,20,0.0,fastf1
2021,12,2021-08-29,Belgian Grand Prix,,,max_verstappen,VER,red_bull,Red Bull Racing,1,1,12.5,fastf1
2021,12,2021-08-29,Belgian Grand Prix,,,russell,RUS,williams,Williams,2,2,9.0,fastf1
2021,12,2021-08-29,Belgian Grand Prix,,,hamilton,HAM,mercedes,Mercedes,3,3,7.5,fastf1
2021,12,2021-08-29,Belgian Grand Prix,,,ricciardo,RIC,mclaren,McLaren,4,4,6.0,fastf1
2021,12,2021-08-29,Belgian Grand Prix,,,vettel,VET,aston_martin,Aston Martin,5,5,5.0,fastf1
2021,12,2021-08-29,Belgian Grand Prix,,,gasly,GAS,alphatauri,AlphaTauri,6,6,4.0,fastf1
2021,12,2021-08-29,Belgian Grand Prix,,,ocon,OCO,alpine,Alpine,8,7,3.0,fastf1
2021,12,2021-08-29,Belgian Grand Prix,,,leclerc,LEC,ferrari,Ferrari,9,8,2.0,fastf1
2021,12,2021-08-29,Belgian Grand Prix,,,latifi,LAT,williams,Williams,10,9,1.0,fastf1
2021,12,2021-08-29,Belgian Grand Prix,,,sainz,SAI,ferrari,Ferrari,11,10,0.5,fastf1
2021,12,2021-08-29,Belgian Grand Prix,,,alonso,ALO,alpine,Alpine,12,11,0.0,fastf1
2021,12,2021-08-29,Belgian Grand Prix,,,bottas,BOT,mercedes,Mercedes,13,12,0.0,fastf1
2021,12,2021-08-29,Belgian Grand Prix,,,giovinazzi,GIO,alfa,Alfa Romeo Racing,14,13,0.0,fastf1
2021,12,2021-08-29,Belgian Grand Prix,,,norris,NOR,mclaren,McLaren,15,14,0.0,fastf1
2021,12,2021-08-29,Belgian Grand Prix,,,tsunoda,TSU,alphatauri,AlphaTauri,16,15,0.0,fastf1
2021,12,2021-08-29,Belgian Grand Prix,,,mick_schumacher,MSC,haas,Haas F1 Team,17,16,0.0,fastf1
2021,12,2021-08-29,Belgian Grand Prix,,,mazepin,MAZ,haas,Haas F1 Team,18,17,0.0,fastf1
2021,12,2021-08-29,Belgian Grand Prix,,,raikkonen,RAI,alfa,Alfa Romeo Racing,0,18,0.0,fastf1
2021,12,2021-08-29,Belgian Grand Prix,,,perez,PER,red_bull,Red Bull Racing,0,19,0.0,fastf1
2021,12,2021-08-29,Belgian Grand Prix,,,stroll,STR,aston_martin,Aston Martin,19,20,0.0,fastf1
2021,13,2021-09-05,Dutch Grand Prix,,,max_verstappen,VER,red_bull,Red Bull Racing,1,1,25.0,fastf1
2021,13,2021-09-05,Dutch Grand Prix,,,hamilton,HAM,mercedes,Mercedes,2,2,19.0,fastf1
2021,13,2021-09-05,Dutch Grand Prix,,,bottas,BOT,mercedes,Mercedes,3,3,15.0,fastf1
2021,13,2021-09-05,Dutch Grand Prix,,,gasly,GAS,alphatauri,AlphaTauri,4,4,12.0,fastf1
2021,13,2021-09-05,Dutch Grand Prix,,,leclerc,LEC,ferrari,Ferrari,5,5,10.0,fastf1
2021,13,2021-09-05,Dutch Grand Prix,,,alonso,ALO,alpine,Alpine,9,6,8.0,fastf1
2021,13,2021-09-05,Dutch Grand Prix,,,sainz,SAI,ferrari,Ferrari,6,7,6.0,fastf1
2021,13,2021-09-05,Dutch Grand Prix,,,perez,PER,red_bull,Red Bull Racing,0,8,4.0,fastf1
2021,13,2021-09-05,Dutch Grand Prix,,,ocon,OCO,alpine,Alpine,8,9,2.0,fastf1
2021,13,2021-09-05,Dutch Grand Prix,,,norris,NOR,mclaren,McLaren,13,10,1.0,fastf1
2021,13,2021-09-05,Dutch Grand Prix,,,ricciardo,RIC,mclaren,McLaren,10,11,0.0,fastf1
2021,13,2021-09-05,Dutch Grand Prix,,,stroll,STR,aston_martin,Aston Martin,12,12,0.0,fastf1
2021,13,2021-09-05,Dutch Grand Prix,,,vettel,VET,aston_martin,Aston Martin,15,13,0.0,fastf1
2021,13,2021-09-05,Dutch Grand Prix,,,giovinazzi,GIO,alfa,Alfa Romeo Racing,7,14,0.0,fastf1
2021,13,2021-09-05,Dutch Grand Prix,,,kubica,KUB,alfa,Alfa Romeo Racing,16,15,0.0,fastf1
2021,13,2021-09-05,Dutch Grand Prix,,,latifi,LAT,williams,Williams,0,16,0.0,fastf1
2021,13,2021-09-05,Dutch Grand Prix,,,russell,RUS,williams,Williams,11,17,0.0,fastf1
2021,13,2021-09-05,Dutch Grand Prix,,,mick_schumacher,MSC,haas,Haas F1 Team,17,18,0.0,fastf1
2021,13,2021-09-05,Dutch Grand Prix,,,tsunoda,TSU,alphatauri,AlphaTauri,14,19,0.0,fastf1
2021,13,2021-09-05,Dutch Grand Prix,,,mazepin,MAZ,haas,Haas F1 Team,18,20,0.0,fastf1
2021,14,2021-09-12,Italian Grand Prix,,,ricciardo,RIC,mclaren,McLaren,2,1,26.0,fastf1
2021,14,2021-09-12,Italian Grand Prix,,,norris,NOR,mclaren,McLaren,3,2,18.0,fastf1
2021,14,2021-09-12,Italian Grand Prix,,,bottas,BOT,mercedes,Mercedes,19,3,15.0,fastf1
2021,14,2021-09-12,Italian Grand Prix,,,leclerc,LEC,ferrari,Ferrari,5,4,12.0,fastf1
2021,14,2021-09-12,Italian Grand Prix,,,perez,PER,red_bull,Red Bull Racing,8,5,10.0,fastf1
2021,14,2021-09-12,Italian Grand Prix,,,sainz,SAI,ferrari,Ferrari,6,6,8.0,fastf1
2021,14,2021-09-12,Italian Grand Prix,,,stroll,STR,aston_martin,Aston Martin,9,7,6.0,fastf1
2021,14,2021-09-12,Italian Grand Prix,,,alonso,ALO,alpine,Alpine,10,8,4.0,fastf1
2021,14,2021-09-12,Italian Grand Prix,,,russell,RUS,williams,Williams,14,9,2.0,fastf1
2021,14,2021-09-12,Italian Grand Prix,,,ocon,OCO,alpine,Alpine,12,10,1.0,fastf1
2021,14,2021-09-12,Italian Grand Prix,,,latifi,LAT,williams,Williams,13,11,0.0,fastf1
2021,14,2021-09-12,Italian Grand Prix,,,vettel,VET,aston_martin,Aston Martin,11,12,0.0,fastf1
2021,14,2021-09-12,Italian Grand Prix,,,giovinazzi,GIO,alfa,Alfa Romeo Racing,7,13,0.0,fastf1
2021,14,2021-09-12,Italian Grand Prix,,,kubica,KUB,alfa,Alfa Romeo Racing,17,14,0.0,fastf1
2021,14,2021-09-12,Italian Grand Prix,,,mick_schumacher,MSC,haas,Haas F1 Team,18,15,0.0,fastf1
2021,14,2021-09-12,Italian Grand Prix,,,mazepin,MAZ,haas,Haas F1 Team,16,16,0.0,fastf1
2021,14,2021-09-12,Italian Grand Prix,,,hamilton,HAM,mercedes,Mercedes,4,17,0.0,fastf1
2021,14,2021-09-12,Italian Grand Prix,,,max_verstappen,VER,red_bull,Red Bull Racing,1,18,0.0,fastf1
2021,14,2021-09-12,Italian Grand Prix,,,gasly,GAS,alphatauri,AlphaTauri,0,19,0.0,fastf1
2021,14,2021-09-12,Italian Grand Prix,,,tsunoda,TSU,alphatauri,AlphaTauri,0,20,0.0,fastf1
2021,15,2021-09-26,Russian Grand Prix,,,hamilton,HAM,mercedes,Mercedes,4,1,25.0,fastf1
2021,15,2021-09-26,Russian Grand Prix,,,max_verstappen,VER,red_bull,Red Bull Racing,20,2,18.0,fastf1
2021,15,2021-09-26,Russian Grand Prix,,,sainz,SAI,ferrari,Ferrari,2,3,15.0,fastf1
2021,15,2021-09-26,Russian Grand Prix,,,ricciardo,RIC,mclaren,McLaren,5,4,12.0,fastf1
2021,15,2021-09-26,Russian Grand Prix,,,bottas,BOT,mercedes,Mercedes,16,5,10.0,fastf1
2021,15,2021-09-26,Russian Grand Prix,,,alonso,ALO,alpine,Alpine,6,6,8.0,fastf1
2021,15,2021-09-26,Russian Grand Prix,,,norris,NOR,mclaren,McLaren,1,7,7.0,fastf1
2021,15,2021-09-26,Russian Grand Prix,,,raikkonen,RAI,alfa,Alfa Romeo Racing,13,8,4.0,fastf1
2021,15,2021-09-26,Russian Grand Prix,,,perez,PER,red_bull,Red Bull Racing,8,9,2.0,fastf1
2021,15,2021-09-26,Russian Grand Prix,,,russell,RUS,williams,Williams,3,10,1.0,fastf1
2021,15,2021-09-26,Russian Grand Prix,,,stroll,STR,aston_martin,Aston Martin,7,11,0.0,fastf1
2021,15,2021-09-26,Russian Grand Prix,,,vettel,VET,aston_martin,Aston Martin,10,12,0.0,fastf1
2021,15,2021-09-26,Russian Grand Prix,,,gasly,GAS,alphatauri,AlphaTauri,11,13,0.0,fastf1
2021,15,2021-09-26,Russian Grand Prix,,,ocon,OCO,alpine,Alpine,9,14,0.0,fastf1
2021,15,2021-09-26,Russian Grand Prix,,,leclerc,LEC,ferrari,Ferrari,19,15,0.0,fastf1
2021,15,2021-09-26,Russian Grand Prix,,,giovinazzi,GIO,alfa,Alfa Romeo Racing,17,16,0.0,fastf1
2021,15,2021-09-26,Russian Grand Prix,,,tsunoda,TSU,alphatauri,AlphaTauri,12,17,0.0,fastf1
2021,15,2021-09-26,Russian Grand Prix,,,mazepin,MAZ,haas,Haas F1 Team,15,18,0.0,fastf1
2021,15,2021-09-26,Russian Grand Prix,,,latifi,LAT,williams,Williams,18,19,0.0,fastf1
2021,15,2021-09-26,Russian Grand Prix,,,mick_schumacher,MSC,haas,Haas F1 Team,14,20,0.0,fastf1
2021,16,2021-10-10,Turkish Grand Prix,,,bottas,BOT,mercedes,Mercedes,1,1,26.0,fastf1
2021,16,2021-10-10,Turkish Grand Prix,,,max_verstappen,VER,red_bull,Red Bull Racing,2,2,18.0,fastf1
2021,16,2021-10-10,Turkish Grand Prix,,,perez,PER,red_bull,Red Bull Racing,6,3,15.0,fastf1
2021,16,2021-10-10,Turkish Grand Prix,,,leclerc,LEC,ferrari,Ferrari,3,4,12.0,fastf1
2021,16,2021-10-10,Turkish Grand Prix,,,hamilton,HAM,mercedes,Mercedes,11,5,10.0,fastf1
2021,16,2021-10-10,Turkish Grand Prix,,,gasly,GAS,alphatauri,AlphaTauri,4,6,8.0,fastf1
2021,16,2021-10-10,Turkish Grand Prix,,,norris,NOR,mclaren,McLaren,7,7,6.0,fastf1
2021,16,2021-10-10,Turkish Grand Prix,,,sainz,SAI,ferrari,Ferrari,19,8,4.0,fastf1
2021,16,2021-10-10,Turkish Grand Prix,,,stroll,STR,aston_martin,Aston Martin,8,9,2.0,fastf1
2021,16,2021-10-10,Turkish Grand Prix,,,ocon,OCO,alpine,Alpine,12,10,1.0,fastf1
2021,16,2021-10-10,Turkish Grand Prix,,,giovinazzi,GIO,alfa,Alfa Romeo Racing,16,11,0.0,fastf1
2021,16,2021-10-10,Turkish Grand Prix,,,raikkonen,RAI,alfa,Alfa Romeo Racing,17,12,0.0,fastf1
2021,16,2021-10-10,Turkish Grand Prix,,,ricciardo,RIC,mclaren,McLaren,20,13,0.0,fastf1
2021,16,2021-10-10,Turkish Grand Prix,,,tsunoda,TSU,alphatauri,AlphaTauri,9,14,0.0,fastf1
2021,16,2021-10-10,Turkish Grand Prix,,,russell,RUS,williams,Williams,13,15,0.0,fastf1
2021,16,2021-10-10,Turkish Grand Prix,,,alonso,ALO,alpine,Alpine,5,16,0.0,fastf1
2021,16,2021-10-10,Turkish Grand Prix,,,latifi,LAT,williams,Williams,15,17,0.0,fastf1
2021,16,2021-10-10,Turkish Grand Prix,,,vettel,VET,aston_martin,Aston Martin,10,18,0.0,fastf1
2021,16,2021-10-10,Turkish Grand Prix,,,mick_schumacher,MSC,haas,Haas F1 Team,14,19,0.0,fastf1
2021,16,2021-10-10,Turkish Grand Prix,,,mazepin,MAZ,haas,Haas F1 Team,18,20,0.0,fastf1
2021,17,2021-10-24,United States Grand Prix,,,max_verstappen,VER,red_bull,Red Bull Racing,1,1,25.0,fastf1
2021,17,2021-10-24,United States Grand Prix,,,hamilton,HAM,mercedes,Mercedes,2,2,19.0,fastf1
2021,17,2021-10-24,United States Grand Prix,,,perez,PER,red_bull,Red Bull Racing,3,3,15.0,fastf1
2021,17,2021-10-24,United States Grand Prix,,,leclerc,LEC,ferrari,Ferrari,4,4,12.0,fastf1
2021,17,2021-10-24,United States Grand Prix,,,ricciardo,RIC,mclaren,McLaren,6,5,10.0,fastf1
2021,17,2021-10-24,United States Grand Prix,,,bottas,BOT,mercedes,Mercedes,9,6,8.0,fastf1
2021,17,2021-10-24,United States Grand Prix,,,sainz,SAI,ferrari,Ferrari,5,7,6.0,fastf1
2021,17,2021-10-24,United States Grand Prix,,,norris,NOR,mclaren,McLaren,7,8,4.0,fastf1
2021,17,2021-10-24,United States Grand Prix,,,tsunoda,TSU,alphatauri,AlphaTauri,10,9,2.0,fastf1
2021,17,2021-10-24,United States Grand Prix,,,vettel,VET,aston_martin,Aston Martin,18,10,1.0,fastf1
2021,17,2021-10-24,United States Grand Prix,,,giovinazzi,GIO,alfa,Alfa Romeo Racing,12,11,0.0,fastf1
2021,17,2021-10-24,United States Grand Prix,,,stroll,STR,aston_martin,Aston Martin,13,12,0.0,fastf1
2021,17,2021-10-24,United States Grand Prix,,,raikkonen,RAI,alfa,Alfa Romeo Racing,15,13,0.0,fastf1
2021,17,2021-10-24,United States Grand Prix,,,russell,RUS,williams,Williams,20,14,0.0,fastf1
2021,17,2021-10-24,United States Grand Prix,,,latifi,LAT,williams,Williams,14,15,0.0,fastf1
2021,17,2021-10-24,United States Grand Prix,,,mick_schumacher,MSC,haas,Haas F1 Team,16,16,0.0,fastf1
2021,17,2021-10-24,United States Grand Prix,,,mazepin,MAZ,haas,Haas F1 Team,17,17,0.0,fastf1
2021,17,2021-10-24,United States Grand Prix,,,alonso,ALO,alpine,Alpine,19,18,0.0,fastf1
2021,17,2021-10-24,United States Grand Prix,,,ocon,OCO,alpine,Alpine,11,19,0.0,fastf1
2021,17,2021-10-24,United States Grand Prix,,,gasly,GAS,alphatauri,AlphaTauri,8,20,0.0,fastf1
2021,18,2021-11-07,Mexico City Grand Prix,,,max_verstappen,VER,red_bull,Red Bull Racing,3,1,25.0,fastf1
2021,18,2021-11-07,Mexico City Grand Prix,,,hamilton,HAM,mercedes,Mercedes,2,2,18.0,fastf1
2021,18,2021-11-07,Mexico City Grand Prix,,,perez,PER,red_bull,Red Bull Racing,4,3,15.0,fastf1
2021,18,2021-11-07,Mexico City Grand Prix,,,gasly,GAS,alphatauri,AlphaTauri,5,4,12.0,fastf1
2021,18,2021-11-07,Mexico City Grand Prix,,,leclerc,LEC,ferrari,Ferrari,8,5,10.0,fastf1
2021,18,2021-11-07,Mexico City Grand Prix,,,sainz,SAI,ferrari,Ferrari,6,6,8.0,fastf1
2021,18,2021-11-07,Mexico City Grand Prix,,,vettel,VET,aston_martin,Aston Martin,9,7,6.0,fastf1
2021,18,2021-11-07,Mexico City Grand Prix,,,raikkonen,RAI,alfa,Alfa Romeo Racing,10,8,4.0,fastf1
2021,18,2021-11-07,Mexico City Grand Prix,,,alonso,ALO,alpine,Alpine,12,9,2.0,fastf1
2021,18,2021-11-07,Mexico City Grand Prix,,,norris,NOR,mclaren,McLaren,18,10,1.0,fastf1
2021,18,2021-11-07,Mexico City Grand Prix,,,giovinazzi,GIO,alfa,Alfa Romeo Racing,11,11,0.0,fastf1
2021,18,2021-11-07,Mexico City Grand Prix,,,ricciardo,RIC,mclaren,McLaren,7,12,0.0,fastf1
2021,18,2021-11-07,Mexico City Grand Prix,,,ocon,OCO,alpine,Alpine,19,13,0.0,fastf1
2021,18,2021-11-07,Mexico City Grand Prix,,,stroll,STR,aston_martin,Aston Martin,20,14,0.0,fastf1
2021,18,2021-11-07,Mexico City Grand Prix,,,bottas,BOT,mercedes,Mercedes,1,15,0.0,fastf1
2021,18,2021-11-07,Mexico City Grand Prix,,,russell,RUS,williams,Williams,16,16,0.0,fastf1
2021,18,2021-11-07,Mexico City Grand Prix,,,latifi,LAT,williams,Williams,13,17,0.0,fastf1
2021,18,2021-11-07,Mexico City Grand Prix,,,mazepin,MAZ,haas,Haas F1 Team,15,18,0.0,fastf1
2021,18,2021-11-07,Mexico City Grand Prix,,,mick_schumacher,MSC,haas,Haas F1 Team,14,19,0.0,fastf1
2021,18,2021-11-07,Mexico City Grand Prix,,,tsunoda,TSU,alphatauri,AlphaTauri,17,20,0.0,fastf1
2021,19,2021-11-14,São Paulo Grand Prix,,,hamilton,HAM,mercedes,Mercedes,10,1,25.0,fastf1
2021,19,2021-11-14,São Paulo Grand Prix,,,max_verstappen,VER,red_bull,Red Bull Racing,2,2,18.0,fastf1
2021,19,2021-11-14,São Paulo Grand Prix,,,bottas,BOT,mercedes,Mercedes,1,3,15.0,fastf1
2021,19,2021-11-14,São Paulo Grand Prix,,,perez,PER,red_bull,Red Bull Racing,4,4,13.0,fastf1
2021,19,2021-11-14,São Paulo Grand Prix,,,leclerc,LEC,ferrari,Ferrari,6,5,10.0,fastf1
2021,19,2021-11-14,São Paulo Grand Prix,,,sainz,SAI,ferrari,Ferrari,3,6,8.0,fastf1
2021,19,2021-11-14,São Paulo Grand Prix,,,gasly,GAS,alphatauri,AlphaTauri,7,7,6.0,fastf1
2021,19,2021-11-14,São Paulo Grand Prix,,,ocon,OCO,alpine,Alpine,8,8,4.0,fastf1
2021,19,2021-11-14,São Paulo Grand Prix,,,alonso,ALO,alpine,Alpine,12,9,2.0,fastf1
2021,19,2021-11-14,São Paulo Grand Prix,,,norris,NOR,mclaren,McLaren,5,10,1.0,fastf1
2021,19,2021-11-14,São Paulo Grand Prix,,,vettel,VET,aston_martin,Aston Martin,9,11,0.0,fastf1
2021,19,2021-11-14,São Paulo Grand Prix,,,raikkonen,RAI,alfa,Alfa Romeo Racing,0,12,0.0,fastf1
2021,19,2021-11-14,São Paulo Grand Prix,,,russell,RUS,williams,Williams,17,13,0.0,fastf1
2021,19,2021-11-14,São Paulo Grand Prix,,,giovinazzi,GIO,alfa,Alfa Romeo Racing,13,14,0.0,fastf1
2021,19,2021-11-14,São Paulo Grand Prix,,,tsunoda,TSU,alphatauri,AlphaTauri,15,15,0.0,fastf1
2021,19,2021-11-14,São Paulo Grand Prix,,,latifi,LAT,williams,Williams,16,16,0.0,fastf1
2021,19,2021-11-14,São Paulo Grand Prix,,,mazepin,MAZ,haas,Haas F1 Team,19,17,0.0,fastf1
2021,19,2021-11-14,São Paulo Grand Prix,,,mick_schumacher,MSC,haas,Haas F1 Team,18,18,0.0,fastf1
2021,19,2021-11-14,São Paulo Grand Prix,,,ricciardo,RIC,mclaren,McLaren,11,19,0.0,fastf1
2021,19,2021-11-14,São Paulo Grand Prix,,,stroll,STR,aston_martin,Aston Martin,14,20,0.0,fastf1
2021,20,2021-11-21,Qatar Grand Prix,,,hamilton,HAM,mercedes,Mercedes,1,1,25.0,fastf1
2021,20,2021-11-21,Qatar Grand Prix,,,max_verstappen,VER,red_bull,Red Bull Racing,7,2,19.0,fastf1
2021,20,2021-11-21,Qatar Grand Prix,,,alonso,ALO,alpine,Alpine,3,3,15.0,fastf1
2021,20,2021-11-21,Qatar Grand Prix,,,perez,PER,red_bull,Red Bull Racing,11,4,12.0,fastf1
2021,20,2021-11-21,Qatar Grand Prix,,,ocon,OCO,alpine,Alpine,9,5,10.0,fastf1
2021,20,2021-11-21,Qatar Grand Prix,,,stroll,STR,aston_martin,Aston Martin,12,6,8.0,fastf1
2021,20,2021-11-21,Qatar Grand Prix,,,sainz,SAI,ferrari,Ferrari,5,7,6.0,fastf1
2021,20,2021-11-21,Qatar Grand Prix,,,leclerc,LEC,ferrari,Ferrari,13,8,4.0,fastf1
2021,20,2021-11-21,Qatar Grand Prix,,,norris,NOR,mclaren,McLaren,4,9,2.0,fastf1
2021,20,2021-11-21,Qatar Grand Prix,,,vettel,VET,aston_martin,Aston Martin,10,10,1.0,fastf1
2021,20,2021-11-21,Qatar Grand Prix,,,gasly,GAS,alphatauri,AlphaTauri,2,11,0.0,fastf1
2021,20,2021-11-21,Qatar Grand Prix,,,ricciardo,RIC,mclaren,McLaren,14,12,0.0,fastf1
2021,20,2021-11-21,Qatar Grand Prix,,,tsunoda,TSU,alphatauri,AlphaTauri,8,13,0.0,fastf1
2021,20,2021-11-21,Qatar Grand Prix,,,raikkonen,RAI,alfa,Alfa Romeo Racing,16,14,0.0,fastf1
2021,20,2021-11-21,Qatar Grand Prix,,,giovinazzi,GIO,alfa,Alfa Romeo Racing,18,15,0.0,fastf1
2021,20,2021-11-21,Qatar Grand Prix,,,mick_schumacher,MSC,haas,Haas F1 Team,19,16,0.0,fastf1
2021,20,2021-11-21,Qatar Grand Prix,,,russell,RUS,williams,Williams,15,17,0.0,fastf1
2021,20,2021-11-21,Qatar Grand Prix,,,mazepin,MAZ,haas,Haas F1 Team,20,18,0.0,fastf1
2021,20,2021-11-21,Qatar Grand Prix,,,latifi,LAT,williams,Williams,17,19,0.0,fastf1
2021,20,2021-11-21,Qatar Grand Prix,,,bottas,BOT,mercedes,Mercedes,6,20,0.0,fastf1
2021,21,2021-12-05,Saudi Arabian Grand Prix,,,hamilton,HAM,mercedes,Mercedes,1,1,26.0,fastf1
2021,21,2021-12-05,Saudi Arabian Grand Prix,,,max_verstappen,VER,red_bull,Red Bull Racing,3,2,18.0,fastf1
2021,21,2021-12-05,Saudi Arabian Grand Prix,,,bottas,BOT,mercedes,Mercedes,2,3,15.0,fastf1
2021,21,2021-12-05,Saudi Arabian Grand Prix,,,ocon,OCO,alpine,Alpine,9,4,12.0,fastf1
2021,21,2021-12-05,Saudi Arabian Grand Prix,,,ricciardo,RIC,mclaren,McLaren,11,5,10.0,fastf1
2021,21,2021-12-05,Saudi Arabian Grand Prix,,,gasly,GAS,alphatauri,AlphaTauri,6,6,8.0,fastf1
2021,21,2021-12-05,Saudi Arabian Grand Prix,,,leclerc,LEC,ferrari,Ferrari,4,7,6.0,fastf1
2021,21,2021-12-05,Saudi Arabian Grand Prix,,,sainz,SAI,ferrari,Ferrari,15,8,4.0,fastf1
2021,21,2021-12-05,Saudi Arabian Grand Prix,,,giovinazzi,GIO,alfa,Alfa Romeo Racing,10,9,2.0,fastf1
2021,21,2021-12-05,Saudi Arabian Grand Prix,,,norris,NOR,mclaren,McLaren,7,10,1.0,fastf1
2021,21,2021-12-05,Saudi Arabian Grand Prix,,,stroll,STR,aston_martin,Aston Martin,18,11,0.0,fastf1
2021,21,2021-12-05,Saudi Arabian Grand Prix,,,latifi,LAT,williams,Williams,16,12,0.0,fastf1
2021,21,2021-12-05,Saudi Arabian Grand Prix,,,alonso,ALO,alpine,Alpine,13,13,0.0,fastf1
2021,21,2021-12-05,Saudi Arabian Grand Prix,,,tsunoda,TSU,alphatauri,AlphaTauri,8,14,0.0,fastf1
2021,21,2021-12-05,Saudi Arabian Grand Prix,,,raikkonen,RAI,alfa,Alfa Romeo Racing,12,15,0.0,fastf1
2021,21,2021-12-05,Saudi Arabian Grand Prix,,,vettel,VET,aston_martin,Aston Martin,17,16,0.0,fastf1
2021,21,2021-12-05,Saudi Arabian Grand Prix,,,perez,PER,red_bull,Red Bull Racing,5,17,0.0,fastf1
2021,21,2021-12-05,Saudi Arabian Grand Prix,,,mazepin,MAZ,haas,Haas F1 Team,20,18,0.0,fastf1
2021,21,2021-12-05,Saudi Arabian Grand Prix,,,russell,RUS,williams,Williams,14,19,0.0,fastf1
2021,21,2021-12-05,Saudi Arabian Grand Prix,,,mick_schumacher,MSC,haas,Haas F1 Team,19,20,0.0,fastf1
2021,22,2021-12-12,Abu Dhabi Grand Prix,,,max_verstappen,VER,red_bull,Red Bull Racing,1,1,26.0,fastf1
2021,22,2021-12-12,Abu Dhabi Grand Prix,,,hamilton,HAM,mercedes,Mercedes,2,2,18.0,fastf1
2021,22,2021-12-12,Abu Dhabi Grand Prix,,,sainz,SAI,ferrari,Ferrari,5,3,15.0,fastf1
2021,22,2021-12-12,Abu Dhabi Grand Prix,,,tsunoda,TSU,alphatauri,AlphaTauri,8,4,12.0,fastf1
2021,22,2021-12-12,Abu Dhabi Grand Prix,,,gasly,GAS,alphatauri,AlphaTauri,12,5,10.0,fastf1
2021,22,2021-12-12,Abu Dhabi Grand Prix,,,bottas,BOT,mercedes,Mercedes,6,6,8.0,fastf1
2021,22,2021-12-12,Abu Dhabi Grand Prix,,,norris,NOR,mclaren,McLaren,3,7,6.0,fastf1
2021,22,2021-12-12,Abu Dhabi Grand Prix,,,alonso,ALO,alpine,Alpine,11,8,4.0,fastf1
2021,22,2021-12-12,Abu Dhabi Grand Prix,,,ocon,OCO,alpine,Alpine,9,9,2.0,fastf1
2021,22,2021-12-12,Abu Dhabi Grand Prix,,,leclerc,LEC,ferrari,Ferrari,7,10,1.0,fastf1
2021,22,2021-12-12,Abu Dhabi Grand Prix,,,vettel,VET,aston_martin,Aston Martin,15,11,0.0,fastf1
2021,22,2021-12-12,Abu Dhabi Grand Prix,,,ricciardo,RIC,mclaren,McLaren,10,12,0.0,fastf1
2021,22,2021-12-12,Abu Dhabi Grand Prix,,,stroll,STR,aston_martin,Aston Martin,13,13,0.0,fastf1
2021,22,2021-12-12,Abu Dhabi Grand Prix,,,mick_schumacher,MSC,haas,Haas F1 Team,19,14,0.0,fastf1
2021,22,2021-12-12,Abu Dhabi Grand Prix,,,perez,PER,red_bull,Red Bull Racing,4,15,0.0,fastf1
2021,22,2021-12-12,Abu Dhabi Grand Prix,,,latifi,LAT,williams,Williams,16,16,0.0,fastf1
2021,22,2021-12-12,Abu Dhabi Grand Prix,,,giovinazzi,GIO,alfa,Alfa Romeo Racing,14,17,0.0,fastf1
2021,22,2021-12-12,Abu Dhabi Grand Prix,,,russell,RUS,williams,Williams,17,18,0.0,fastf1
2021,22,2021-12-12,Abu Dhabi Grand Prix,,,raikkonen,RAI,alfa,Alfa Romeo Racing,18,19,0.0,fastf1
2021,22,2021-12-12,Abu Dhabi Grand Prix,,,mazepin,MAZ,haas,Haas F1 Team,,,0.0,fastf1
2022,1,2022-03-20,Bahrain Grand Prix,,,leclerc,LEC,ferrari,Ferrari,1,1,26.0,fastf1
2022,1,2022-03-20,Bahrain Grand Prix,,,sainz,SAI,ferrari,Ferrari,3,2,18.0,fastf1
2022,1,2022-03-20,Bahrain Grand Prix,,,hamilton,HAM,mercedes,Mercedes,5,3,15.0,fastf1
2022,1,2022-03-20,Bahrain Grand Prix,,,russell,RUS,mercedes,Mercedes,9,4,12.0,fastf1
2022,1,2022-03-20,Bahrain Grand Prix,,,kevin_magnussen,MAG,haas,Haas F1 Team,7,5,10.0,fastf1
2022,1,2022-03-20,Bahrain Grand Prix,,,bottas,BOT,alfa,Alfa Romeo,6,6,8.0,fastf1
2022,1,2022-03-20,Bahrain Grand Prix,,,ocon,OCO,alpine,Alpine,11,7,6.0,fastf1
2022,1,2022-03-20,Bahrain Grand Prix,,,tsunoda,TSU,alphatauri,AlphaTauri,16,8,4.0,fastf1
2022,1,2022-03-20,Bahrain Grand Prix,,,alonso,ALO,alpine,Alpine,8,9,2.0,fastf1
2022,1,2022-03-20,Bahrain Grand Prix,,,zhou,ZHO,alfa,Alfa Romeo,15,10,1.0,fastf1
2022,1,2022-03-20,Bahrain Grand Prix,,,mick_schumacher,MSC,haas,Haas F1 Team,12,11,0.0,fastf1
2022,1,2022-03-20,Bahrain Grand Prix,,,stroll,STR,aston_martin,Aston Martin,19,12,0.0,fastf1
2022,1,2022-03-20,Bahrain Grand Prix,,,albon,ALB,williams,Williams,14,13,0.0,fastf1
2022,1,2022-03-20,Bahrain Grand Prix,,,ricciardo,RIC,mclaren,McLaren,18,14,0.0,fastf1
2022,1,2022-03-20,Bahrain Grand Prix,,,norris,NOR,mclaren,McLaren,13,15,0.0,fastf1
2022,1,2022-03-20,Bahrain Grand Prix,,,latifi,LAT,williams,Williams,20,16,0.0,fastf1
2022,1,2022-03-20,Bahrain Grand Prix,,,hulkenberg,HUL,aston_martin,Aston Martin,17,17,0.0,fastf1
2022,1,2022-03-20,Bahrain Grand Prix,,,perez,PER,red_bull,Red Bull Racing,4,18,0.0,fastf1
2022,1,2022-03-20,Bahrain Grand Prix,,,max_verstappen,VER,red_bull,Red Bull Racing,2,19,0.0,fastf1
2022,1,2022-03-20,Bahrain Grand Prix,,,gasly,GAS,alphatauri,AlphaTauri,10,20,0.0,fastf1
2022,2,2022-03-27,Saudi Arabian Grand Prix,,,max_verstappen,VER,red_bull,Red Bull Racing,4,1,25.0,fastf1
2022,2,2022-03-27,Saudi Arabian Grand Prix,,,leclerc,LEC,ferrari,Ferrari,2,2,19.0,fastf1
2022,2,2022-03-27,Saudi Arabian Grand Prix,,,sainz,SAI,ferrari,Ferrari,3,3,15.0,fastf1
2022,2,2022-03-27,Saudi Arabian Grand Prix,,,perez,PER,red_bull,Red Bull Racing,1,4,12.0,fastf1
2022,2,2022-03-27,Saudi Arabian Grand Prix,,,russell,RUS,mercedes,Mercedes,6,5,10.0,fastf1
2022,2,2022-03-27,Saudi Arabian Grand Prix,,,ocon,OCO,alpine,Alpine,5,6,8.0,fastf1
2022,2,2022-03-27,Saudi Arabian Grand Prix,,,norris,NOR,mclaren,McLaren,11,7,6.0,fastf1
2022,2,2022-03-27,Saudi Arabian Grand Prix,,,gasly,GAS,alphatauri,AlphaTauri,9,8,4.0,fastf1
2022,2,2022-03-27,Saudi Arabian Grand Prix,,,kevin_magnussen,MAG,haas,Haas F1 Team,10,9,2.0,fastf1
2022,2,2022-03-27,Saudi Arabian Grand Prix,,,hamilton,HAM,mercedes,Mercedes,15,10,1.0,fastf1
2022,2,2022-03-27,Saudi Arabian Grand Prix,,,zhou,ZHO,alfa,Alfa Romeo,12,11,0.0,fastf1
2022,2,2022-03-27,Saudi Arabian Grand Prix,,,hulkenberg,HUL,aston_martin,Aston Martin,17,12,0.0,fastf1
2022,2,2022-03-27,Saudi Arabian Grand Prix,,,stroll,STR,aston_martin,Aston Martin,13,13,0.0,fastf1
2022,2,2022-03-27,Saudi Arabian Grand Prix,,,albon,ALB,williams,Williams,16,14,0.0,fastf1
2022,2,2022-03-27,Saudi Arabian Grand Prix,,,bottas,BOT,alfa,Alfa Romeo,8,15,0.0,fastf1
2022,2,2022-03-27,Saudi Arabian Grand Prix,,,alonso,ALO,alpine,Alpine,7,16,0.0,fastf1
2022,2,2022-03-27,Saudi Arabian Grand Prix,,,ricciardo,RIC,mclaren,McLaren,14,17,0.0,fastf1
2022,2,2022-03-27,Saudi Arabian Grand Prix,,,latifi,LAT,williams,Williams,18,18,0.0,fastf1
2022,2,2022-03-27,Saudi Arabian Grand Prix,,,tsunoda,TSU,alphatauri,AlphaTauri,19,19,0.0,fastf1
2022,2,2022-03-27,Saudi Arabian Grand Prix,,,mick_schumacher,MSC,haas,Haas F1 Team,,,0.0,fastf1
2022,3,2022-04-10,Australian Grand Prix,,,leclerc,LEC,ferrari,Ferrari,1,1,26.0,fastf1
2022,3,2022-04-10,Australian Grand Prix,,,perez,PER,red_bull,Red Bull Racing,3,2,18.0,fastf1
2022,3,2022-04-10,Australian Grand Prix,,,russell,RUS,mercedes,Mercedes,6,3,15.0,fastf1
2022,3,2022-04-10,Australian Grand Prix,,,hamilton,HAM,mercedes,Mercedes,5,4,12.0,fastf1
2022,3,2022-04-10,Australian Grand Prix,,,norris,NOR,mclaren,McLaren,4,5,10.0,fastf1
2022,3,2022-04-10,Australian Grand Prix,,,ricciardo,RIC,mclaren,McLaren,7,6,8.0,fastf1
2022,3,2022-04-10,Australian Grand Prix,,,ocon,OCO,alpine,Alpine,8,7,6.0,fastf1
2022,3,2022-04-10,Australian Grand Prix,,,bottas,BOT,alfa,Alfa Romeo,12,8,4.0,fastf1
2022,3,2022-04-10,Australian Grand Prix,,,gasly,GAS,alphatauri,AlphaTauri,11,9,2.0,fastf1
2022,3,2022-04-10,Australian Grand Prix,,,albon,ALB,williams,Williams,20,10,1.0,fastf1
2022,3,2022-04-10,Australian Grand Prix,,,zhou,ZHO,alfa,Alfa Romeo,14,11,0.0,fastf1
2022,3,2022-04-10,Australian Grand Prix,,,stroll,STR,aston_martin,Aston Martin,19,12,0.0,fastf1
2022,3,2022-04-10,Australian Grand Prix,,,mick_schumacher,MSC,haas,Haas F1 Team,15,13,0.0,fastf1
2022,3,2022-04-10,Australian Grand Prix,,,kevin_magnussen,MAG,haas,Haas F1 Team,16,14,0.0,fastf1
2022,3,2022-04-10,Australian Grand Prix,,,tsunoda,TSU,alphatauri,AlphaTauri,13,15,0.0,fastf1
2022,3,2022-04-10,Australian Grand Prix,,,latifi,LAT,williams,Williams,18,16,0.0,fastf1
2022,3,2022-04-10,Australian Grand Prix,,,alonso,ALO,alpine,Alpine,10,17,0.0,fastf1
2022,3,2022-04-10,Australian Grand Prix,,,max_verstappen,VER,red_bull,Red Bull Racing,2,18,0.0,fastf1
2022,3,2022-04-10,Australian Grand Prix,,,vettel,VET,aston_martin,Aston Martin,17,19,0.0,fastf1
2022,3,2022-04-10,Australian Grand Prix,,,sainz,SAI,ferrari,Ferrari,9,20,0.0,fastf1
2022,4,2022-04-24,Emilia Romagna Grand Prix,,,max_verstappen,VER,red_bull,Red Bull Racing,1,1,26.0,fastf1
2022,4,2022-04-24,Emilia Romagna Grand Prix,,,perez,PER,red_bull,Red Bull Racing,3,2,18.0,fastf1
2022,4,2022-04-24,Emilia Romagna Grand Prix,,,norris,NOR,mclaren,McLaren,5,3,15.0,fastf1
2022,4,2022-04-24,Emilia Romagna Grand Prix,,,russell,RUS,mercedes,Mercedes,11,4,12.0,fastf1
2022,4,2022-04-24,Emilia Romagna Grand Prix,,,bottas,BOT,alfa,Alfa Romeo,7,5,10.0,fastf1
2022,4,2022-04-24,Emilia Romagna Grand Prix,,,leclerc,LEC,ferrari,Ferrari,2,6,8.0,fastf1
2022,4,2022-04-24,Emilia Romagna Grand Prix,,,tsunoda,TSU,alphatauri,AlphaTauri,12,7,6.0,fastf1
2022,4,2022-04-24,Emilia Romagna Grand Prix,,,vettel,VET,aston_martin,Aston Martin,13,8,4.0,fastf1
2022,4,2022-04-24,Emilia Romagna Grand Prix,,,kevin_magnussen,MAG,haas,Haas F1 Team,8,9,2.0,fastf1
2022,4,2022-04-24,Emilia Romagna Grand Prix,,,stroll,STR,aston_martin,Aston Martin,15,10,1.0,fastf1
2022,4,2022-04-24,Emilia Romagna Grand Prix,,,albon,ALB,williams,Williams,18,11,0.0,fastf1
2022,4,2022-04-24,Emilia Romagna Grand Prix,,,gasly,GAS,alphatauri,AlphaTauri,17,12,0.0,fastf1
2022,4,2022-04-24,Emilia Romagna Grand Prix,,,hamilton,HAM,mercedes,Mercedes,14,13,0.0,fastf1
2022,4,2022-04-24,Emilia Romagna Grand Prix,,,ocon,OCO,alpine,Alpine,16,14,0.0,fastf1
2022,4,2022-04-24,Emilia Romagna Grand Prix,,,zhou,ZHO,alfa,Alfa Romeo,0,15,0.0,fastf1
2022,4,2022-04-24,Emilia Romagna Grand Prix,,,latifi,LAT,williams,Williams,19,16,0.0,fastf1
2022,4,2022-04-24,Emilia Romagna Grand Prix,,,mick_schumacher,MSC,haas,Haas F1 Team,10,17,0.0,fastf1
2022,4,2022-04-24,Emilia Romagna Grand Prix,,,ricciardo,RIC,mclaren,McLaren,6,18,0.0,fastf1
2022,4,2022-04-24,Emilia Romagna Grand Prix,,,alonso,ALO,alpine,Alpine,9,19,0.0,fastf1
2022,4,2022-04-24,Emilia Romagna Grand Prix,,,sainz,SAI,ferrari,Ferrari,4,20,0.0,fastf1
2022,5,2022-05-08,Miami Grand Prix,,,max_verstappen,VER,red_bull,Red Bull Racing,3,1,26.0,fastf1
2022,5,2022-05-08,Miami Grand Prix,,,leclerc,LEC,ferrari,Ferrari,1,2,18.0,fastf1
2022,5,2022-05-08,Miami Grand Prix,,,sainz,SAI,ferrari,Ferrari,2,3,15.0,fastf1
2022,5,2022-05-08,Miami Grand Prix,,,perez,PER,red_bull,Red Bull Racing,4,4,12.0,fastf1
2022,5,2022-05-08,Miami Grand Prix,,,russell,RUS,mercedes,Mercedes,12,5,10.0,fastf1
2022,5,2022-05-08,Miami Grand Prix,,,hamilton,HAM,mercedes,Mercedes,6,6,8.0,fastf1
2022,5,2022-05-08,Miami Grand Prix,,,bottas,BOT,alfa,Alfa Romeo,5,7,6.0,fastf1
2022,5,2022-05-08,Miami Grand Prix,,,ocon,OCO,alpine,Alpine,20,8,4.0,fastf1
2022,5,2022-05-08,Miami Grand Prix,,,albon,ALB,williams,Williams,18,9,2.0,fastf1
2022,5,2022-05-08,Miami Grand Prix,,,stroll,STR,aston_martin,Aston Martin,0,10,1.0,fastf1
2022,5,2022-05-08,Miami Grand Prix,,,alonso,ALO,alpine,Alpine,11,11,0.0,fastf1
2022,5,2022-05-08,Miami Grand Prix,,,tsunoda,TSU,alphatauri,AlphaTauri,9,12,0.0,fastf1
2022,5,2022-05-08,Miami Grand Prix,,,ricciardo,RIC,mclaren,McLaren,14,13,0.0,fastf1
2022,5,2022-05-08,Miami Grand Prix,,,latifi,LAT,williams,Williams,19,14,0.0,fastf1
2022,5,2022-05-08,Miami Grand Prix,,,mick_schumacher,MSC,haas,Haas F1 Team,15,15,0.0,fastf1
2022,5,2022-05-08,Miami Grand Prix,,,kevin_magnussen,MAG,haas,Haas F1 Team,16,16,0.0,fastf1
2022,5,2022-05-08,Miami Grand Prix,,,vettel,VET,aston_martin,Aston Martin,0,17,0.0,fastf1
2022,5,2022-05-08,Miami Grand Prix,,,gasly,GAS,alphatauri,AlphaTauri,7,18,0.0,fastf1
2022,5,2022-05-08,Miami Grand Prix,,,norris,NOR,mclaren,McLaren,8,19,0.0,fastf1
2022,5,2022-05-08,Miami Grand Prix,,,zhou,ZHO,alfa,Alfa Romeo,17,20,0.0,fastf1
2022,6,2022-05-22,Spanish Grand Prix,,,max_verstappen,VER,red_bull,Red Bull Racing,2,1,25.0,fastf1
2022,6,2022-05-22,Spanish Grand Prix,,,perez,PER,red_bull,Red Bull Racing,5,2,19.0,fastf1
2022,6,2022-05-22,Spanish Grand Prix,,,russell,RUS,mercedes,Mercedes,4,3,15.0,fastf1
2022,6,2022-05-22,Spanish Grand Prix,,,sainz,SAI,ferrari,Ferrari,3,4,12.0,fastf1
2022,6,2022-05-22,Spanish Grand Prix,,,hamilton,HAM,mercedes,Mercedes,6,5,10.0,fastf1
2022,6,2022-05-22,Spanish Grand Prix,,,bottas,BOT,alfa,Alfa Romeo,7,6,8.0,fastf1
2022,6,2022-05-22,Spanish Grand Prix,,,ocon,OCO,alpine,Alpine,12,7,6.0,fastf1
2022,6,2022-05-22,Spanish Grand Prix,,,norris,NOR,mclaren,McLaren,11,8,4.0,fastf1
2022,6,2022-05-22,Spanish Grand Prix,,,alonso,ALO,alpine,Alpine,20,9,2.0,fastf1
2022,6,2022-05-22,Spanish Grand Prix,,,tsunoda,TSU,alphatauri,AlphaTauri,13,10,1.0,fastf1
2022,6,2022-05-22,Spanish Grand Prix,,,vettel,VET,aston_martin,Aston Martin,16,11,0.0,fastf1
2022,6,2022-05-22,Spanish Grand Prix,,,ricciardo,RIC,mclaren,McLaren,9,12,0.0,fastf1
2022,6,2022-05-22,Spanish Grand Prix,,,gasly,GAS,alphatauri,AlphaTauri,14,13,0.0,fastf1
2022,6,2022-05-22,Spanish Grand Prix,,,mick_schumacher,MSC,haas,Haas F1 Team,10,14,0.0,fastf1
2022,6,2022-05-22,Spanish Grand Prix,,,stroll,STR,aston_martin,Aston Martin,17,15,0.0,fastf1
2022,6,2022-05-22,Spanish Grand Prix,,,latifi,LAT,williams,Williams,19,16,0.0,fastf1
2022,6,2022-05-22,Spanish Grand Prix,,,kevin_magnussen,MAG,haas,Haas F1 Team,8,17,0.0,fastf1
2022,6,2022-05-22,Spanish Grand Prix,,,albon,ALB,williams,Williams,18,18,0.0,fastf1
2022,6,2022-05-22,Spanish Grand Prix,,,zhou,ZHO,alfa,Alfa Romeo,15,19,0.0,fastf1
2022,6,2022-05-22,Spanish Grand Prix,,,leclerc,LEC,ferrari,Ferrari,1,20,0.0,fastf1
2022,7,2022-05-29,Monaco Grand Prix,,,perez,PER,red_bull,Red Bull Racing,3,1,25.0,fastf1
2022,7,2022-05-29,Monaco Grand Prix,,,sainz,SAI,ferrari,Ferrari,2,2,18.0,fastf1
2022,7,2022-05-29,Monaco Grand Prix,,,max_verstappen,VER,red_bull,Red Bull Racing,4,3,15.0,fastf1
2022,7,2022-05-29,Monaco Grand Prix,,,leclerc,LEC,ferrari,Ferrari,1,4,12.0,fastf1
2022,7,2022-05-29,Monaco Grand Prix,,,russell,RUS,mercedes,Mercedes,6,5,10.0,fastf1
2022,7,2022-05-29,Monaco Grand Prix,,,norris,NOR,mclaren,McLaren,5,6,9.0,fastf1
2022,7,2022-05-29,Monaco Grand Prix,,,alonso,ALO,alpine,Alpine,7,7,6.0,fastf1
2022,7,2022-05-29,Monaco Grand Prix,,,hamilton,HAM,mercedes,Mercedes,8,8,4.0,fastf1
2022,7,2022-05-29,Monaco Grand Prix,,,bottas,BOT,alfa,Alfa Romeo,12,9,2.0,fastf1
2022,7,2022-05-29,Monaco Grand Prix,,,vettel,VET,aston_martin,Aston Martin,9,10,1.0,fastf1
2022,7,2022-05-29,Monaco Grand Prix,,,gasly,GAS,alphatauri,AlphaTauri,17,11,0.0,fastf1
2022,7,2022-05-29,Monaco Grand Prix,,,ocon,OCO,alpine,Alpine,10,12,0.0,fastf1
2022,7,2022-05-29,Monaco Grand Prix,,,ricciardo,RIC,mclaren,McLaren,14,13,0.0,fastf1
2022,7,2022-05-29,Monaco Grand Prix,,,stroll,STR,aston_martin,Aston Martin,18,14,0.0,fastf1
2022,7,2022-05-29,Monaco Grand Prix,,,latifi,LAT,williams,Williams,19,15,0.0,fastf1
2022,7,2022-05-29,Monaco Grand Prix,,,zhou,ZHO,alfa,Alfa Romeo,20,16,0.0,fastf1
2022,7,2022-05-29,Monaco Grand Prix,,,tsunoda,TSU,alphatauri,AlphaTauri,11,17,0.0,fastf1
2022,7,2022-05-29,Monaco Grand Prix,,,albon,ALB,williams,Williams,16,18,0.0,fastf1
2022,7,2022-05-29,Monaco Grand Prix,,,mick_schumacher,MSC,haas,Haas F1 Team,15,19,0.0,fastf1
2022,7,2022-05-29,Monaco Grand Prix,,,kevin_magnussen,MAG,haas,Haas F1 Team,13,20,0.0,fastf1
2022,8,2022-06-12,Azerbaijan Grand Prix,,,max_verstappen,VER,red_bull,Red Bull Racing,3,1,25.0,fastf1
2022,8,2022-06-12,Azerbaijan Grand Prix,,,perez,PER,red_bull,Red Bull Racing,2,2,19.0,fastf1
2022,8,2022-06-12,Azerbaijan Grand Prix,,,russell,RUS,mercedes,Mercedes,5,3,15.0,fastf1
2022,8,2022-06-12,Azerbaijan Grand Prix,,,hamilton,HAM,mercedes,Mercedes,7,4,12.0,fastf1
2022,8,2022-06-12,Azerbaijan Grand Prix,,,gasly,GAS,alphatauri,AlphaTauri,6,5,10.0,fastf1
2022,8,2022-06-12,Azerbaijan Grand Prix,,,vettel,VET,aston_martin,Aston Martin,9,6,8.0,fastf1
2022,8,2022-06-12,Azerbaijan Grand Prix,,,alonso,ALO,alpine,Alpine,10,7,6.0,fastf1
2022,8,2022-06-12,Azerbaijan Grand Prix,,,ricciardo,RIC,mclaren,McLaren,12,8,4.0,fastf1
2022,8,2022-06-12,Azerbaijan Grand Prix,,,norris,NOR,mclaren,McLaren,11,9,2.0,fastf1
2022,8,2022-06-12,Azerbaijan Grand Prix,,,ocon,OCO,alpine,Alpine,13,10,1.0,fastf1
2022,8,2022-06-12,Azerbaijan Grand Prix,,,bottas,BOT,alfa,Alfa Romeo,15,11,0.0,fastf1
2022,8,2022-06-12,Azerbaijan Grand Prix,,,albon,ALB,williams,Williams,17,12,0.0,fastf1
2022,8,2022-06-12,Azerbaijan Grand Prix,,,tsunoda,TSU,alphatauri,AlphaTauri,8,13,0.0,fastf1
2022,8,2022-06-12,Azerbaijan Grand Prix,,,mick_schumacher,MSC,haas,Haas F1 Team,20,14,0.0,fastf1
2022,8,2022-06-12,Azerbaijan Grand Prix,,,latifi,LAT,williams,Williams,18,15,0.0,fastf1
2022,8,2022-06-12,Azerbaijan Grand Prix,,,stroll,STR,aston_martin,Aston Martin,19,16,0.0,fastf1
2022,8,2022-06-12,Azerbaijan Grand Prix,,,kevin_magnussen,MAG,haas,Haas F1 Team,16,17,0.0,fastf1
2022,8,2022-06-12,Azerbaijan Grand Prix,,,zhou,ZHO,alfa,Alfa Romeo,14,18,0.0,fastf1
2022,8,2022-06-12,Azerbaijan Grand Prix,,,leclerc,LEC,ferrari,Ferrari,1,19,0.0,fastf1
2022,8,2022-06-12,Azerbaijan Grand Prix,,,sainz,SAI,ferrari,Ferrari,4,20,0.0,fastf1
2022,9,2022-06-19,Canadian Grand Prix,,,max_verstappen,VER,red_bull,Red Bull Racing,1,1,25.0,fastf1
2022,9,2022-06-19,Canadian Grand Prix,,,sainz,SAI,ferrari,Ferrari,3,2,19.0,fastf1
2022,9,2022-06-19,Canadian Grand Prix,,,hamilton,HAM,mercedes,Mercedes,4,3,15.0,fastf1
2022,9,2022-06-19,Canadian Grand Prix,,,russell,RUS,mercedes,Mercedes,8,4,12.0,fastf1
2022,9,2022-06-19,Canadian Grand Prix,,,leclerc,LEC,ferrari,Ferrari,19,5,10.0,fastf1
2022,9,2022-06-19,Canadian Grand Prix,,,ocon,OCO,alpine,Alpine,7,6,8.0,fastf1
2022,9,2022-06-19,Canadian Grand Prix,,,bottas,BOT,alfa,Alfa Romeo,11,7,6.0,fastf1
2022,9,2022-06-19,Canadian Grand Prix,,,zhou,ZHO,alfa,Alfa Romeo,10,8,4.0,fastf1
2022,9,2022-06-19,Canadian Grand Prix,,,alonso,ALO,alpine,Alpine,2,9,2.0,fastf1
2022,9,2022-06-19,Canadian Grand Prix,,,stroll,STR,aston_martin,Aston Martin,17,10,1.0,fastf1
2022,9,2022-06-19,Canadian Grand Prix,,,ricciardo,RIC,mclaren,McLaren,9,11,0.0,fastf1
2022,9,2022-06-19,Canadian Grand Prix,,,vettel,VET,aston_martin,Aston Martin,16,12,0.0,fastf1
2022,9,2022-06-19,Canadian Grand Prix,,,albon,ALB,williams,Williams,12,13,0.0,fastf1
2022,9,2022-06-19,Canadian Grand Prix,,,gasly,GAS,alphatauri,AlphaTauri,15,14,0.0,fastf1
2022,9,2022-06-19,Canadian Grand Prix,,,norris,NOR,mclaren,McLaren,14,15,0.0,fastf1
2022,9,2022-06-19,Canadian Grand Prix,,,latifi,LAT,williams,Williams,18,16,0.0,fastf1
2022,9,2022-06-19,Canadian Grand Prix,,,kevin_magnussen,MAG,haas,Haas F1 Team,5,17,0.0,fastf1
2022,9,2022-06-19,Canadian Grand Prix,,,tsunoda,TSU,alphatauri,AlphaTauri,20,18,0.0,fastf1
2022,9,2022-06-19,Canadian Grand Prix,,,mick_schumacher,MSC,haas,Haas F1 Team,6,19,0.0,fastf1
2022,9,2022-06-19,Canadian Grand Prix,,,perez,PER,red_bull,Red Bull Racing,13,20,0.0,fastf1
2022,10,2022-07-03,British Grand Prix,,,sainz,SAI,ferrari,Ferrari,1,1,25.0,fastf1
2022,10,2022-07-03,British Grand Prix,,,perez,PER,red_bull,Red Bull Racing,4,2,18.0,fastf1
2022,10,2022-07-03,British Grand Prix,,,hamilton,HAM,mercedes,Mercedes,5,3,16.0,fastf1
2022,10,2022-07-03,British Grand Prix,,,leclerc,LEC,ferrari,Ferrari,3,4,12.0,fastf1
2022,10,2022-07-03,British Grand Prix,,,alonso,ALO,alpine,Alpine,7,5,10.0,fastf1
2022,10,2022-07-03,British Grand Prix,,,norris,NOR,mclaren,McLaren,6,6,8.0,fastf1
2022,10,2022-07-03,British Grand Prix,,,max_verstappen,VER,red_bull,Red Bull Racing,2,7,6.0,fastf1
2022,10,2022-07-03,British Grand Prix,,,mick_schumacher,MSC,haas,Haas F1 Team,19,8,4.0,fastf1
2022,10,2022-07-03,British Grand Prix,,,vettel,VET,aston_martin,Aston Martin,18,9,2.0,fastf1
2022,10,2022-07-03,British Grand Prix,,,kevin_magnussen,MAG,haas,Haas F1 Team,17,10,1.0,fastf1
2022,10,2022-07-03,British Grand Prix,,,stroll,STR,aston_martin,Aston Martin,20,11,0.0,fastf1
2022,10,2022-07-03,British Grand Prix,,,latifi,LAT,williams,Williams,10,12,0.0,fastf1
2022,10,2022-07-03,British Grand Prix,,,ricciardo,RIC,mclaren,McLaren,14,13,0.0,fastf1
2022,10,2022-07-03,British Grand Prix,,,tsunoda,TSU,alphatauri,AlphaTauri,13,14,0.0,fastf1
2022,10,2022-07-03,British Grand Prix,,,ocon,OCO,alpine,Alpine,15,15,0.0,fastf1
2022,10,2022-07-03,British Grand Prix,,,gasly,GAS,alphatauri,AlphaTauri,11,16,0.0,fastf1
2022,10,2022-07-03,British Grand Prix,,,bottas,BOT,alfa,Alfa Romeo,12,17,0.0,fastf1
2022,10,2022-07-03,British Grand Prix,,,russell,RUS,mercedes,Mercedes,8,18,0.0,fastf1
2022,10,2022-07-03,British Grand Prix,,,zhou,ZHO,alfa,Alfa Romeo,9,19,0.0,fastf1
2022,10,2022-07-03,British Grand Prix,,,albon,ALB,williams,Williams,16,20,0.0,fastf1
2022,11,2022-07-10,Austrian Grand Prix,,,leclerc,LEC,ferrari,Ferrari,2,1,25.0,fastf1
2022,11,2022-07-10,Austrian Grand Prix,,,max_verstappen,VER,red_bull,Red Bull Racing,1,2,19.0,fastf1
2022,11,2022-07-10,Austrian Grand Prix,,,hamilton,HAM,mercedes,Mercedes,8,3,15.0,fastf1
2022,11,2022-07-10,Austrian Grand Prix,,,russell,RUS,mercedes,Mercedes,4,4,12.0,fastf1
2022,11,2022-07-10,Austrian Grand Prix,,,ocon,OCO,alpine,Alpine,6,5,10.0,fastf1
2022,11,2022-07-10,Austrian Grand Prix,,,mick_schumacher,MSC,haas,Haas F1 Team,9,6,8.0,fastf1
2022,11,2022-07-10,Austrian Grand Prix,,,norris,NOR,mclaren,McLaren,10,7,6.0,fastf1
2022,11,2022-07-10,Austrian Grand Prix,,,kevin_magnussen,MAG,haas,Haas F1 Team,7,8,4.0,fastf1
2022,11,2022-07-10,Austrian Grand Prix,,,ricciardo,RIC,mclaren,McLaren,11,9,2.0,fastf1
2022,11,2022-07-10,Austrian Grand Prix,,,alonso,ALO,alpine,Alpine,19,10,1.0,fastf1
2022,11,2022-07-10,Austrian Grand Prix,,,bottas,BOT,alfa,Alfa Romeo,0,11,0.0,fastf1
2022,11,2022-07-10,Austrian Grand Prix,,,albon,ALB,williams,Williams,15,12,0.0,fastf1
2022,11,2022-07-10,Austrian Grand Prix,,,stroll,STR,aston_martin,Aston Martin,12,13,0.0,fastf1
2022,11,2022-07-10,Austrian Grand Prix,,,zhou,ZHO,alfa,Alfa Romeo,13,14,0.0,fastf1
2022,11,2022-07-10,Austrian Grand Prix,,,gasly,GAS,alphatauri,AlphaTauri,14,15,0.0,fastf1
2022,11,2022-07-10,Austrian Grand Prix,,,tsunoda,TSU,alphatauri,AlphaTauri,16,16,0.0,fastf1
2022,11,2022-07-10,Austrian Grand Prix,,,vettel,VET,aston_martin,Aston Martin,18,17,0.0,fastf1
2022,11,2022-07-10,Austrian Grand Prix,,,sainz,SAI,ferrari,Ferrari,3,18,0.0,fastf1
2022,11,2022-07-10,Austrian Grand Prix,,,latifi,LAT,williams,Williams,17,19,0.0,fastf1
2022,11,2022-07-10,Austrian Grand Prix,,,perez,PER,red_bull,Red Bull Racing,5,20,0.0,fastf1
2022,12,2022-07-24,French Grand Prix,,,max_verstappen,VER,red_bull,Red Bull Racing,2,1,25.0,fastf1
2022,12,2022-07-24,French Grand Prix,,,hamilton,HAM,mercedes,Mercedes,4,2,18.0,fastf1
2022,12,2022-07-24,French Grand Prix,,,russell,RUS,mercedes,Mercedes,6,3,15.0,fastf1
2022,12,2022-07-24,French Grand Prix,,,perez,PER,red_bull,Red Bull Racing,3,4,12.0,fastf1
2022,12,2022-07-24,French Grand Prix,,,sainz,SAI,ferrari,Ferrari,19,5,11.0,fastf1
2022,12,2022-07-24,French Grand Prix,,,alonso,ALO,alpine,Alpine,7,6,8.0,fastf1
2022,12,2022-07-24,French Grand Prix,,,norris,NOR,mclaren,McLaren,5,7,6.0,fastf1
2022,12,2022-07-24,French Grand Prix,,,ocon,OCO,alpine,Alpine,10,8,4.0,fastf1
2022,12,2022-07-24,French Grand Prix,,,ricciardo,RIC,mclaren,McLaren,9,9,2.0,fastf1
2022,12,2022-07-24,French Grand Prix,,,stroll,STR,aston_martin,Aston Martin,15,10,1.0,fastf1
2022,12,2022-07-24,French Grand Prix,,,vettel,VET,aston_martin,Aston Martin,12,11,0.0,fastf1
2022,12,2022-07-24,French Grand Prix,,,gasly,GAS,alphatauri,AlphaTauri,14,12,0.0,fastf1
2022,12,2022-07-24,French Grand Prix,,,albon,ALB,williams,Williams,13,13,0.0,fastf1
2022,12,2022-07-24,French Grand Prix,,,bottas,BOT,alfa,Alfa Romeo,11,14,0.0,fastf1
2022,12,2022-07-24,French Grand Prix,,,mick_schumacher,MSC,haas,Haas F1 Team,17,15,0.0,fastf1
2022,12,2022-07-24,French Grand Prix,,,zhou,ZHO,alfa,Alfa Romeo,16,16,0.0,fastf1
2022,12,2022-07-24,French Grand Prix,,,latifi,LAT,williams,Williams,18,17,0.0,fastf1
2022,12,2022-07-24,French Grand Prix,,,kevin_magnussen,MAG,haas,Haas F1 Team,20,18,0.0,fastf1
2022,12,2022-07-24,French Grand Prix,,,leclerc,LEC,ferrari,Ferrari,1,19,0.0,fastf1
2022,12,2022-07-24,French Grand Prix,,,tsunoda,TSU,alphatauri,AlphaTauri,8,20,0.0,fastf1
2022,13,2022-07-31,Hungarian Grand Prix,,,max_verstappen,VER,red_bull,Red Bull Racing,10,1,25.0,fastf1
2022,13,2022-07-31,Hungarian Grand Prix,,,hamilton,HAM,mercedes,Mercedes,7,2,19.0,fastf1
2022,13,2022-07-31,Hungarian Grand Prix,,,russell,RUS,mercedes,Mercedes,1,3,15.0,fastf1
2022,13,2022-07-31,Hungarian Grand Prix,,,sainz,SAI,ferrari,Ferrari,2,4,12.0,fastf1
2022,13,2022-07-31,Hungarian Grand Prix,,,perez,PER,red_bull,Red Bull Racing,11,5,10.0,fastf1
2022,13,2022-07-31,Hungarian Grand Prix,,,leclerc,LEC,ferrari,Ferrari,3,6,8.0,fastf1
2022,13,2022-07-31,Hungarian Grand Prix,,,norris,NOR,mclaren,McLaren,4,7,6.0,fastf1
2022,13,2022-07-31,Hungarian Grand Prix,,,alonso,ALO,alpine,Alpine,6,8,4.0,fastf1
2022,13,2022-07-31,Hungarian Grand Prix,,,ocon,OCO,alpine,Alpine,5,9,2.0,fastf1
2022,13,2022-07-31,Hungarian Grand Prix,,,vettel,VET,aston_martin,Aston Martin,18,10,1.0,fastf1
2022,13,2022-07-31,Hungarian Grand Prix,,,stroll,STR,aston_martin,Aston Martin,14,11,0.0,fastf1
2022,13,2022-07-31,Hungarian Grand Prix,,,gasly,GAS,alphatauri,AlphaTauri,0,12,0.0,fastf1
2022,13,2022-07-31,Hungarian Grand Prix,,,zhou,ZHO,alfa,Alfa Romeo,12,13,0.0,fastf1
2022,13,2022-07-31,Hungarian Grand Prix,,,mick_schumacher,MSC,haas,Haas F1 Team,15,14,0.0,fastf1
2022,13,2022-07-31,Hungarian Grand Prix,,,ricciardo,RIC,mclaren,McLaren,9,15,0.0,fastf1
2022,13,2022-07-31,Hungarian Grand Prix,,,kevin_magnussen,MAG,haas,Haas F1 Team,13,16,0.0,fastf1
2022,13,2022-07-31,Hungarian Grand Prix,,,albon,ALB,williams,Williams,17,17,0.0,fastf1
2022,13,2022-07-31,Hungarian Grand Prix,,,latifi,LAT,williams,Williams,19,18,0.0,fastf1
2022,13,2022-07-31,Hungarian Grand Prix,,,tsunoda,TSU,alphatauri,AlphaTauri,16,19,0.0,fastf1
2022,13,2022-07-31,Hungarian Grand Prix,,,bottas,BOT,alfa,Alfa Romeo,8,20,0.0,fastf1
2022,14,2022-08-28,Belgian Grand Prix,,,max_verstappen,VER,red_bull,Red Bull Racing,14,1,26.0,fastf1
2022,14,2022-08-28,Belgian Grand Prix,,,perez,PER,red_bull,Red Bull Racing,2,2,18.0,fastf1
2022,14,2022-08-28,Belgian Grand Prix,,,sainz,SAI,ferrari,Ferrari,1,3,15.0,fastf1
2022,14,2022-08-28,Belgian Grand Prix,,,russell,RUS,mercedes,Mercedes,5,4,12.0,fastf1
2022,14,2022-08-28,Belgian Grand Prix,,,alonso,ALO,alpine,Alpine,3,5,10.0,fastf1
2022,14,2022-08-28,Belgian Grand Prix,,,leclerc,LEC,ferrari,Ferrari,15,6,8.0,fastf1
2022,14,2022-08-28,Belgian Grand Prix,,,ocon,OCO,alpine,Alpine,16,7,6.0,fastf1
2022,14,2022-08-28,Belgian Grand Prix,,,vettel,VET,aston_martin,Aston Martin,10,8,4.0,fastf1
2022,14,2022-08-28,Belgian Grand Prix,,,gasly,GAS,alphatauri,AlphaTauri,0,9,2.0,fastf1
2022,14,2022-08-28,Belgian Grand Prix,,,albon,ALB,williams,Williams,6,10,1.0,fastf1
2022,14,2022-08-28,Belgian Grand Prix,,,stroll,STR,aston_martin,Aston Martin,9,11,0.0,fastf1
2022,14,2022-08-28,Belgian Grand Prix,,,norris,NOR,mclaren,McLaren,17,12,0.0,fastf1
2022,14,2022-08-28,Belgian Grand Prix,,,tsunoda,TSU,alphatauri,AlphaTauri,0,13,0.0,fastf1
2022,14,2022-08-28,Belgian Grand Prix,,,zhou,ZHO,alfa,Alfa Romeo,18,14,0.0,fastf1
2022,14,2022-08-28,Belgian Grand Prix,,,ricciardo,RIC,mclaren,McLaren,7,15,0.0,fastf1
2022,14,2022-08-28,Belgian Grand Prix,,,kevin_magnussen,MAG,haas,Haas F1 Team,12,16,0.0,fastf1
2022,14,2022-08-28,Belgian Grand Prix,,,mick_schumacher,MSC,haas,Haas F1 Team,19,17,0.0,fastf1
2022,14,2022-08-28,Belgian Grand Prix,,,latifi,LAT,williams,Williams,11,18,0.0,fastf1
2022,14,2022-08-28,Belgian Grand Prix,,,bottas,BOT,alfa,Alfa Romeo,13,19,0.0,fastf1
2022,14,2022-08-28,Belgian Grand Prix,,,hamilton,HAM,mercedes,Mercedes,4,20,0.0,fastf1
2022,15,2022-09-04,Dutch Grand Prix,,,max_verstappen,VER,red_bull,Red Bull Racing,1,1,26.0,fastf1
2022,15,2022-09-04,Dutch Grand Prix,,,russell,RUS,mercedes,Mercedes,6,2,18.0,fastf1
2022,15,2022-09-04,Dutch Grand Prix,,,leclerc,LEC,ferrari,Ferrari,2,3,15.0,fastf1
2022,15,2022-09-04,Dutch Grand Prix,,,hamilton,HAM,mercedes,Mercedes,4,4,12.0,fastf1
2022,15,2022-09-04,Dutch Grand Prix,,,perez,PER,red_bull,Red Bull Racing,5,5,10.0,fastf1
2022,15,2022-09-04,Dutch Grand Prix,,,alonso,ALO,alpine,Alpine,13,6,8.0,fastf1
2022,15,2022-09-04,Dutch Grand Prix,,,norris,NOR,mclaren,McLaren,7,7,6.0,fastf1
2022,15,2022-09-04,Dutch Grand Prix,,,sainz,SAI,ferrari,Ferrari,3,8,4.0,fastf1
2022,15,2022-09-04,Dutch Grand Prix,,,ocon,OCO,alpine,Alpine,12,9,2.0,fastf1
2022,15,2022-09-04,Dutch Grand Prix,,,stroll,STR,aston_martin,Aston Martin,10,10,1.0,fastf1
2022,15,2022-09-04,Dutch Grand Prix,,,gasly,GAS,alphatauri,AlphaTauri,11,11,0.0,fastf1
2022,15,2022-09-04,Dutch Grand Prix,,,albon,ALB,williams,Williams,15,12,0.0,fastf1
2022,15,2022-09-04,Dutch Grand Prix,,,mick_schumacher,MSC,haas,Haas F1 Team,8,13,0.0,fastf1
2022,15,2022-09-04,Dutch Grand Prix,,,vettel,VET,aston_martin,Aston Martin,19,14,0.0,fastf1
2022,15,2022-09-04,Dutch Grand Prix,,,kevin_magnussen,MAG,haas,Haas F1 Team,18,15,0.0,fastf1
2022,15,2022-09-04,Dutch Grand Prix,,,zhou,ZHO,alfa,Alfa Romeo,14,16,0.0,fastf1
2022,15,2022-09-04,Dutch Grand Prix,,,ricciardo,RIC,mclaren,McLaren,17,17,0.0,fastf1
2022,15,2022-09-04,Dutch Grand Prix,,,latifi,LAT,williams,Williams,20,18,0.0,fastf1
2022,15,2022-09-04,Dutch Grand Prix,,,bottas,BOT,alfa,Alfa Romeo,16,19,0.0,fastf1
2022,15,2022-09-04,Dutch Grand Prix,,,tsunoda,TSU,alphatauri,AlphaTauri,9,20,0.0,fastf1
2022,16,2022-09-11,Italian Grand Prix,,,max_verstappen,VER,red_bull,Red Bull Racing,7,1,25.0,fastf1
2022,16,2022-09-11,Italian Grand Prix,,,leclerc,LEC,ferrari,Ferrari,1,2,18.0,fastf1
2022,16,2022-09-11,Italian Grand Prix,,,russell,RUS,mercedes,Mercedes,2,3,15.0,fastf1
2022,16,2022-09-11,Italian Grand Prix,,,sainz,SAI,ferrari,Ferrari,18,4,12.0,fastf1
2022,16,2022-09-11,Italian Grand Prix,,,hamilton,HAM,mercedes,Mercedes,19,5,10.0,fastf1
2022,16,2022-09-11,Italian Grand Prix,,,perez,PER,red_bull,Red Bull Racing,13,6,9.0,fastf1
2022,16,2022-09-11,Italian Grand Prix,,,norris,NOR,mclaren,McLaren,3,7,6.0,fastf1
2022,16,2022-09-11,Italian Grand Prix,,,gasly,GAS,alphatauri,AlphaTauri,5,8,4.0,fastf1
2022,16,2022-09-11,Italian Grand Prix,,,de_vries,DEV,williams,Williams,8,9,2.0,fastf1
2022,16,2022-09-11,Italian Grand Prix,,,zhou,ZHO,alfa,Alfa Romeo,9,10,1.0,fastf1
2022,16,2022-09-11,Italian Grand Prix,,,ocon,OCO,alpine,Alpine,14,11,0.0,fastf1
2022,16,2022-09-11,Italian Grand Prix,,,mick_schumacher,MSC,haas,Haas F1 Team,17,12,0.0,fastf1
2022,16,2022-09-11,Italian Grand Prix,,,bottas,BOT,alfa,Alfa Romeo,15,13,0.0,fastf1
2022,16,2022-09-11,Italian Grand Prix,,,tsunoda,TSU,alphatauri,AlphaTauri,20,14,0.0,fastf1
2022,16,2022-09-11,Italian Grand Prix,,,latifi,LAT,williams,Williams,10,15,0.0,fastf1
2022,16,2022-09-11,Italian Grand Prix,,,kevin_magnussen,MAG,haas,Haas F1 Team,16,16,0.0,fastf1
2022,16,2022-09-11,Italian Grand Prix,,,ricciardo,RIC,mclaren,McLaren,4,17,0.0,fastf1
2022,16,2022-09-11,Italian Grand Prix,,,stroll,STR,aston_martin,Aston Martin,12,18,0.0,fastf1
2022,16,2022-09-11,Italian Grand Prix,,,alonso,ALO,alpine,Alpine,6,19,0.0,fastf1
2022,16,2022-09-11,Italian Grand Prix,,,vettel,VET,aston_martin,Aston Martin,11,20,0.0,fastf1
2022,17,2022-10-02,Singapore Grand Prix,,,perez,PER,red_bull,Red Bull Racing,2,1,25.0,fastf1
2022,17,2022-10-02,Singapore Grand Prix,,,leclerc,LEC,ferrari,Ferrari,1,2,18.0,fastf1
2022,17,2022-10-02,Singapore Grand Prix,,,sainz,SAI,ferrari,Ferrari,4,3,15.0,fastf1
2022,17,2022-10-02,Singapore Grand Prix,,,norris,NOR,mclaren,McLaren,6,4,12.0,fastf1
2022,17,2022-10-02,Singapore Grand Prix,,,ricciardo,RIC,mclaren,McLaren,16,5,10.0,fastf1
2022,17,2022-10-02,Singapore Grand Prix,,,stroll,STR,aston_martin,Aston Martin,11,6,8.0,fastf1
2022,17,2022-10-02,Singapore Grand Prix,,,max_verstappen,VER,red_bull,Red Bull Racing,8,7,6.0,fastf1
2022,17,2022-10-02,Singapore Grand Prix,,,vettel,VET,aston_martin,Aston Martin,13,8,4.0,fastf1
2022,17,2022-10-02,Singapore Grand Prix,,,hamilton,HAM,mercedes,Mercedes,3,9,2.0,fastf1
2022,17,2022-10-02,Singapore Grand Prix,,,gasly,GAS,alphatauri,AlphaTauri,7,10,1.0,fastf1
2022,17,2022-10-02,Singapore Grand Prix,,,bottas,BOT,alfa,Alfa Romeo,15,11,0.0,fastf1
2022,17,2022-10-02,Singapore Grand Prix,,,kevin_magnussen,MAG,haas,Haas F1 Team,9,12,0.0,fastf1
2022,17,2022-10-02,Singapore Grand Prix,,,mick_schumacher,MSC,haas,Haas F1 Team,12,13,0.0,fastf1
2022,17,2022-10-02,Singapore Grand Prix,,,russell,RUS,mercedes,Mercedes,0,14,0.0,fastf1
2022,17,2022-10-02,Singapore Grand Prix,,,tsunoda,TSU,alphatauri,AlphaTauri,10,15,0.0,fastf1
2022,17,2022-10-02,Singapore Grand Prix,,,ocon,OCO,alpine,Alpine,17,16,0.0,fastf1
2022,17,2022-10-02,Singapore Grand Prix,,,albon,ALB,williams,Williams,18,17,0.0,fastf1
2022,17,2022-10-02,Singapore Grand Prix,,,alonso,ALO,alpine,Alpine,5,18,0.0,fastf1
2022,17,2022-10-02,Singapore Grand Prix,,,latifi,LAT,williams,Williams,19,19,0.0,fastf1
2022,17,2022-10-02,Singapore Grand Prix,,,zhou,ZHO,alfa,Alfa Romeo,14,20,0.0,fastf1
2022,18,2022-10-09,Japanese Grand Prix,,,max_verstappen,VER,red_bull,Red Bull Racing,1,1,25.0,fastf1
2022,18,2022-10-09,Japanese Grand Prix,,,perez,PER,red_bull,Red Bull Racing,4,2,18.0,fastf1
2022,18,2022-10-09,Japanese Grand Prix,,,leclerc,LEC,ferrari,Ferrari,2,3,15.0,fastf1
2022,18,2022-10-09,Japanese Grand Prix,,,ocon,OCO,alpine,Alpine,5,4,12.0,fastf1
2022,18,2022-10-09,Japanese Grand Prix,,,hamilton,HAM,mercedes,Mercedes,6,5,10.0,fastf1
2022,18,2022-10-09,Japanese Grand Prix,,,vettel,VET,aston_martin,Aston Martin,9,6,8.0,fastf1
2022,18,2022-10-09,Japanese Grand Prix,,,alonso,ALO,alpine,Alpine,7,7,6.0,fastf1
2022,18,2022-10-09,Japanese Grand Prix,,,russell,RUS,mercedes,Mercedes,8,8,4.0,fastf1
2022,18,2022-10-09,Japanese Grand Prix,,,latifi,LAT,williams,Williams,20,9,2.0,fastf1
2022,18,2022-10-09,Japanese Grand Prix,,,norris,NOR,mclaren,McLaren,10,10,1.0,fastf1
2022,18,2022-10-09,Japanese Grand Prix,,,ricciardo,RIC,mclaren,McLaren,11,11,0.0,fastf1
2022,18,2022-10-09,Japanese Grand Prix,,,stroll,STR,aston_martin,Aston Martin,19,12,0.0,fastf1
2022,18,2022-10-09,Japanese Grand Prix,,,tsunoda,TSU,alphatauri,AlphaTauri,13,13,0.0,fastf1
2022,18,2022-10-09,Japanese Grand Prix,,,kevin_magnussen,MAG,haas,Haas F1 Team,18,14,0.0,fastf1
2022,18,2022-10-09,Japanese Grand Prix,,,bottas,BOT,alfa,Alfa Romeo,12,15,0.0,fastf1
2022,18,2022-10-09,Japanese Grand Prix,,,zhou,ZHO,alfa,Alfa Romeo,14,16,0.0,fastf1
2022,18,2022-10-09,Japanese Grand Prix,,,mick_schumacher,MSC,haas,Haas F1 Team,15,17,0.0,fastf1
2022,18,2022-10-09,Japanese Grand Prix,,,gasly,GAS,alphatauri,AlphaTauri,17,18,0.0,fastf1
2022,18,2022-10-09,Japanese Grand Prix,,,sainz,SAI,ferrari,Ferrari,3,19,0.0,fastf1
2022,18,2022-10-09,Japanese Grand Prix,,,albon,ALB,williams,Williams,16,20,0.0,fastf1
2022,19,2022-10-23,United States Grand Prix,,,max_verstappen,VER,red_bull,Red Bull Racing,2,1,25.0,fastf1
2022,19,2022-10-23,United States Grand Prix,,,hamilton,HAM,mercedes,Mercedes,3,2,18.0,fastf1
2022,19,2022-10-23,United States Grand Prix,,,leclerc,LEC,ferrari,Ferrari,12,3,15.0,fastf1
2022,19,2022-10-23,United States Grand Prix,,,perez,PER,red_bull,Red Bull Racing,9,4,12.0,fastf1
2022,19,2022-10-23,United States Grand Prix,,,russell,RUS,mercedes,Mercedes,4,5,11.0,fastf1
2022,19,2022-10-23,United States Grand Prix,,,norris,NOR,mclaren,McLaren,6,6,8.0,fastf1
2022,19,2022-10-23,United States Grand Prix,,,alonso,ALO,alpine,Alpine,14,7,6.0,fastf1
2022,19,2022-10-23,United States Grand Prix,,,vettel,VET,aston_martin,Aston Martin,10,8,4.0,fastf1
2022,19,2022-10-23,United States Grand Prix,,,kevin_magnussen,MAG,haas,Haas F1 Team,13,9,2.0,fastf1
2022,19,2022-10-23,United States Grand Prix,,,tsunoda,TSU,alphatauri,AlphaTauri,19,10,1.0,fastf1
2022,19,2022-10-23,United States Grand Prix,,,ocon,OCO,alpine,Alpine,0,11,0.0,fastf1
2022,19,2022-10-23,United States Grand Prix,,,zhou,ZHO,alfa,Alfa Romeo,18,12,0.0,fastf1
2022,19,2022-10-23,United States Grand Prix,,,albon,ALB,williams,Williams,8,13,0.0,fastf1
2022,19,2022-10-23,United States Grand Prix,,,gasly,GAS,alphatauri,AlphaTauri,11,14,0.0,fastf1
2022,19,2022-10-23,United States Grand Prix,,,mick_schumacher,MSC,haas,Haas F1 Team,16,15,0.0,fastf1
2022,19,2022-10-23,United States Grand Prix,,,ricciardo,RIC,mclaren,McLaren,15,16,0.0,fastf1
2022,19,2022-10-23,United States Grand Prix,,,latifi,LAT,williams,Williams,17,17,0.0,fastf1
2022,19,2022-10-23,United States Grand Prix,,,stroll,STR,aston_martin,Aston Martin,5,18,0.0,fastf1
2022,19,2022-10-23,United States Grand Prix,,,bottas,BOT,alfa,Alfa Romeo,7,19,0.0,fastf1
2022,19,2022-10-23,United States Grand Prix,,,sainz,SAI,ferrari,Ferrari,1,20,0.0,fastf1
2022,20,2022-10-30,Mexico City Grand Prix,,,max_verstappen,VER,red_bull,Red Bull Racing,1,1,25.0,fastf1
2022,20,2022-10-30,Mexico City Grand Prix,,,hamilton,HAM,mercedes,Mercedes,3,2,18.0,fastf1
2022,20,2022-10-30,Mexico City Grand Prix,,,perez,PER,red_bull,Red Bull Racing,4,3,15.0,fastf1
2022,20,2022-10-30,Mexico City Grand Prix,,,russell,RUS,mercedes,Mercedes,2,4,13.0,fastf1
2022,20,2022-10-30,Mexico City Grand Prix,,,sainz,SAI,ferrari,Ferrari,5,5,10.0,fastf1
2022,20,2022-10-30,Mexico City Grand Prix,,,leclerc,LEC,ferrari,Ferrari,7,6,8.0,fastf1
2022,20,2022-10-30,Mexico City Grand Prix,,,ricciardo,RIC,mclaren,McLaren,11,7,6.0,fastf1
2022,20,2022-10-30,Mexico City Grand Prix,,,ocon,OCO,alpine,Alpine,10,8,4.0,fastf1
2022,20,2022-10-30,Mexico City Grand Prix,,,norris,NOR,mclaren,McLaren,8,9,2.0,fastf1
2022,20,2022-10-30,Mexico City Grand Prix,,,bottas,BOT,alfa,Alfa Romeo,6,10,1.0,fastf1
2022,20,2022-10-30,Mexico City Grand Prix,,,gasly,GAS,alphatauri,AlphaTauri,14,11,0.0,fastf1
2022,20,2022-10-30,Mexico City Grand Prix,,,albon,ALB,williams,Williams,17,12,0.0,fastf1
2022,20,2022-10-30,Mexico City Grand Prix,,,zhou,ZHO,alfa,Alfa Romeo,12,13,0.0,fastf1
2022,20,2022-10-30,Mexico City Grand Prix,,,vettel,VET,aston_martin,Aston Martin,16,14,0.0,fastf1
2022,20,2022-10-30,Mexico City Grand Prix,,,stroll,STR,aston_martin,Aston Martin,20,15,0.0,fastf1
2022,20,2022-10-30,Mexico City Grand Prix,,,mick_schumacher,MSC,haas,Haas F1 Team,15,16,0.0,fastf1
2022,20,2022-10-30,Mexico City Grand Prix,,,kevin_magnussen,MAG,haas,Haas F1 Team,19,17,0.0,fastf1
2022,20,2022-10-30,Mexico City Grand Prix,,,latifi,LAT,williams,Williams,18,18,0.0,fastf1
2022,20,2022-10-30,Mexico City Grand Prix,,,alonso,ALO,alpine,Alpine,9,19,0.0,fastf1
2022,20,2022-10-30,Mexico City Grand Prix,,,tsunoda,TSU,alphatauri,AlphaTauri,13,20,0.0,fastf1
2022,21,2022-11-13,São Paulo Grand Prix,,,russell,RUS,mercedes,Mercedes,1,1,26.0,fastf1
2022,21,2022-11-13,São Paulo Grand Prix,,,hamilton,HAM,mercedes,Mercedes,2,2,18.0,fastf1
2022,21,2022-11-13,São Paulo Grand Prix,,,sainz,SAI,ferrari,Ferrari,7,3,15.0,fastf1
2022,21,2022-11-13,São Paulo Grand Prix,,,leclerc,LEC,ferrari,Ferrari,5,4,12.0,fastf1
2022,21,2022-11-13,São Paulo Grand Prix,,,alonso,ALO,alpine,Alpine,17,5,10.0,fastf1
2022,21,2022-11-13,São Paulo Grand Prix,,,max_verstappen,VER,red_bull,Red Bull Racing,3,6,8.0,fastf1
2022,21,2022-11-13,São Paulo Grand Prix,,,perez,PER,red_bull,Red Bull Racing,4,7,6.0,fastf1
2022,21,2022-11-13,São Paulo Grand Prix,,,ocon,OCO,alpine,Alpine,16,8,4.0,fastf1
2022,21,2022-11-13,São Paulo Grand Prix,,,bottas,BOT,alfa,Alfa Romeo,14,9,2.0,fastf1
2022,21,2022-11-13,São Paulo Grand Prix,,,stroll,STR,aston_martin,Aston Martin,15,10,1.0,fastf1
2022,21,2022-11-13,São Paulo Grand Prix,,,vettel,VET,aston_martin,Aston Martin,9,11,0.0,fastf1
2022,21,2022-11-13,São Paulo Grand Prix,,,zhou,ZHO,alfa,Alfa Romeo,13,12,0.0,fastf1
2022,21,2022-11-13,São Paulo Grand Prix,,,mick_schumacher,MSC,haas,Haas F1 Team,12,13,0.0,fastf1
2022,21,2022-11-13,São Paulo Grand Prix,,,gasly,GAS,alphatauri,AlphaTauri,10,14,0.0,fastf1
2022,21,2022-11-13,São Paulo Grand Prix,,,albon,ALB,williams,Williams,19,15,0.0,fastf1
2022,21,2022-11-13,São Paulo Grand Prix,,,latifi,LAT,williams,Williams,18,16,0.0,fastf1
2022,21,2022-11-13,São Paulo Grand Prix,,,tsunoda,TSU,alphatauri,AlphaTauri,0,17,0.0,fastf1
2022,21,2022-11-13,São Paulo Grand Prix,,,norris,NOR,mclaren,McLaren,6,18,0.0,fastf1
2022,21,2022-11-13,São Paulo Grand Prix,,,kevin_magnussen,MAG,haas,Haas F1 Team,8,19,0.0,fastf1
2022,21,2022-11-13,São Paulo Grand Prix,,,ricciardo,RIC,mclaren,McLaren,11,20,0.0,fastf1
2022,22,2022-11-20,Abu Dhabi Grand Prix,,,max_verstappen,VER,red_bull,Red Bull Racing,1,1,25.0,fastf1
2022,22,2022-11-20,Abu Dhabi Grand Prix,,,leclerc,LEC,ferrari,Ferrari,3,2,18.0,fastf1
2022,22,2022-11-20,Abu Dhabi Grand Prix,,,perez,PER,red_bull,Red Bull Racing,2,3,15.0,fastf1
2022,22,2022-11-20,Abu Dhabi Grand Prix,,,sainz,SAI,ferrari,Ferrari,4,4,12.0,fastf1
2022,22,2022-11-20,Abu Dhabi Grand Prix,,,russell,RUS,mercedes,Mercedes,6,5,10.0,fastf1
2022,22,2022-11-20,Abu Dhabi Grand Prix,,,norris,NOR,mclaren,McLaren,7,6,9.0,fastf1
2022,22,2022-11-20,Abu Dhabi Grand Prix,,,ocon,OCO,alpine,Alpine,8,7,6.0,fastf1
2022,22,2022-11-20,Abu Dhabi Grand Prix,,,stroll,STR,aston_martin,Aston Martin,14,8,4.0,fastf1
2022,22,2022-11-20,Abu Dhabi Grand Prix,,,ricciardo,RIC,mclaren,McLaren,13,9,2.0,fastf1
2022,22,2022-11-20,Abu Dhabi Grand Prix,,,vettel,VET,aston_martin,Aston Martin,9,10,1.0,fastf1
2022,22,2022-11-20,Abu Dhabi Grand Prix,,,tsunoda,TSU,alphatauri,AlphaTauri,11,11,0.0,fastf1
2022,22,2022-11-20,Abu Dhabi Grand Prix,,,zhou,ZHO,alfa,Alfa Romeo,15,12,0.0,fastf1
2022,22,2022-11-20,Abu Dhabi Grand Prix,,,albon,ALB,williams,Williams,19,13,0.0,fastf1
2022,22,2022-11-20,Abu Dhabi Grand Prix,,,gasly,GAS,alphatauri,AlphaTauri,17,14,0.0,fastf1
2022,22,2022-11-20,Abu Dhabi Grand Prix,,,bottas,BOT,alfa,Alfa Romeo,18,15,0.0,fastf1
2022,22,2022-11-20,Abu Dhabi Grand Prix,,,mick_schumacher,MSC,haas,Haas F1 Team,12,16,0.0,fastf1
2022,22,2022-11-20,Abu Dhabi Grand Prix,,,kevin_magnussen,MAG,haas,Haas F1 Team,16,17,0.0,fastf1
2022,22,2022-11-20,Abu Dhabi Grand Prix,,,hamilton,HAM,mercedes,Mercedes,5,18,0.0,fastf1
2022,22,2022-11-20,Abu Dhabi Grand Prix,,,latifi,LAT,williams,Williams,20,19,0.0,fastf1
2022,22,2022-11-20,Abu Dhabi Grand Prix,,,alonso,ALO,alpine,Alpine,10,20,0.0,fastf1
2023,1,2023-03-05,Bahrain Grand Prix,,,max_verstappen,VER,red_bull,Red Bull Racing,1,1,25.0,fastf1
2023,1,2023-03-05,Bahrain Grand Prix,,,perez,PER,red_bull,Red Bull Racing,2,2,18.0,fastf1
2023,1,2023-03-05,Bahrain Grand Prix,,,alonso,ALO,aston_martin,Aston Martin,5,3,15.0,fastf1
2023,1,2023-03-05,Bahrain Grand Prix,,,sainz,SAI,ferrari,Ferrari,4,4,12.0,fastf1
2023,1,2023-03-05,Bahrain Grand Prix,,,hamilton,HAM,mercedes,Mercedes,7,5,10.0,fastf1
2023,1,2023-03-05,Bahrain Grand Prix,,,stroll,STR,aston_martin,Aston Martin,8,6,8.0,fastf1
2023,1,2023-03-05,Bahrain Grand Prix,,,russell,RUS,mercedes,Mercedes,6,7,6.0,fastf1
2023,1,2023-03-05,Bahrain Grand Prix,,,bottas,BOT,alfa,Alfa Romeo,12,8,4.0,fastf1
2023,1,2023-03-05,Bahrain Grand Prix,,,gasly,GAS,alpine,Alpine,20,9,2.0,fastf1
2023,1,2023-03-05,Bahrain Grand Prix,,,albon,ALB,williams,Williams,15,10,1.0,fastf1
2023,1,2023-03-05,Bahrain Grand Prix,,,tsunoda,TSU,alphatauri,AlphaTauri,14,11,0.0,fastf1
2023,1,2023-03-05,Bahrain Grand Prix,,,sargeant,SAR,williams,Williams,16,12,0.0,fastf1
2023,1,2023-03-05,Bahrain Grand Prix,,,kevin_magnussen,MAG,haas,Haas F1 Team,17,13,0.0,fastf1
2023,1,2023-03-05,Bahrain Grand Prix,,,de_vries,DEV,alphatauri,AlphaTauri,19,14,0.0,fastf1
2023,1,2023-03-05,Bahrain Grand Prix,,,hulkenberg,HUL,haas,Haas F1 Team,10,15,0.0,fastf1
2023,1,2023-03-05,Bahrain Grand Prix,,,zhou,ZHO,alfa,Alfa Romeo,13,16,0.0,fastf1
2023,1,2023-03-05,Bahrain Grand Prix,,,norris,NOR,mclaren,McLaren,11,17,0.0,fastf1
2023,1,2023-03-05,Bahrain Grand Prix,,,ocon,OCO,alpine,Alpine,9,18,0.0,fastf1
2023,1,2023-03-05,Bahrain Grand Prix,,,leclerc,LEC,ferrari,Ferrari,3,19,0.0,fastf1
2023,1,2023-03-05,Bahrain Grand Prix,,,piastri,PIA,mclaren,McLaren,18,20,0.0,fastf1
2023,2,2023-03-19,Saudi Arabian Grand Prix,,,perez,PER,red_bull,Red Bull Racing,1,1,25.0,fastf1
2023,2,2023-03-19,Saudi Arabian Grand Prix,,,max_verstappen,VER,red_bull,Red Bull Racing,15,2,19.0,fastf1
2023,2,2023-03-19,Saudi Arabian Grand Prix,,,alonso,ALO,aston_martin,Aston Martin,2,3,15.0,fastf1
2023,2,2023-03-19,Saudi Arabian Grand Prix,,,russell,RUS,mercedes,Mercedes,3,4,12.0,fastf1
2023,2,2023-03-19,Saudi Arabian Grand Prix,,,hamilton,HAM,mercedes,Mercedes,7,5,10.0,fastf1
2023,2,2023-03-19,Saudi Arabian Grand Prix,,,sainz,SAI,ferrari,Ferrari,4,6,8.0,fastf1
2023,2,2023-03-19,Saudi Arabian Grand Prix,,,leclerc,LEC,ferrari,Ferrari,12,7,6.0,fastf1
2023,2,2023-03-19,Saudi Arabian Grand Prix,,,ocon,OCO,alpine,Alpine,6,8,4.0,fastf1
2023,2,2023-03-19,Saudi Arabian Grand Prix,,,gasly,GAS,alpine,Alpine,9,9,2.0,fastf1
2023,2,2023-03-19,Saudi Arabian Grand Prix,,,kevin_magnussen,MAG,haas,Haas F1 Team,13,10,1.0,fastf1
2023,2,2023-03-19,Saudi Arabian Grand Prix,,,tsunoda,TSU,alphatauri,AlphaTauri,16,11,0.0,fastf1
2023,2,2023-03-19,Saudi Arabian Grand Prix,,,hulkenberg,HUL,haas,Haas F1 Team,10,12,0.0,fastf1
2023,2,2023-03-19,Saudi Arabian Grand Prix,,,zhou,ZHO,alfa,Alfa Romeo,11,13,0.0,fastf1
2023,2,2023-03-19,Saudi Arabian Grand Prix,,,de_vries,DEV,alphatauri,AlphaTauri,18,14,0.0,fastf1
2023,2,2023-03-19,Saudi Arabian Grand Prix,,,piastri,PIA,mclaren,McLaren,8,15,0.0,fastf1
2023,2,2023-03-19,Saudi Arabian Grand Prix,,,sargeant,SAR,williams,Williams,20,16,0.0,fastf1
2023,2,2023-03-19,Saudi Arabian Grand Prix,,,norris,NOR,mclaren,McLaren,19,17,0.0,fastf1
2023,2,2023-03-19,Saudi Arabian Grand Prix,,,bottas,BOT,alfa,Alfa Romeo,14,18,0.0,fastf1
2023,2,2023-03-19,Saudi Arabian Grand Prix,,,albon,ALB,williams,Williams,17,19,0.0,fastf1
2023,2,2023-03-19,Saudi Arabian Grand Prix,,,stroll,STR,aston_martin,Aston Martin,5,20,0.0,fastf1
2023,3,2023-04-02,Australian Grand Prix,,,max_verstappen,VER,red_bull,Red Bull Racing,1,1,25.0,fastf1
2023,3,2023-04-02,Australian Grand Prix,,,hamilton,HAM,mercedes,Mercedes,3,2,18.0,fastf1
2023,3,2023-04-02,Australian Grand Prix,,,alonso,ALO,aston_martin,Aston Martin,4,3,15.0,fastf1
2023,3,2023-04-02,Australian Grand Prix,,,stroll,STR,aston_martin,Aston Martin,6,4,12.0,fastf1
2023,3,2023-04-02,Australian Grand Prix,,,perez,PER,red_bull,Red Bull Racing,20,5,11.0,fastf1
2023,3,2023-04-02,Australian Grand Prix,,,norris,NOR,mclaren,McLaren,13,6,8.0,fastf1
2023,3,2023-04-02,Australian Grand Prix,,,hulkenberg,HUL,haas,Haas F1 Team,10,7,6.0,fastf1
2023,3,2023-04-02,Australian Grand Prix,,,piastri,PIA,mclaren,McLaren,16,8,4.0,fastf1
2023,3,2023-04-02,Australian Grand Prix,,,zhou,ZHO,alfa,Alfa Romeo,17,9,2.0,fastf1
2023,3,2023-04-02,Australian Grand Prix,,,tsunoda,TSU,alphatauri,AlphaTauri,12,10,1.0,fastf1
2023,3,2023-04-02,Australian Grand Prix,,,bottas,BOT,alfa,Alfa Romeo,19,11,0.0,fastf1
2023,3,2023-04-02,Australian Grand Prix,,,sainz,SAI,ferrari,Ferrari,5,12,0.0,fastf1
2023,3,2023-04-02,Australian Grand Prix,,,gasly,GAS,alpine,Alpine,9,13,0.0,fastf1
2023,3,2023-04-02,Australian Grand Prix,,,ocon,OCO,alpine,Alpine,11,14,0.0,fastf1
2023,3,2023-04-02,Australian Grand Prix,,,de_vries,DEV,alphatauri,AlphaTauri,15,15,0.0,fastf1
2023,3,2023-04-02,Australian Grand Prix,,,sargeant,SAR,williams,Williams,18,16,0.0,fastf1
2023,3,2023-04-02,Australian Grand Prix,,,kevin_magnussen,MAG,haas,Haas F1 Team,14,17,0.0,fastf1
2023,3,2023-04-02,Australian Grand Prix,,,russell,RUS,mercedes,Mercedes,2,18,0.0,fastf1
2023,3,2023-04-02,Australian Grand Prix,,,albon,ALB,williams,Williams,8,19,0.0,fastf1
2023,3,2023-04-02,Australian Grand Prix,,,leclerc,LEC,ferrari,Ferrari,7,20,0.0,fastf1
2023,4,2023-04-30,Azerbaijan Grand Prix,,,perez,PER,red_bull,Red Bull Racing,3,1,25.0,fastf1
2023,4,2023-04-30,Azerbaijan Grand Prix,,,max_verstappen,VER,red_bull,Red Bull Racing,2,2,18.0,fastf1
2023,4,2023-04-30,Azerbaijan Grand Prix,,,leclerc,LEC,ferrari,Ferrari,1,3,15.0,fastf1
2023,4,2023-04-30,Azerbaijan Grand Prix,,,alonso,ALO,aston_martin,Aston Martin,6,4,12.0,fastf1
2023,4,2023-04-30,Azerbaijan Grand Prix,,,sainz,SAI,ferrari,Ferrari,4,5,10.0,fastf1
2023,4,2023-04-30,Azerbaijan Grand Prix,,,hamilton,HAM,mercedes,Mercedes,5,6,8.0,fastf1
2023,4,2023-04-30,Azerbaijan Grand Prix,,,stroll,STR,aston_martin,Aston Martin,9,7,6.0,fastf1
2023,4,2023-04-30,Azerbaijan Grand Prix,,,russell,RUS,mercedes,Mercedes,11,8,5.0,fastf1
2023,4,2023-04-30,Azerbaijan Grand Prix,,,norris,NOR,mclaren,McLaren,7,9,2.0,fastf1
2023,4,2023-04-30,Azerbaijan Grand Prix,,,tsunoda,TSU,alphatauri,AlphaTauri,8,10,1.0,fastf1
2023,4,2023-04-30,Azerbaijan Grand Prix,,,piastri,PIA,mclaren,McLaren,10,11,0.0,fastf1
2023,4,2023-04-30,Azerbaijan Grand Prix,,,albon,ALB,williams,Williams,12,12,0.0,fastf1
2023,4,2023-04-30,Azerbaijan Grand Prix,,,kevin_magnussen,MAG,haas,Haas F1 Team,16,13,0.0,fastf1
2023,4,2023-04-30,Azerbaijan Grand Prix,,,gasly,GAS,alpine,Alpine,17,14,0.0,fastf1
2023,4,2023-04-30,Azerbaijan Grand Prix,,,ocon,OCO,alpine,Alpine,19,15,0.0,fastf1
2023,4,2023-04-30,Azerbaijan Grand Prix,,,sargeant,SAR,williams,Williams,14,16,0.0,fastf1
2023,4,2023-04-30,Azerbaijan Grand Prix,,,hulkenberg,HUL,haas,Haas F1 Team,20,17,0.0,fastf1
2023,4,2023-04-30,Azerbaijan Grand Prix,,,bottas,BOT,alfa,Alfa Romeo,13,18,0.0,fastf1
2023,4,2023-04-30,Azerbaijan Grand Prix,,,zhou,ZHO,alfa,Alfa Romeo,15,19,0.0,fastf1
2023,4,2023-04-30,Azerbaijan Grand Prix,,,de_vries,DEV,alphatauri,AlphaTauri,18,20,0.0,fastf1
2023,5,2023-05-07,Miami Grand Prix,,,max_verstappen,VER,red_bull,Red Bull Racing,9,1,26.0,fastf1
2023,5,2023-05-07,Miami Grand Prix,,,perez,PER,red_bull,Red Bull Racing,1,2,18.0,fastf1
2023,5,2023-05-07,Miami Grand Prix,,,alonso,ALO,aston_martin,Aston Martin,2,3,15.0,fastf1
2023,5,2023-05-07,Miami Grand Prix,,,russell,RUS,mercedes,Mercedes,6,4,12.0,fastf1
2023,5,2023-05-07,Miami Grand Prix,,,sainz,SAI,ferrari,Ferrari,3,5,10.0,fastf1
2023,5,2023-05-07,Miami Grand Prix,,,hamilton,HAM,mercedes,Mercedes,13,6,8.0,fastf1
2023,5,2023-05-07,Miami Grand Prix,,,leclerc,LEC,ferrari,Ferrari,7,7,6.0,fastf1
2023,5,2023-05-07,Miami Grand Prix,,,gasly,GAS,alpine,Alpine,5,8,4.0,fastf1
2023,5,2023-05-07,Miami Grand Prix,,,ocon,OCO,alpine,Alpine,8,9,2.0,fastf1
2023,5,2023-05-07,Miami Grand Prix,,,kevin_magnussen,MAG,haas,Haas F1 Team,4,10,1.0,fastf1
2023,5,2023-05-07,Miami Grand Prix,,,tsunoda,TSU,alphatauri,AlphaTauri,17,11,0.0,fastf1
2023,5,2023-05-07,Miami Grand Prix,,,stroll,STR,aston_martin,Aston Martin,18,12,0.0,fastf1
2023,5,2023-05-07,Miami Grand Prix,,,bottas,BOT,alfa,Alfa Romeo,10,13,0.0,fastf1
2023,5,2023-05-07,Miami Grand Prix,,,albon,ALB,williams,Williams,11,14,0.0,fastf1
2023,5,2023-05-07,Miami Grand Prix,,,hulkenberg,HUL,haas,Haas F1 Team,12,15,0.0,fastf1
2023,5,2023-05-07,Miami Grand Prix,,,zhou,ZHO,alfa,Alfa Romeo,14,16,0.0,fastf1
2023,5,2023-05-07,Miami Grand Prix,,,norris,NOR,mclaren,McLaren,16,17,0.0,fastf1
2023,5,2023-05-07,Miami Grand Prix,,,de_vries,DEV,alphatauri,AlphaTauri,15,18,0.0,fastf1
2023,5,2023-05-07,Miami Grand Prix,,,piastri,PIA,mclaren,McLaren,19,19,0.0,fastf1
2023,5,2023-05-07,Miami Grand Prix,,,sargeant,SAR,williams,Williams,20,20,0.0,fastf1
2023,6,2023-05-28,Monaco Grand Prix,,,max_verstappen,VER,red_bull,Red Bull Racing,1,1,25.0,fastf1
2023,6,2023-05-28,Monaco Grand Prix,,,alonso,ALO,aston_martin,Aston Martin,2,2,18.0,fastf1
2023,6,2023-05-28,Monaco Grand Prix,,,ocon,OCO,alpine,Alpine,3,3,15.0,fastf1
2023,6,2023-05-28,Monaco Grand Prix,,,hamilton,HAM,mercedes,Mercedes,5,4,13.0,fastf1
2023,6,2023-05-28,Monaco Grand Prix,,,russell,RUS,mercedes,Mercedes,8,5,10.0,fastf1
2023,6,2023-05-28,Monaco Grand Prix,,,leclerc,LEC,ferrari,Ferrari,6,6,8.0,fastf1
2023,6,2023-05-28,Monaco Grand Prix,,,gasly,GAS,alpine,Alpine,7,7,6.0,fastf1
2023,6,2023-05-28,Monaco Grand Prix,,,sainz,SAI,ferrari,Ferrari,4,8,4.0,fastf1
2023,6,2023-05-28,Monaco Grand Prix,,,norris,NOR,mclaren,McLaren,10,9,2.0,fastf1
2023,6,2023-05-28,Monaco Grand Prix,,,piastri,PIA,mclaren,McLaren,11,10,1.0,fastf1
2023,6,2023-05-28,Monaco Grand Prix,,,bottas,BOT,alfa,Alfa Romeo,15,11,0.0,fastf1
2023,6,2023-05-28,Monaco Grand Prix,,,de_vries,DEV,alphatauri,AlphaTauri,12,12,0.0,fastf1
2023,6,2023-05-28,Monaco Grand Prix,,,zhou,ZHO,alfa,Alfa Romeo,19,13,0.0,fastf1
2023,6,2023-05-28,Monaco Grand Prix,,,albon,ALB,williams,Williams,13,14,0.0,fastf1
2023,6,2023-05-28,Monaco Grand Prix,,,tsunoda,TSU,alphatauri,AlphaTauri,9,15,0.0,fastf1
2023,6,2023-05-28,Monaco Grand Prix,,,perez,PER,red_bull,Red Bull Racing,20,16,0.0,fastf1
2023,6,2023-05-28,Monaco Grand Prix,,,hulkenberg,HUL,haas,Haas F1 Team,18,17,0.0,fastf1
2023,6,2023-05-28,Monaco Grand Prix,,,sargeant,SAR,williams,Williams,16,18,0.0,fastf1
2023,6,2023-05-28,Monaco Grand Prix,,,kevin_magnussen,MAG,haas,Haas F1 Team,17,19,0.0,fastf1
2023,6,2023-05-28,Monaco Grand Prix,,,stroll,STR,aston_martin,Aston Martin,14,20,0.0,fastf1
2023,7,2023-06-04,Spanish Grand Prix,,,max_verstappen,VER,red_bull,Red Bull Racing,1,1,26.0,fastf1
2023,7,2023-06-04,Spanish Grand Prix,,,hamilton,HAM,mercedes,Mercedes,4,2,18.0,fastf1
2023,7,2023-06-04,Spanish Grand Prix,,,russell,RUS,mercedes,Mercedes,12,3,15.0,fastf1
2023,7,2023-06-04,Spanish Grand Prix,,,perez,PER,red_bull,Red Bull Racing,11,4,12.0,fastf1
2023,7,2023-06-04,Spanish Grand Prix,,,sainz,SAI,ferrari,Ferrari,2,5,10.0,fastf1
2023,7,2023-06-04,Spanish Grand Prix,,,stroll,STR,aston_martin,Aston Martin,5,6,8.0,fastf1
2023,7,2023-06-04,Spanish Grand Prix,,,alonso,ALO,aston_martin,Aston Martin,8,7,6.0,fastf1
2023,7,2023-06-04,Spanish Grand Prix,,,ocon,OCO,alpine,Alpine,6,8,4.0,fastf1
2023,7,2023-06-04,Spanish Grand Prix,,,zhou,ZHO,alfa,Alfa Romeo,13,9,2.0,fastf1
2023,7,2023-06-04,Spanish Grand Prix,,,gasly,GAS,alpine,Alpine,10,10,1.0,fastf1
2023,7,2023-06-04,Spanish Grand Prix,,,leclerc,LEC,ferrari,Ferrari,19,11,0.0,fastf1
2023,7,2023-06-04,Spanish Grand Prix,,,tsunoda,TSU,alphatauri,AlphaTauri,15,12,0.0,fastf1
2023,7,2023-06-04,Spanish Grand Prix,,,piastri,PIA,mclaren,McLaren,9,13,0.0,fastf1
2023,7,2023-06-04,Spanish Grand Prix,,,de_vries,DEV,alphatauri,AlphaTauri,14,14,0.0,fastf1
2023,7,2023-06-04,Spanish Grand Prix,,,hulkenberg,HUL,haas,Haas F1 Team,7,15,0.0,fastf1
2023,7,2023-06-04,Spanish Grand Prix,,,albon,ALB,williams,Williams,18,16,0.0,fastf1
2023,7,2023-06-04,Spanish Grand Prix,,,norris,NOR,mclaren,McLaren,3,17,0.0,fastf1
2023,7,2023-06-04,Spanish Grand Prix,,,kevin_magnussen,MAG,haas,Haas F1 Team,17,18,0.0,fastf1
2023,7,2023-06-04,Spanish Grand Prix,,,bottas,BOT,alfa,Alfa Romeo,16,19,0.0,fastf1
2023,7,2023-06-04,Spanish Grand Prix,,,sargeant,SAR,williams,Williams,20,20,0.0,fastf1
2023,8,2023-06-18,Canadian Grand Prix,,,max_verstappen,VER,red_bull,Red Bull Racing,1,1,25.0,fastf1
2023,8,2023-06-18,Canadian Grand Prix,,,alonso,ALO,aston_martin,Aston Martin,2,2,18.0,fastf1
2023,8,2023-06-18,Canadian Grand Prix,,,hamilton,HAM,mercedes,Mercedes,3,3,15.0,fastf1
2023,8,2023-06-18,Canadian Grand Prix,,,leclerc,LEC,ferrari,Ferrari,10,4,12.0,fastf1
2023,8,2023-06-18,Canadian Grand Prix,,,sainz,SAI,ferrari,Ferrari,11,5,10.0,fastf1
2023,8,2023-06-18,Canadian Grand Prix,,,perez,PER,red_bull,Red Bull Racing,12,6,9.0,fastf1
2023,8,2023-06-18,Canadian Grand Prix,,,albon,ALB,williams,Williams,9,7,6.0,fastf1
2023,8,2023-06-18,Canadian Grand Prix,,,ocon,OCO,alpine,Alpine,6,8,4.0,fastf1
2023,8,2023-06-18,Canadian Grand Prix,,,stroll,STR,aston_martin,Aston Martin,16,9,2.0,fastf1
2023,8,2023-06-18,Canadian Grand Prix,,,bottas,BOT,alfa,Alfa Romeo,14,10,1.0,fastf1
2023,8,2023-06-18,Canadian Grand Prix,,,piastri,PIA,mclaren,McLaren,8,11,0.0,fastf1
2023,8,2023-06-18,Canadian Grand Prix,,,gasly,GAS,alpine,Alpine,15,12,0.0,fastf1
2023,8,2023-06-18,Canadian Grand Prix,,,norris,NOR,mclaren,McLaren,7,13,0.0,fastf1
2023,8,2023-06-18,Canadian Grand Prix,,,tsunoda,TSU,alphatauri,AlphaTauri,19,14,0.0,fastf1
2023,8,2023-06-18,Canadian Grand Prix,,,hulkenberg,HUL,haas,Haas F1 Team,5,15,0.0,fastf1
2023,8,2023-06-18,Canadian Grand Prix,,,zhou,ZHO,alfa,Alfa Romeo,20,16,0.0,fastf1
2023,8,2023-06-18,Canadian Grand Prix,,,kevin_magnussen,MAG,haas,Haas F1 Team,13,17,0.0,fastf1
2023,8,2023-06-18,Canadian Grand Prix,,,de_vries,DEV,alphatauri,AlphaTauri,17,18,0.0,fastf1
2023,8,2023-06-18,Canadian Grand Prix,,,russell,RUS,mercedes,Mercedes,4,19,0.0,fastf1
2023,8,2023-06-18,Canadian Grand Prix,,,sargeant,SAR,williams,Williams,18,20,0.0,fastf1
2023,9,2023-07-02,Austrian Grand Prix,,,max_verstappen,VER,red_bull,Red Bull Racing,1,1,26.0,fastf1
2023,9,2023-07-02,Austrian Grand Prix,,,leclerc,LEC,ferrari,Ferrari,2,2,18.0,fastf1
2023,9,2023-07-02,Austrian Grand Prix,,,perez,PER,red_bull,Red Bull Racing,15,3,15.0,fastf1
2023,9,2023-07-02,Austrian Grand Prix,,,norris,NOR,mclaren,McLaren,4,4,12.0,fastf1
2023,9,2023-07-02,Austrian Grand Prix,,,alonso,ALO,aston_martin,Aston Martin,7,5,10.0,fastf1
2023,9,2023-07-02,Austrian Grand Prix,,,sainz,SAI,ferrari,Ferrari,3,6,8.0,fastf1
2023,9,2023-07-02,Austrian Grand Prix,,,russell,RUS,mercedes,Mercedes,11,7,6.0,fastf1
2023,9,2023-07-02,Austrian Grand Prix,,,hamilton,HAM,mercedes,Mercedes,5,8,4.0,fastf1
2023,9,2023-07-02,Austrian Grand Prix,,,stroll,STR,aston_martin,Aston Martin,6,9,2.0,fastf1
2023,9,2023-07-02,Austrian Grand Prix,,,gasly,GAS,alpine,Alpine,9,10,1.0,fastf1
2023,9,2023-07-02,Austrian Grand Prix,,,albon,ALB,williams,Williams,10,11,0.0,fastf1
2023,9,2023-07-02,Austrian Grand Prix,,,zhou,ZHO,alfa,Alfa Romeo,17,12,0.0,fastf1
2023,9,2023-07-02,Austrian Grand Prix,,,sargeant,SAR,williams,Williams,18,13,0.0,fastf1
2023,9,2023-07-02,Austrian Grand Prix,,,ocon,OCO,alpine,Alpine,12,14,0.0,fastf1
2023,9,2023-07-02,Austrian Grand Prix,,,bottas,BOT,alfa,Alfa Romeo,14,15,0.0,fastf1
2023,9,2023-07-02,Austrian Grand Prix,,,piastri,PIA,mclaren,McLaren,13,16,0.0,fastf1
2023,9,2023-07-02,Austrian Grand Prix,,,de_vries,DEV,alphatauri,AlphaTauri,20,17,0.0,fastf1
2023,9,2023-07-02,Austrian Grand Prix,,,kevin_magnussen,MAG,haas,Haas F1 Team,19,18,0.0,fastf1
2023,9,2023-07-02,Austrian Grand Prix,,,tsunoda,TSU,alphatauri,AlphaTauri,16,19,0.0,fastf1
2023,9,2023-07-02,Austrian Grand Prix,,,hulkenberg,HUL,haas,Haas F1 Team,8,20,0.0,fastf1
2023,10,2023-07-09,British Grand Prix,,,max_verstappen,VER,red_bull,Red Bull Racing,1,1,26.0,fastf1
2023,10,2023-07-09,British Grand Prix,,,norris,NOR,mclaren,McLaren,2,2,18.0,fastf1
2023,10,2023-07-09,British Grand Prix,,,hamilton,HAM,mercedes,Mercedes,7,3,15.0,fastf1
2023,10,2023-07-09,British Grand Prix,,,piastri,PIA,mclaren,McLaren,3,4,12.0,fastf1
2023,10,2023-07-09,British Grand Prix,,,russell,RUS,mercedes,Mercedes,6,5,10.0,fastf1
2023,10,2023-07-09,British Grand Prix,,,perez,PER,red_bull,Red Bull Racing,15,6,8.0,fastf1
2023,10,2023-07-09,British Grand Prix,,,alonso,ALO,aston_martin,Aston Martin,9,7,6.0,fastf1
2023,10,2023-07-09,British Grand Prix,,,albon,ALB,williams,Williams,8,8,4.0,fastf1
2023,10,2023-07-09,British Grand Prix,,,leclerc,LEC,ferrari,Ferrari,4,9,2.0,fastf1
2023,10,2023-07-09,British Grand Prix,,,sainz,SAI,ferrari,Ferrari,5,10,1.0,fastf1
2023,10,2023-07-09,British Grand Prix,,,sargeant,SAR,williams,Williams,14,11,0.0,fastf1
2023,10,2023-07-09,British Grand Prix,,,bottas,BOT,alfa,Alfa Romeo,20,12,0.0,fastf1
2023,10,2023-07-09,British Grand Prix,,,hulkenberg,HUL,haas,Haas F1 Team,11,13,0.0,fastf1
2023,10,2023-07-09,British Grand Prix,,,stroll,STR,aston_martin,Aston Martin,12,14,0.0,fastf1
2023,10,2023-07-09,British Grand Prix,,,zhou,ZHO,alfa,Alfa Romeo,17,15,0.0,fastf1
2023,10,2023-07-09,British Grand Prix,,,tsunoda,TSU,alphatauri,AlphaTauri,16,16,0.0,fastf1
2023,10,2023-07-09,British Grand Prix,,,de_vries,DEV,alphatauri,AlphaTauri,18,17,0.0,fastf1
2023,10,2023-07-09,British Grand Prix,,,gasly,GAS,alpine,Alpine,10,18,0.0,fastf1
2023,10,2023-07-09,British Grand Prix,,,kevin_magnussen,MAG,haas,Haas F1 Team,19,19,0.0,fastf1
2023,10,2023-07-09,British Grand Prix,,,ocon,OCO,alpine,Alpine,13,20,0.0,fastf1
2023,11,2023-07-23,Hungarian Grand Prix,,,max_verstappen,VER,red_bull,Red Bull Racing,2,1,26.0,fastf1
2023,11,2023-07-23,Hungarian Grand Prix,,,norris,NOR,mclaren,McLaren,3,2,18.0,fastf1
2023,11,2023-07-23,Hungarian Grand Prix,,,perez,PER,red_bull,Red Bull Racing,9,3,15.0,fastf1
2023,11,2023-07-23,Hungarian Grand Prix,,,hamilton,HAM,mercedes,Mercedes,1,4,12.0,fastf1
2023,11,2023-07-23,Hungarian Grand Prix,,,piastri,PIA,mclaren,McLaren,4,5,10.0,fastf1
2023,11,2023-07-23,Hungarian Grand Prix,,,russell,RUS,mercedes,Mercedes,18,6,8.0,fastf1
2023,11,2023-07-23,Hungarian Grand Prix,,,leclerc,LEC,ferrari,Ferrari,6,7,6.0,fastf1
2023,11,2023-07-23,Hungarian Grand Prix,,,sainz,SAI,ferrari,Ferrari,11,8,4.0,fastf1
2023,11,2023-07-23,Hungarian Grand Prix,,,alonso,ALO,aston_martin,Aston Martin,8,9,2.0,fastf1
2023,11,2023-07-23,Hungarian Grand Prix,,,stroll,STR,aston_martin,Aston Martin,14,10,1.0,fastf1
2023,11,2023-07-23,Hungarian Grand Prix,,,albon,ALB,williams,Williams,16,11,0.0,fastf1
2023,11,2023-07-23,Hungarian Grand Prix,,,bottas,BOT,alfa,Alfa Romeo,7,12,0.0,fastf1
2023,11,2023-07-23,Hungarian Grand Prix,,,ricciardo,RIC,alphatauri,AlphaTauri,13,13,0.0,fastf1
2023,11,2023-07-23,Hungarian Grand Prix,,,hulkenberg,HUL,haas,Haas F1 Team,10,14,0.0,fastf1
2023,11,2023-07-23,Hungarian Grand Prix,,,tsunoda,TSU,alphatauri,AlphaTauri,17,15,0.0,fastf1
2023,11,2023-07-23,Hungarian Grand Prix,,,zhou,ZHO,alfa,Alfa Romeo,5,16,0.0,fastf1
2023,11,2023-07-23,Hungarian Grand Prix,,,kevin_magnussen,MAG,haas,Haas F1 Team,19,17,0.0,fastf1
2023,11,2023-07-23,Hungarian Grand Prix,,,sargeant,SAR,williams,Williams,20,18,0.0,fastf1
2023,11,2023-07-23,Hungarian Grand Prix,,,ocon,OCO,alpine,Alpine,12,19,0.0,fastf1
2023,11,2023-07-23,Hungarian Grand Prix,,,gasly,GAS,alpine,Alpine,15,20,0.0,fastf1
2023,12,2023-07-30,Belgian Grand Prix,,,max_verstappen,VER,red_bull,Red Bull Racing,6,1,25.0,fastf1
2023,12,2023-07-30,Belgian Grand Prix,,,perez,PER,red_bull,Red Bull Racing,2,2,18.0,fastf1
2023,12,2023-07-30,Belgian Grand Prix,,,leclerc,LEC,ferrari,Ferrari,1,3,15.0,fastf1
2023,12,2023-07-30,Belgian Grand Prix,,,hamilton,HAM,mercedes,Mercedes,3,4,13.0,fastf1
2023,12,2023-07-30,Belgian Grand Prix,,,alonso,ALO,aston_martin,Aston Martin,9,5,10.0,fastf1
2023,12,2023-07-30,Belgian Grand Prix,,,russell,RUS,mercedes,Mercedes,8,6,8.0,fastf1
2023,12,2023-07-30,Belgian Grand Prix,,,norris,NOR,mclaren,McLaren,7,7,6.0,fastf1
2023,12,2023-07-30,Belgian Grand Prix,,,ocon,OCO,alpine,Alpine,14,8,4.0,fastf1
2023,12,2023-07-30,Belgian Grand Prix,,,stroll,STR,aston_martin,Aston Martin,10,9,2.0,fastf1
2023,12,2023-07-30,Belgian Grand Prix,,,tsunoda,TSU,alphatauri,AlphaTauri,11,10,1.0,fastf1
2023,12,2023-07-30,Belgian Grand Prix,,,gasly,GAS,alpine,Alpine,12,11,0.0,fastf1
2023,12,2023-07-30,Belgian Grand Prix,,,bottas,BOT,alfa,Alfa Romeo,13,12,0.0,fastf1
2023,12,2023-07-30,Belgian Grand Prix,,,zhou,ZHO,alfa,Alfa Romeo,17,13,0.0,fastf1
2023,12,2023-07-30,Belgian Grand Prix,,,albon,ALB,williams,Williams,15,14,0.0,fastf1
2023,12,2023-07-30,Belgian Grand Prix,,,kevin_magnussen,MAG,haas,Haas F1 Team,16,15,0.0,fastf1
2023,12,2023-07-30,Belgian Grand Prix,,,ricciardo,RIC,alphatauri,AlphaTauri,19,16,0.0,fastf1
2023,12,2023-07-30,Belgian Grand Prix,,,sargeant,SAR,williams,Williams,18,17,0.0,fastf1
2023,12,2023-07-30,Belgian Grand Prix,,,hulkenberg,HUL,haas,Haas F1 Team,20,18,0.0,fastf1
2023,12,2023-07-30,Belgian Grand Prix,,,sainz,SAI,ferrari,Ferrari,4,19,0.0,fastf1
2023,12,2023-07-30,Belgian Grand Prix,,,piastri,PIA,mclaren,McLaren,5,20,0.0,fastf1
2023,13,2023-08-27,Dutch Grand Prix,,,max_verstappen,VER,red_bull,Red Bull Racing,1,1,25.0,fastf1
2023,13,2023-08-27,Dutch Grand Prix,,,alonso,ALO,aston_martin,Aston Martin,5,2,19.0,fastf1
2023,13,2023-08-27,Dutch Grand Prix,,,gasly,GAS,alpine,Alpine,12,3,15.0,fastf1
2023,13,2023-08-27,Dutch Grand Prix,,,perez,PER,red_bull,Red Bull Racing,7,4,12.0,fastf1
2023,13,2023-08-27,Dutch Grand Prix,,,sainz,SAI,ferrari,Ferrari,6,5,10.0,fastf1
2023,13,2023-08-27,Dutch Grand Prix,,,hamilton,HAM,mercedes,Mercedes,13,6,8.0,fastf1
2023,13,2023-08-27,Dutch Grand Prix,,,norris,NOR,mclaren,McLaren,2,7,6.0,fastf1
2023,13,2023-08-27,Dutch Grand Prix,,,albon,ALB,williams,Williams,4,8,4.0,fastf1
2023,13,2023-08-27,Dutch Grand Prix,,,piastri,PIA,mclaren,McLaren,8,9,2.0,fastf1
2023,13,2023-08-27,Dutch Grand Prix,,,ocon,OCO,alpine,Alpine,16,10,1.0,fastf1
2023,13,2023-08-27,Dutch Grand Prix,,,stroll,STR,aston_martin,Aston Martin,11,11,0.0,fastf1
2023,13,2023-08-27,Dutch Grand Prix,,,hulkenberg,HUL,haas,Haas F1 Team,14,12,0.0,fastf1
2023,13,2023-08-27,Dutch Grand Prix,,,lawson,LAW,alphatauri,AlphaTauri,19,13,0.0,fastf1
2023,13,2023-08-27,Dutch Grand Prix,,,bottas,BOT,alfa,Alfa Romeo,18,14,0.0,fastf1
2023,13,2023-08-27,Dutch Grand Prix,,,tsunoda,TSU,alphatauri,AlphaTauri,17,15,0.0,fastf1
2023,13,2023-08-27,Dutch Grand Prix,,,kevin_magnussen,MAG,haas,Haas F1 Team,0,16,0.0,fastf1
2023,13,2023-08-27,Dutch Grand Prix,,,russell,RUS,mercedes,Mercedes,3,17,0.0,fastf1
2023,13,2023-08-27,Dutch Grand Prix,,,zhou,ZHO,alfa,Alfa Romeo,15,18,0.0,fastf1
2023,13,2023-08-27,Dutch Grand Prix,,,leclerc,LEC,ferrari,Ferrari,9,19,0.0,fastf1
2023,13,2023-08-27,Dutch Grand Prix,,,sargeant,SAR,williams,Williams,10,20,0.0,fastf1
2023,14,2023-09-03,Italian Grand Prix,,,max_verstappen,VER,red_bull,Red Bull Racing,2,1,25.0,fastf1
2023,14,2023-09-03,Italian Grand Prix,,,perez,PER,red_bull,Red Bull Racing,5,2,18.0,fastf1
2023,14,2023-09-03,Italian Grand Prix,,,sainz,SAI,ferrari,Ferrari,1,3,15.0,fastf1
2023,14,2023-09-03,Italian Grand Prix,,,leclerc,LEC,ferrari,Ferrari,3,4,12.0,fastf1
2023,14,2023-09-03,Italian Grand Prix,,,russell,RUS,mercedes,Mercedes,4,5,10.0,fastf1
2023,14,2023-09-03,Italian Grand Prix,,,hamilton,HAM,mercedes,Mercedes,8,6,8.0,fastf1
2023,14,2023-09-03,Italian Grand Prix,,,albon,ALB,williams,Williams,6,7,6.0,fastf1
2023,14,2023-09-03,Italian Grand Prix,,,norris,NOR,mclaren,McLaren,9,8,4.0,fastf1
2023,14,2023-09-03,Italian Grand Prix,,,alonso,ALO,aston_martin,Aston Martin,10,9,2.0,fastf1
2023,14,2023-09-03,Italian Grand Prix,,,bottas,BOT,alfa,Alfa Romeo,14,10,1.0,fastf1
2023,14,2023-09-03,Italian Grand Prix,,,lawson,LAW,alphatauri,AlphaTauri,12,11,0.0,fastf1
2023,14,2023-09-03,Italian Grand Prix,,,piastri,PIA,mclaren,McLaren,7,12,0.0,fastf1
2023,14,2023-09-03,Italian Grand Prix,,,sargeant,SAR,williams,Williams,15,13,0.0,fastf1
2023,14,2023-09-03,Italian Grand Prix,,,zhou,ZHO,alfa,Alfa Romeo,16,14,0.0,fastf1
2023,14,2023-09-03,Italian Grand Prix,,,gasly,GAS,alpine,Alpine,17,15,0.0,fastf1
2023,14,2023-09-03,Italian Grand Prix,,,stroll,STR,aston_martin,Aston Martin,20,16,0.0,fastf1
2023,14,2023-09-03,Italian Grand Prix,,,hulkenberg,HUL,haas,Haas F1 Team,13,17,0.0,fastf1
2023,14,2023-09-03,Italian Grand Prix,,,kevin_magnussen,MAG,haas,Haas F1 Team,19,18,0.0,fastf1
2023,14,2023-09-03,Italian Grand Prix,,,ocon,OCO,alpine,Alpine,18,19,0.0,fastf1
2023,14,2023-09-03,Italian Grand Prix,,,tsunoda,TSU,alphatauri,AlphaTauri,11,20,0.0,fastf1
2023,15,2023-09-17,Singapore Grand Prix,,,sainz,SAI,ferrari,Ferrari,1,1,25.0,fastf1
2023,15,2023-09-17,Singapore Grand Prix,,,norris,NOR,mclaren,McLaren,4,2,18.0,fastf1
2023,15,2023-09-17,Singapore Grand Prix,,,hamilton,HAM,mercedes,Mercedes,5,3,16.0,fastf1
2023,15,2023-09-17,Singapore Grand Prix,,,leclerc,LEC,ferrari,Ferrari,3,4,12.0,fastf1
2023,15,2023-09-17,Singapore Grand Prix,,,max_verstappen,VER,red_bull,Red Bull Racing,11,5,10.0,fastf1
2023,15,2023-09-17,Singapore Grand Prix,,,gasly,GAS,alpine,Alpine,12,6,8.0,fastf1
2023,15,2023-09-17,Singapore Grand Prix,,,piastri,PIA,mclaren,McLaren,17,7,6.0,fastf1
2023,15,2023-09-17,Singapore Grand Prix,,,perez,PER,red_bull,Red Bull Racing,13,8,4.0,fastf1
2023,15,2023-09-17,Singapore Grand Prix,,,lawson,LAW,alphatauri,AlphaTauri,10,9,2.0,fastf1
2023,15,2023-09-17,Singapore Grand Prix,,,kevin_magnussen,MAG,haas,Haas F1 Team,6,10,1.0,fastf1
2023,15,2023-09-17,Singapore Grand Prix,,,albon,ALB,williams,Williams,14,11,0.0,fastf1
2023,15,2023-09-17,Singapore Grand Prix,,,zhou,ZHO,alfa,Alfa Romeo,19,12,0.0,fastf1
2023,15,2023-09-17,Singapore Grand Prix,,,hulkenberg,HUL,haas,Haas F1 Team,9,13,0.0,fastf1
2023,15,2023-09-17,Singapore Grand Prix,,,sargeant,SAR,williams,Williams,18,14,0.0,fastf1
2023,15,2023-09-17,Singapore Grand Prix,,,alonso,ALO,aston_martin,Aston Martin,7,15,0.0,fastf1
2023,15,2023-09-17,Singapore Grand Prix,,,russell,RUS,mercedes,Mercedes,2,16,0.0,fastf1
2023,15,2023-09-17,Singapore Grand Prix,,,bottas,BOT,alfa,Alfa Romeo,16,17,0.0,fastf1
2023,15,2023-09-17,Singapore Grand Prix,,,ocon,OCO,alpine,Alpine,8,18,0.0,fastf1
2023,15,2023-09-17,Singapore Grand Prix,,,tsunoda,TSU,alphatauri,AlphaTauri,15,19,0.0,fastf1
2023,15,2023-09-17,Singapore Grand Prix,,,stroll,STR,aston_martin,Aston Martin,,,0.0,fastf1
2023,16,2023-09-24,Japanese Grand Prix,,,max_verstappen,VER,red_bull,Red Bull Racing,1,1,26.0,fastf1
2023,16,2023-09-24,Japanese Grand Prix,,,norris,NOR,mclaren,McLaren,3,2,18.0,fastf1
2023,16,2023-09-24,Japanese Grand Prix,,,piastri,PIA,mclaren,McLaren,2,3,15.0,fastf1
2023,16,2023-09-24,Japanese Grand Prix,,,leclerc,LEC,ferrari,Ferrari,4,4,12.0,fastf1
2023,16,2023-09-24,Japanese Grand Prix,,,hamilton,HAM,mercedes,Mercedes,7,5,10.0,fastf1
2023,16,2023-09-24,Japanese Grand Prix,,,sainz,SAI,ferrari,Ferrari,6,6,8.0,fastf1
2023,16,2023-09-24,Japanese Grand Prix,,,russell,RUS,mercedes,Mercedes,8,7,6.0,fastf1
2023,16,2023-09-24,Japanese Grand Prix,,,alonso,ALO,aston_martin,Aston Martin,10,8,4.0,fastf1
2023,16,2023-09-24,Japanese Grand Prix,,,ocon,OCO,alpine,Alpine,14,9,2.0,fastf1
2023,16,2023-09-24,Japanese Grand Prix,,,gasly,GAS,alpine,Alpine,12,10,1.0,fastf1
2023,16,2023-09-24,Japanese Grand Prix,,,lawson,LAW,alphatauri,AlphaTauri,11,11,0.0,fastf1
2023,16,2023-09-24,Japanese Grand Prix,,,tsunoda,TSU,alphatauri,AlphaTauri,9,12,0.0,fastf1
2023,16,2023-09-24,Japanese Grand Prix,,,zhou,ZHO,alfa,Alfa Romeo,19,13,0.0,fastf1
2023,16,2023-09-24,Japanese Grand Prix,,,hulkenberg,HUL,haas,Haas F1 Team,18,14,0.0,fastf1
2023,16,2023-09-24,Japanese Grand Prix,,,kevin_magnussen,MAG,haas,Haas F1 Team,15,15,0.0,fastf1
2023,16,2023-09-24,Japanese Grand Prix,,,albon,ALB,williams,Williams,13,16,0.0,fastf1
2023,16,2023-09-24,Japanese Grand Prix,,,sargeant,SAR,williams,Williams,20,17,0.0,fastf1
2023,16,2023-09-24,Japanese Grand Prix,,,stroll,STR,aston_martin,Aston Martin,17,18,0.0,fastf1
2023,16,2023-09-24,Japanese Grand Prix,,,perez,PER,red_bull,Red Bull Racing,5,19,0.0,fastf1
2023,16,2023-09-24,Japanese Grand Prix,,,bottas,BOT,alfa,Alfa Romeo,16,20,0.0,fastf1
2023,17,2023-10-08,Qatar Grand Prix,,,max_verstappen,VER,red_bull,Red Bull Racing,1,1,26.0,fastf1
2023,17,2023-10-08,Qatar Grand Prix,,,piastri,PIA,mclaren,McLaren,6,2,18.0,fastf1
2023,17,2023-10-08,Qatar Grand Prix,,,norris,NOR,mclaren,McLaren,10,3,15.0,fastf1
2023,17,2023-10-08,Qatar Grand Prix,,,russell,RUS,mercedes,Mercedes,2,4,12.0,fastf1
2023,17,2023-10-08,Qatar Grand Prix,,,leclerc,LEC,ferrari,Ferrari,5,5,10.0,fastf1
2023,17,2023-10-08,Qatar Grand Prix,,,alonso,ALO,aston_martin,Aston Martin,4,6,8.0,fastf1
2023,17,2023-10-08,Qatar Grand Prix,,,ocon,OCO,alpine,Alpine,8,7,6.0,fastf1
2023,17,2023-10-08,Qatar Grand Prix,,,bottas,BOT,alfa,Alfa Romeo,9,8,4.0,fastf1
2023,17,2023-10-08,Qatar Grand Prix,,,zhou,ZHO,alfa,Alfa Romeo,19,9,2.0,fastf1
2023,17,2023-10-08,Qatar Grand Prix,,,perez,PER,red_bull,Red Bull Racing,20,10,1.0,fastf1
2023,17,2023-10-08,Qatar Grand Prix,,,stroll,STR,aston_martin,Aston Martin,16,11,0.0,fastf1
2023,17,2023-10-08,Qatar Grand Prix,,,gasly,GAS,alpine,Alpine,7,12,0.0,fastf1
2023,17,2023-10-08,Qatar Grand Prix,,,albon,ALB,williams,Williams,13,13,0.0,fastf1
2023,17,2023-10-08,Qatar Grand Prix,,,kevin_magnussen,MAG,haas,Haas F1 Team,18,14,0.0,fastf1
2023,17,2023-10-08,Qatar Grand Prix,,,tsunoda,TSU,alphatauri,AlphaTauri,11,15,0.0,fastf1
2023,17,2023-10-08,Qatar Grand Prix,,,hulkenberg,HUL,haas,Haas F1 Team,14,16,0.0,fastf1
2023,17,2023-10-08,Qatar Grand Prix,,,lawson,LAW,alphatauri,AlphaTauri,17,17,0.0,fastf1
2023,17,2023-10-08,Qatar Grand Prix,,,sargeant,SAR,williams,Williams,15,18,0.0,fastf1
2023,17,2023-10-08,Qatar Grand Prix,,,hamilton,HAM,mercedes,Mercedes,3,19,0.0,fastf1
2023,17,2023-10-08,Qatar Grand Prix,,,sainz,SAI,ferrari,Ferrari,12,20,0.0,fastf1
2023,18,2023-10-22,United States Grand Prix,,,max_verstappen,VER,red_bull,Red Bull Racing,6,1,25.0,fastf1
2023,18,2023-10-22,United States Grand Prix,,,norris,NOR,mclaren,McLaren,2,2,18.0,fastf1
2023,18,2023-10-22,United States Grand Prix,,,sainz,SAI,ferrari,Ferrari,4,3,15.0,fastf1
2023,18,2023-10-22,United States Grand Prix,,,perez,PER,red_bull,Red Bull Racing,9,4,12.0,fastf1
2023,18,2023-10-22,United States Grand Prix,,,russell,RUS,mercedes,Mercedes,5,5,10.0,fastf1
2023,18,2023-10-22,United States Grand Prix,,,gasly,GAS,alpine,Alpine,7,6,8.0,fastf1
2023,18,2023-10-22,United States Grand Prix,,,stroll,STR,aston_martin,Aston Martin,20,7,6.0,fastf1
2023,18,2023-10-22,United States Grand Prix,,,tsunoda,TSU,alphatauri,AlphaTauri,11,8,5.0,fastf1
2023,18,2023-10-22,United States Grand Prix,,,albon,ALB,williams,Williams,15,9,2.0,fastf1
2023,18,2023-10-22,United States Grand Prix,,,sargeant,SAR,williams,Williams,16,10,1.0,fastf1
2023,18,2023-10-22,United States Grand Prix,,,hulkenberg,HUL,haas,Haas F1 Team,18,11,0.0,fastf1
2023,18,2023-10-22,United States Grand Prix,,,bottas,BOT,alfa,Alfa Romeo,13,12,0.0,fastf1
2023,18,2023-10-22,United States Grand Prix,,,zhou,ZHO,alfa,Alfa Romeo,12,13,0.0,fastf1
2023,18,2023-10-22,United States Grand Prix,,,kevin_magnussen,MAG,haas,Haas F1 Team,17,14,0.0,fastf1
2023,18,2023-10-22,United States Grand Prix,,,ricciardo,RIC,alphatauri,AlphaTauri,14,15,0.0,fastf1
2023,18,2023-10-22,United States Grand Prix,,,alonso,ALO,aston_martin,Aston Martin,19,16,0.0,fastf1
2023,18,2023-10-22,United States Grand Prix,,,piastri,PIA,mclaren,McLaren,10,17,0.0,fastf1
2023,18,2023-10-22,United States Grand Prix,,,ocon,OCO,alpine,Alpine,8,18,0.0,fastf1
2023,18,2023-10-22,United States Grand Prix,,,hamilton,HAM,mercedes,Mercedes,3,19,0.0,fastf1
2023,18,2023-10-22,United States Grand Prix,,,leclerc,LEC,ferrari,Ferrari,1,20,0.0,fastf1
2023,19,2023-10-29,Mexico City Grand Prix,,,max_verstappen,VER,red_bull,Red Bull Racing,3,1,25.0,fastf1
2023,19,2023-10-29,Mexico City Grand Prix,,,hamilton,HAM,mercedes,Mercedes,6,2,19.0,fastf1
2023,19,2023-10-29,Mexico City Grand Prix,,,leclerc,LEC,ferrari,Ferrari,1,3,15.0,fastf1
2023,19,2023-10-29,Mexico City Grand Prix,,,sainz,SAI,ferrari,Ferrari,2,4,12.0,fastf1
2023,19,2023-10-29,Mexico City Grand Prix,,,norris,NOR,mclaren,McLaren,17,5,10.0,fastf1
2023,19,2023-10-29,Mexico City Grand Prix,,,russell,RUS,mercedes,Mercedes,8,6,8.0,fastf1
2023,19,2023-10-29,Mexico City Grand Prix,,,ricciardo,RIC,alphatauri,AlphaTauri,4,7,6.0,fastf1
2023,19,2023-10-29,Mexico City Grand Prix,,,piastri,PIA,mclaren,McLaren,7,8,4.0,fastf1
2023,19,2023-10-29,Mexico City Grand Prix,,,albon,ALB,williams,Williams,14,9,2.0,fastf1
2023,19,2023-10-29,Mexico City Grand Prix,,,ocon,OCO,alpine,Alpine,15,10,1.0,fastf1
2023,19,2023-10-29,Mexico City Grand Prix,,,gasly,GAS,alpine,Alpine,11,11,0.0,fastf1
2023,19,2023-10-29,Mexico City Grand Prix,,,tsunoda,TSU,alphatauri,AlphaTauri,18,12,0.0,fastf1
2023,19,2023-10-29,Mexico City Grand Prix,,,hulkenberg,HUL,haas,Haas F1 Team,12,13,0.0,fastf1
2023,19,2023-10-29,Mexico City Grand Prix,,,zhou,ZHO,alfa,Alfa Romeo,10,14,0.0,fastf1
2023,19,2023-10-29,Mexico City Grand Prix,,,bottas,BOT,alfa,Alfa Romeo,9,15,0.0,fastf1
2023,19,2023-10-29,Mexico City Grand Prix,,,sargeant,SAR,williams,Williams,19,16,0.0,fastf1
2023,19,2023-10-29,Mexico City Grand Prix,,,stroll,STR,aston_martin,Aston Martin,0,17,0.0,fastf1
2023,19,2023-10-29,Mexico City Grand Prix,,,alonso,ALO,aston_martin,Aston Martin,13,18,0.0,fastf1
2023,19,2023-10-29,Mexico City Grand Prix,,,kevin_magnussen,MAG,haas,Haas F1 Team,16,19,0.0,fastf1
2023,19,2023-10-29,Mexico City Grand Prix,,,perez,PER,red_bull,Red Bull Racing,5,20,0.0,fastf1
2023,20,2023-11-05,São Paulo Grand Prix,,,max_verstappen,VER,red_bull,Red Bull Racing,1,1,25.0,fastf1
2023,20,2023-11-05,São Paulo Grand Prix,,,norris,NOR,mclaren,McLaren,6,2,19.0,fastf1
2023,20,2023-11-05,São Paulo Grand Prix,,,alonso,ALO,aston_martin,Aston Martin,4,3,15.0,fastf1
2023,20,2023-11-05,São Paulo Grand Prix,,,perez,PER,red_bull,Red Bull Racing,9,4,12.0,fastf1
2023,20,2023-11-05,São Paulo Grand Prix,,,stroll,STR,aston_martin,Aston Martin,3,5,10.0,fastf1
2023,20,2023-11-05,São Paulo Grand Prix,,,sainz,SAI,ferrari,Ferrari,7,6,8.0,fastf1
2023,20,2023-11-05,São Paulo Grand Prix,,,gasly,GAS,alpine,Alpine,15,7,6.0,fastf1
2023,20,2023-11-05,São Paulo Grand Prix,,,hamilton,HAM,mercedes,Mercedes,5,8,4.0,fastf1
2023,20,2023-11-05,São Paulo Grand Prix,,,tsunoda,TSU,alphatauri,AlphaTauri,16,9,2.0,fastf1
2023,20,2023-11-05,São Paulo Grand Prix,,,ocon,OCO,alpine,Alpine,14,10,1.0,fastf1
2023,20,2023-11-05,São Paulo Grand Prix,,,sargeant,SAR,williams,Williams,19,11,0.0,fastf1
2023,20,2023-11-05,São Paulo Grand Prix,,,hulkenberg,HUL,haas,Haas F1 Team,11,12,0.0,fastf1
2023,20,2023-11-05,São Paulo Grand Prix,,,ricciardo,RIC,alphatauri,AlphaTauri,17,13,0.0,fastf1
2023,20,2023-11-05,São Paulo Grand Prix,,,piastri,PIA,mclaren,McLaren,10,14,0.0,fastf1
2023,20,2023-11-05,São Paulo Grand Prix,,,russell,RUS,mercedes,Mercedes,8,15,0.0,fastf1
2023,20,2023-11-05,São Paulo Grand Prix,,,bottas,BOT,alfa,Alfa Romeo,18,16,0.0,fastf1
2023,20,2023-11-05,São Paulo Grand Prix,,,zhou,ZHO,alfa,Alfa Romeo,20,17,0.0,fastf1
2023,20,2023-11-05,São Paulo Grand Prix,,,kevin_magnussen,MAG,haas,Haas F1 Team,12,18,0.0,fastf1
2023,20,2023-11-05,São Paulo Grand Prix,,,albon,ALB,williams,Williams,13,19,0.0,fastf1
2023,20,2023-11-05,São Paulo Grand Prix,,,leclerc,LEC,ferrari,Ferrari,2,20,0.0,fastf1
2023,21,2023-11-18,Las Vegas Grand Prix,,,max_verstappen,VER,red_bull,Red Bull Racing,2,1,25.0,fastf1
2023,21,2023-11-18,Las Vegas Grand Prix,,,leclerc,LEC,ferrari,Ferrari,1,2,18.0,fastf1
2023,21,2023-11-18,Las Vegas Grand Prix,,,perez,PER,red_bull,Red Bull Racing,11,3,15.0,fastf1
2023,21,2023-11-18,Las Vegas Grand Prix,,,ocon,OCO,alpine,Alpine,16,4,12.0,fastf1
2023,21,2023-11-18,Las Vegas Grand Prix,,,stroll,STR,aston_martin,Aston Martin,19,5,10.0,fastf1
2023,21,2023-11-18,Las Vegas Grand Prix,,,sainz,SAI,ferrari,Ferrari,12,6,8.0,fastf1
2023,21,2023-11-18,Las Vegas Grand Prix,,,hamilton,HAM,mercedes,Mercedes,10,7,6.0,fastf1
2023,21,2023-11-18,Las Vegas Grand Prix,,,russell,RUS,mercedes,Mercedes,3,8,4.0,fastf1
2023,21,2023-11-18,Las Vegas Grand Prix,,,alonso,ALO,aston_martin,Aston Martin,9,9,2.0,fastf1
2023,21,2023-11-18,Las Vegas Grand Prix,,,piastri,PIA,mclaren,McLaren,18,10,2.0,fastf1
2023,21,2023-11-18,Las Vegas Grand Prix,,,gasly,GAS,alpine,Alpine,4,11,0.0,fastf1
2023,21,2023-11-18,Las Vegas Grand Prix,,,albon,ALB,williams,Williams,5,12,0.0,fastf1
2023,21,2023-11-18,Las Vegas Grand Prix,,,kevin_magnussen,MAG,haas,Haas F1 Team,8,13,0.0,fastf1
2023,21,2023-11-18,Las Vegas Grand Prix,,,ricciardo,RIC,alphatauri,AlphaTauri,14,14,0.0,fastf1
2023,21,2023-11-18,Las Vegas Grand Prix,,,zhou,ZHO,alfa,Alfa Romeo,17,15,0.0,fastf1
2023,21,2023-11-18,Las Vegas Grand Prix,,,sargeant,SAR,williams,Williams,6,16,0.0,fastf1
2023,21,2023-11-18,Las Vegas Grand Prix,,,bottas,BOT,alfa,Alfa Romeo,7,17,0.0,fastf1
2023,21,2023-11-18,Las Vegas Grand Prix,,,tsunoda,TSU,alphatauri,AlphaTauri,20,18,0.0,fastf1
2023,21,2023-11-18,Las Vegas Grand Prix,,,hulkenberg,HUL,haas,Haas F1 Team,13,19,0.0,fastf1
2023,21,2023-11-18,Las Vegas Grand Prix,,,norris,NOR,mclaren,McLaren,15,20,0.0,fastf1
2023,22,2023-11-26,Abu Dhabi Grand Prix,,,max_verstappen,VER,red_bull,Red Bull Racing,1,1,26.0,fastf1
2023,22,2023-11-26,Abu Dhabi Grand Prix,,,leclerc,LEC,ferrari,Ferrari,2,2,18.0,fastf1
2023,22,2023-11-26,Abu Dhabi Grand Prix,,,russell,RUS,mercedes,Mercedes,4,3,15.0,fastf1
2023,22,2023-11-26,Abu Dhabi Grand Prix,,,perez,PER,red_bull,Red Bull Racing,9,4,12.0,fastf1
2023,22,2023-11-26,Abu Dhabi Grand Prix,,,norris,NOR,mclaren,McLaren,5,5,10.0,fastf1
2023,22,2023-11-26,Abu Dhabi Grand Prix,,,piastri,PIA,mclaren,McLaren,3,6,8.0,fastf1
2023,22,2023-11-26,Abu Dhabi Grand Prix,,,alonso,ALO,aston_martin,Aston Martin,7,7,6.0,fastf1
2023,22,2023-11-26,Abu Dhabi Grand Prix,,,tsunoda,TSU,alphatauri,AlphaTauri,6,8,4.0,fastf1
2023,22,2023-11-26,Abu Dhabi Grand Prix,,,hamilton,HAM,mercedes,Mercedes,11,9,2.0,fastf1
2023,22,2023-11-26,Abu Dhabi Grand Prix,,,stroll,STR,aston_martin,Aston Martin,13,10,1.0,fastf1
2023,22,2023-11-26,Abu Dhabi Grand Prix,,,ricciardo,RIC,alphatauri,AlphaTauri,15,11,0.0,fastf1
2023,22,2023-11-26,Abu Dhabi Grand Prix,,,ocon,OCO,alpine,Alpine,12,12,0.0,fastf1
2023,22,2023-11-26,Abu Dhabi Grand Prix,,,gasly,GAS,alpine,Alpine,10,13,0.0,fastf1
2023,22,2023-11-26,Abu Dhabi Grand Prix,,,albon,ALB,williams,Williams,14,14,0.0,fastf1
2023,22,2023-11-26,Abu Dhabi Grand Prix,,,hulkenberg,HUL,haas,Haas F1 Team,8,15,0.0,fastf1
2023,22,2023-11-26,Abu Dhabi Grand Prix,,,sargeant,SAR,williams,Williams,20,16,0.0,fastf1
2023,22,2023-11-26,Abu Dhabi Grand Prix,,,zhou,ZHO,alfa,Alfa Romeo,19,17,0.0,fastf1
2023,22,2023-11-26,Abu Dhabi Grand Prix,,,sainz,SAI,ferrari,Ferrari,16,18,0.0,fastf1
2023,22,2023-11-26,Abu Dhabi Grand Prix,,,bottas,BOT,alfa,Alfa Romeo,18,19,0.0,fastf1
2023,22,2023-11-26,Abu Dhabi Grand Prix,,,kevin_magnussen,MAG,haas,Haas F1 Team,17,20,0.0,fastf1
2024,1,2024-03-02,Bahrain Grand Prix,,,max_verstappen,VER,red_bull,Red Bull Racing,1,1,26.0,fastf1
2024,1,2024-03-02,Bahrain Grand Prix,,,perez,PER,red_bull,Red Bull Racing,5,2,18.0,fastf1
2024,1,2024-03-02,Bahrain Grand Prix,,,sainz,SAI,ferrari,Ferrari,4,3,15.0,fastf1
2024,1,2024-03-02,Bahrain Grand Prix,,,leclerc,LEC,ferrari,Ferrari,2,4,12.0,fastf1
2024,1,2024-03-02,Bahrain Grand Prix,,,russell,RUS,mercedes,Mercedes,3,5,10.0,fastf1
2024,1,2024-03-02,Bahrain Grand Prix,,,norris,NOR,mclaren,McLaren,7,6,8.0,fastf1
2024,1,2024-03-02,Bahrain Grand Prix,,,hamilton,HAM,mercedes,Mercedes,9,7,6.0,fastf1
2024,1,2024-03-02,Bahrain Grand Prix,,,piastri,PIA,mclaren,McLaren,8,8,4.0,fastf1
2024,1,2024-03-02,Bahrain Grand Prix,,,alonso,ALO,aston_martin,Aston Martin,6,9,2.0,fastf1
2024,1,2024-03-02,Bahrain Grand Prix,,,stroll,STR,aston_martin,Aston Martin,12,10,1.0,fastf1
2024,1,2024-03-02,Bahrain Grand Prix,,,zhou,ZHO,sauber,Kick Sauber,17,11,0.0,fastf1
2024,1,2024-03-02,Bahrain Grand Prix,,,kevin_magnussen,MAG,haas,Haas F1 Team,15,12,0.0,fastf1
2024,1,2024-03-02,Bahrain Grand Prix,,,ricciardo,RIC,rb,RB,14,13,0.0,fastf1
2024,1,2024-03-02,Bahrain Grand Prix,,,tsunoda,TSU,rb,RB,11,14,0.0,fastf1
2024,1,2024-03-02,Bahrain Grand Prix,,,albon,ALB,williams,Williams,13,15,0.0,fastf1
2024,1,2024-03-02,Bahrain Grand Prix,,,hulkenberg,HUL,haas,Haas F1 Team,10,16,0.0,fastf1
2024,1,2024-03-02,Bahrain Grand Prix,,,ocon,OCO,alpine,Alpine,19,17,0.0,fastf1
2024,1,2024-03-02,Bahrain Grand Prix,,,gasly,GAS,alpine,Alpine,20,18,0.0,fastf1
2024,1,2024-03-02,Bahrain Grand Prix,,,bottas,BOT,sauber,Kick Sauber,16,19,0.0,fastf1
2024,1,2024-03-02,Bahrain Grand Prix,,,sargeant,SAR,williams,Williams,18,20,0.0,fastf1
2024,2,2024-03-09,Saudi Arabian Grand Prix,,,max_verstappen,VER,red_bull,Red Bull Racing,1,1,25.0,fastf1
2024,2,2024-03-09,Saudi Arabian Grand Prix,,,perez,PER,red_bull,Red Bull Racing,3,2,18.0,fastf1
2024,2,2024-03-09,Saudi Arabian Grand Prix,,,leclerc,LEC,ferrari,Ferrari,2,3,16.0,fastf1
2024,2,2024-03-09,Saudi Arabian Grand Prix,,,piastri,PIA,mclaren,McLaren,5,4,12.0,fastf1
2024,2,2024-03-09,Saudi Arabian Grand Prix,,,alonso,ALO,aston_martin,Aston Martin,4,5,10.0,fastf1
2024,2,2024-03-09,Saudi Arabian Grand Prix,,,russell,RUS,mercedes,Mercedes,7,6,8.0,fastf1
2024,2,2024-03-09,Saudi Arabian Grand Prix,,,bearman,BEA,ferrari,Ferrari,11,7,6.0,fastf1
2024,2,2024-03-09,Saudi Arabian Grand Prix,,,norris,NOR,mclaren,McLaren,6,8,4.0,fastf1
2024,2,2024-03-09,Saudi Arabian Grand Prix,,,hamilton,HAM,mercedes,Mercedes,8,9,2.0,fastf1
2024,2,2024-03-09,Saudi Arabian Grand Prix,,,hulkenberg,HUL,haas,Haas F1 Team,15,10,1.0,fastf1
2024,2,2024-03-09,Saudi Arabian Grand Prix,,,albon,ALB,williams,Williams,12,11,0.0,fastf1
2024,2,2024-03-09,Saudi Arabian Grand Prix,,,kevin_magnussen,MAG,haas,Haas F1 Team,13,12,0.0,fastf1
2024,2,2024-03-09,Saudi Arabian Grand Prix,,,ocon,OCO,alpine,Alpine,17,13,0.0,fastf1
2024,2,2024-03-09,Saudi Arabian Grand Prix,,,sargeant,SAR,williams,Williams,19,14,0.0,fastf1
2024,2,2024-03-09,Saudi Arabian Grand Prix,,,tsunoda,TSU,rb,RB,9,15,0.0,fastf1
2024,2,2024-03-09,Saudi Arabian Grand Prix,,,ricciardo,RIC,rb,RB,14,16,0.0,fastf1
2024,2,2024-03-09,Saudi Arabian Grand Prix,,,bottas,BOT,sauber,Kick Sauber,16,17,0.0,fastf1
2024,2,2024-03-09,Saudi Arabian Grand Prix,,,zhou,ZHO,sauber,Kick Sauber,20,18,0.0,fastf1
2024,2,2024-03-09,Saudi Arabian Grand Prix,,,stroll,STR,aston_martin,Aston Martin,10,19,0.0,fastf1
2024,2,2024-03-09,Saudi Arabian Grand Prix,,,gasly,GAS,alpine,Alpine,18,20,0.0,fastf1
2024,4,2024-04-07,Japanese Grand Prix,,,max_verstappen,VER,red_bull,Red Bull Racing,1,1,26.0,fastf1
2024,4,2024-04-07,Japanese Grand Prix,,,perez,PER,red_bull,Red Bull Racing,2,2,18.0,fastf1
2024,4,2024-04-07,Japanese Grand Prix,,,sainz,SAI,ferrari,Ferrari,4,3,15.0,fastf1
2024,4,2024-04-07,Japanese Grand Prix,,,leclerc,LEC,ferrari,Ferrari,8,4,12.0,fastf1
2024,4,2024-04-07,Japanese Grand Prix,,,norris,NOR,mclaren,McLaren,3,5,10.0,fastf1
2024,4,2024-04-07,Japanese Grand Prix,,,alonso,ALO,aston_martin,Aston Martin,5,6,8.0,fastf1
2024,4,2024-04-07,Japanese Grand Prix,,,russell,RUS,mercedes,Mercedes,9,7,6.0,fastf1
2024,4,2024-04-07,Japanese Grand Prix,,,piastri,PIA,mclaren,McLaren,6,8,4.0,fastf1
2024,4,2024-04-07,Japanese Grand Prix,,,hamilton,HAM,mercedes,Mercedes,7,9,2.0,fastf1
2024,4,2024-04-07,Japanese Grand Prix,,,tsunoda,TSU,rb,RB,10,10,1.0,fastf1
2024,4,2024-04-07,Japanese Grand Prix,,,hulkenberg,HUL,haas,Haas F1 Team,12,11,0.0,fastf1
2024,4,2024-04-07,Japanese Grand Prix,,,stroll,STR,aston_martin,Aston Martin,16,12,0.0,fastf1
2024,4,2024-04-07,Japanese Grand Prix,,,kevin_magnussen,MAG,haas,Haas F1 Team,18,13,0.0,fastf1
2024,4,2024-04-07,Japanese Grand Prix,,,bottas,BOT,sauber,Kick Sauber,13,14,0.0,fastf1
2024,4,2024-04-07,Japanese Grand Prix,,,ocon,OCO,alpine,Alpine,15,15,0.0,fastf1
2024,4,2024-04-07,Japanese Grand Prix,,,gasly,GAS,alpine,Alpine,17,16,0.0,fastf1
2024,4,2024-04-07,Japanese Grand Prix,,,sargeant,SAR,williams,Williams,19,17,0.0,fastf1
2024,4,2024-04-07,Japanese Grand Prix,,,zhou,ZHO,sauber,Kick Sauber,20,18,0.0,fastf1
2024,4,2024-04-07,Japanese Grand Prix,,,ricciardo,RIC,rb,RB,11,19,0.0,fastf1
2024,4,2024-04-07,Japanese Grand Prix,,,albon,ALB,williams,Williams,14,20,0.0,fastf1
2024,5,2024-04-21,Chinese Grand Prix,,,max_verstappen,VER,red_bull,Red Bull Racing,1,1,25.0,fastf1
2024,5,2024-04-21,Chinese Grand Prix,,,norris,NOR,mclaren,McLaren,4,2,18.0,fastf1
2024,5,2024-04-21,Chinese Grand Prix,,,perez,PER,red_bull,Red Bull Racing,2,3,15.0,fastf1
2024,5,2024-04-21,Chinese Grand Prix,,,leclerc,LEC,ferrari,Ferrari,6,4,12.0,fastf1
2024,5,2024-04-21,Chinese Grand Prix,,,sainz,SAI,ferrari,Ferrari,7,5,10.0,fastf1
2024,5,2024-04-21,Chinese Grand Prix,,,russell,RUS,mercedes,Mercedes,8,6,8.0,fastf1
2024,5,2024-04-21,Chinese Grand Prix,,,alonso,ALO,aston_martin,Aston Martin,3,7,7.0,fastf1
2024,5,2024-04-21,Chinese Grand Prix,,,piastri,PIA,mclaren,McLaren,5,8,4.0,fastf1
2024,5,2024-04-21,Chinese Grand Prix,,,hamilton,HAM,mercedes,Mercedes,18,9,2.0,fastf1
2024,5,2024-04-21,Chinese Grand Prix,,,hulkenberg,HUL,haas,Haas F1 Team,9,10,1.0,fastf1
2024,5,2024-04-21,Chinese Grand Prix,,,ocon,OCO,alpine,Alpine,13,11,0.0,fastf1
2024,5,2024-04-21,Chinese Grand Prix,,,albon,ALB,williams,Williams,14,12,0.0,fastf1
2024,5,2024-04-21,Chinese Grand Prix,,,gasly,GAS,alpine,Alpine,15,13,0.0,fastf1
2024,5,2024-04-21,Chinese Grand Prix,,,zhou,ZHO,sauber,Kick Sauber,16,14,0.0,fastf1
2024,5,2024-04-21,Chinese Grand Prix,,,stroll,STR,aston_martin,Aston Martin,11,15,0.0,fastf1
2024,5,2024-04-21,Chinese Grand Prix,,,kevin_magnussen,MAG,haas,Haas F1 Team,17,16,0.0,fastf1
2024,5,2024-04-21,Chinese Grand Prix,,,sargeant,SAR,williams,Williams,20,17,0.0,fastf1
2024,5,2024-04-21,Chinese Grand Prix,,,ricciardo,RIC,rb,RB,12,18,0.0,fastf1
2024,5,2024-04-21,Chinese Grand Prix,,,tsunoda,TSU,rb,RB,19,19,0.0,fastf1
2024,5,2024-04-21,Chinese Grand Prix,,,bottas,BOT,sauber,Kick Sauber,10,20,0.0,fastf1
2024,6,2024-05-05,Miami Grand Prix,,,norris,NOR,mclaren,McLaren,5,1,25.0,fastf1
2024,6,2024-05-05,Miami Grand Prix,,,max_verstappen,VER,red_bull,Red Bull Racing,1,2,18.0,fastf1
2024,6,2024-05-05,Miami Grand Prix,,,leclerc,LEC,ferrari,Ferrari,2,3,15.0,fastf1
2024,6,2024-05-05,Miami Grand Prix,,,perez,PER,red_bull,Red Bull Racing,4,4,12.0,fastf1
2024,6,2024-05-05,Miami Grand Prix,,,sainz,SAI,ferrari,Ferrari,3,5,10.0,fastf1
2024,6,2024-05-05,Miami Grand Prix,,,hamilton,HAM,mercedes,Mercedes,8,6,8.0,fastf1
2024,6,2024-05-05,Miami Grand Prix,,,tsunoda,TSU,rb,RB,10,7,6.0,fastf1
2024,6,2024-05-05,Miami Grand Prix,,,russell,RUS,mercedes,Mercedes,7,8,4.0,fastf1
2024,6,2024-05-05,Miami Grand Prix,,,alonso,ALO,aston_martin,Aston Martin,15,9,2.0,fastf1
2024,6,2024-05-05,Miami Grand Prix,,,ocon,OCO,alpine,Alpine,13,10,1.0,fastf1
2024,6,2024-05-05,Miami Grand Prix,,,hulkenberg,HUL,haas,Haas F1 Team,9,11,0.0,fastf1
2024,6,2024-05-05,Miami Grand Prix,,,gasly,GAS,alpine,Alpine,12,12,0.0,fastf1
2024,6,2024-05-05,Miami Grand Prix,,,piastri,PIA,mclaren,McLaren,6,13,0.0,fastf1
2024,6,2024-05-05,Miami Grand Prix,,,zhou,ZHO,sauber,Kick Sauber,19,14,0.0,fastf1
2024,6,2024-05-05,Miami Grand Prix,,,ricciardo,RIC,rb,RB,20,15,0.0,fastf1
2024,6,2024-05-05,Miami Grand Prix,,,bottas,BOT,sauber,Kick Sauber,16,16,0.0,fastf1
2024,6,2024-05-05,Miami Grand Prix,,,stroll,STR,aston_martin,Aston Martin,11,17,0.0,fastf1
2024,6,2024-05-05,Miami Grand Prix,,,albon,ALB,williams,Williams,14,18,0.0,fastf1
2024,6,2024-05-05,Miami Grand Prix,,,kevin_magnussen,MAG,haas,Haas F1 Team,18,19,0.0,fastf1
2024,6,2024-05-05,Miami Grand Prix,,,sargeant,SAR,williams,Williams,17,20,0.0,fastf1
2024,7,2024-05-19,Emilia Romagna Grand Prix,,,max_verstappen,VER,red_bull,Red Bull Racing,1,1,25.0,fastf1
2024,7,2024-05-19,Emilia Romagna Grand Prix,,,norris,NOR,mclaren,McLaren,2,2,18.0,fastf1
2024,7,2024-05-19,Emilia Romagna Grand Prix,,,leclerc,LEC,ferrari,Ferrari,3,3,15.0,fastf1
2024,7,2024-05-19,Emilia Romagna Grand Prix,,,piastri,PIA,mclaren,McLaren,5,4,12.0,fastf1
2024,7,2024-05-19,Emilia Romagna Grand Prix,,,sainz,SAI,ferrari,Ferrari,4,5,10.0,fastf1
2024,7,2024-05-19,Emilia Romagna Grand Prix,,,hamilton,HAM,mercedes,Mercedes,8,6,8.0,fastf1
2024,7,2024-05-19,Emilia Romagna Grand Prix,,,russell,RUS,mercedes,Mercedes,6,7,7.0,fastf1
2024,7,2024-05-19,Emilia Romagna Grand Prix,,,perez,PER,red_bull,Red Bull Racing,11,8,4.0,fastf1
2024,7,2024-05-19,Emilia Romagna Grand Prix,,,stroll,STR,aston_martin,Aston Martin,13,9,2.0,fastf1
2024,7,2024-05-19,Emilia Romagna Grand Prix,,,tsunoda,TSU,rb,RB,7,10,1.0,fastf1
2024,7,2024-05-19,Emilia Romagna Grand Prix,,,hulkenberg,HUL,haas,Haas F1 Team,10,11,0.0,fastf1
2024,7,2024-05-19,Emilia Romagna Grand Prix,,,kevin_magnussen,MAG,haas,Haas F1 Team,18,12,0.0,fastf1
2024,7,2024-05-19,Emilia Romagna Grand Prix,,,ricciardo,RIC,rb,RB,9,13,0.0,fastf1
2024,7,2024-05-19,Emilia Romagna Grand Prix,,,ocon,OCO,alpine,Alpine,12,14,0.0,fastf1
2024,7,2024-05-19,Emilia Romagna Grand Prix,,,zhou,ZHO,sauber,Kick Sauber,17,15,0.0,fastf1
2024,7,2024-05-19,Emilia Romagna Grand Prix,,,gasly,GAS,alpine,Alpine,15,16,0.0,fastf1
2024,7,2024-05-19,Emilia Romagna Grand Prix,,,sargeant,SAR,williams,Williams,19,17,0.0,fastf1
2024,7,2024-05-19,Emilia Romagna Grand Prix,,,bottas,BOT,sauber,Kick Sauber,16,18,0.0,fastf1
2024,7,2024-05-19,Emilia Romagna Grand Prix,,,alonso,ALO,aston_martin,Aston Martin,20,19,0.0,fastf1
2024,7,2024-05-19,Emilia Romagna Grand Prix,,,albon,ALB,williams,Williams,14,20,0.0,fastf1
2024,8,2024-05-26,Monaco Grand Prix,,,leclerc,LEC,ferrari,Ferrari,1,1,25.0,fastf1
2024,8,2024-05-26,Monaco Grand Prix,,,piastri,PIA,mclaren,McLaren,2,2,18.0,fastf1
2024,8,2024-05-26,Monaco Grand Prix,,,sainz,SAI,ferrari,Ferrari,3,3,15.0,fastf1
2024,8,2024-05-26,Monaco Grand Prix,,,norris,NOR,mclaren,McLaren,4,4,12.0,fastf1
2024,8,2024-05-26,Monaco Grand Prix,,,russell,RUS,mercedes,Mercedes,5,5,10.0,fastf1
2024,8,2024-05-26,Monaco Grand Prix,,,max_verstappen,VER,red_bull,Red Bull Racing,6,6,8.0,fastf1
2024,8,2024-05-26,Monaco Grand Prix,,,hamilton,HAM,mercedes,Mercedes,7,7,7.0,fastf1
2024,8,2024-05-26,Monaco Grand Prix,,,tsunoda,TSU,rb,RB,8,8,4.0,fastf1
2024,8,2024-05-26,Monaco Grand Prix,,,albon,ALB,williams,Williams,9,9,2.0,fastf1
2024,8,2024-05-26,Monaco Grand Prix,,,gasly,GAS,alpine,Alpine,10,10,1.0,fastf1
2024,8,2024-05-26,Monaco Grand Prix,,,alonso,ALO,aston_martin,Aston Martin,14,11,0.0,fastf1
2024,8,2024-05-26,Monaco Grand Prix,,,ricciardo,RIC,rb,RB,12,12,0.0,fastf1
2024,8,2024-05-26,Monaco Grand Prix,,,bottas,BOT,sauber,Kick Sauber,17,13,0.0,fastf1
2024,8,2024-05-26,Monaco Grand Prix,,,stroll,STR,aston_martin,Aston Martin,13,14,0.0,fastf1
2024,8,2024-05-26,Monaco Grand Prix,,,sargeant,SAR,williams,Williams,15,15,0.0,fastf1
2024,8,2024-05-26,Monaco Grand Prix,,,zhou,ZHO,sauber,Kick Sauber,18,16,0.0,fastf1
2024,8,2024-05-26,Monaco Grand Prix,,,ocon,OCO,alpine,Alpine,11,17,0.0,fastf1
2024,8,2024-05-26,Monaco Grand Prix,,,perez,PER,red_bull,Red Bull Racing,16,18,0.0,fastf1
2024,8,2024-05-26,Monaco Grand Prix,,,hulkenberg,HUL,haas,Haas F1 Team,19,19,0.0,fastf1
2024,8,2024-05-26,Monaco Grand Prix,,,kevin_magnussen,MAG,haas,Haas F1 Team,20,20,0.0,fastf1
2024,9,2024-06-09,Canadian Grand Prix,,,max_verstappen,VER,red_bull,Red Bull Racing,2,1,25.0,fastf1
2024,9,2024-06-09,Canadian Grand Prix,,,norris,NOR,mclaren,McLaren,3,2,18.0,fastf1
2024,9,2024-06-09,Canadian Grand Prix,,,russell,RUS,mercedes,Mercedes,1,3,15.0,fastf1
2024,9,2024-06-09,Canadian Grand Prix,,,hamilton,HAM,mercedes,Mercedes,7,4,13.0,fastf1
2024,9,2024-06-09,Canadian Grand Prix,,,piastri,PIA,mclaren,McLaren,4,5,10.0,fastf1
2024,9,2024-06-09,Canadian Grand Prix,,,alonso,ALO,aston_martin,Aston Martin,6,6,8.0,fastf1
2024,9,2024-06-09,Canadian Grand Prix,,,stroll,STR,aston_martin,Aston Martin,9,7,6.0,fastf1
2024,9,2024-06-09,Canadian Grand Prix,,,ricciardo,RIC,rb,RB,5,8,4.0,fastf1
2024,9,2024-06-09,Canadian Grand Prix,,,gasly,GAS,alpine,Alpine,15,9,2.0,fastf1
2024,9,2024-06-09,Canadian Grand Prix,,,ocon,OCO,alpine,Alpine,18,10,1.0,fastf1
2024,9,2024-06-09,Canadian Grand Prix,,,hulkenberg,HUL,haas,Haas F1 Team,17,11,0.0,fastf1
2024,9,2024-06-09,Canadian Grand Prix,,,kevin_magnussen,MAG,haas,Haas F1 Team,14,12,0.0,fastf1
2024,9,2024-06-09,Canadian Grand Prix,,,bottas,BOT,sauber,Kick Sauber,19,13,0.0,fastf1
2024,9,2024-06-09,Canadian Grand Prix,,,tsunoda,TSU,rb,RB,8,14,0.0,fastf1
2024,9,2024-06-09,Canadian Grand Prix,,,zhou,ZHO,sauber,Kick Sauber,20,15,0.0,fastf1
2024,9,2024-06-09,Canadian Grand Prix,,,sainz,SAI,ferrari,Ferrari,12,16,0.0,fastf1
2024,9,2024-06-09,Canadian Grand Prix,,,albon,ALB,williams,Williams,10,17,0.0,fastf1
2024,9,2024-06-09,Canadian Grand Prix,,,perez,PER,red_bull,Red Bull Racing,16,18,0.0,fastf1
2024,9,2024-06-09,Canadian Grand Prix,,,leclerc,LEC,ferrari,Ferrari,11,19,0.0,fastf1
2024,9,2024-06-09,Canadian Grand Prix,,,sargeant,SAR,williams,Williams,13,20,0.0,fastf1
2024,10,2024-06-23,Spanish Grand Prix,,,max_verstappen,VER,red_bull,Red Bull Racing,2,1,25.0,fastf1
2024,10,2024-06-23,Spanish Grand Prix,,,norris,NOR,mclaren,McLaren,1,2,19.0,fastf1
2024,10,2024-06-23,Spanish Grand Prix,,,hamilton,HAM,mercedes,Mercedes,3,3,15.0,fastf1
2024,10,2024-06-23,Spanish Grand Prix,,,russell,RUS,mercedes,Mercedes,4,4,12.0,fastf1
2024,10,2024-06-23,Spanish Grand Prix,,,leclerc,LEC,ferrari,Ferrari,5,5,10.0,fastf1
2024,10,2024-06-23,Spanish Grand Prix,,,sainz,SAI,ferrari,Ferrari,6,6,8.0,fastf1
2024,10,2024-06-23,Spanish Grand Prix,,,piastri,PIA,mclaren,McLaren,9,7,6.0,fastf1
2024,10,2024-06-23,Spanish Grand Prix,,,perez,PER,red_bull,Red Bull Racing,11,8,4.0,fastf1
2024,10,2024-06-23,Spanish Grand Prix,,,gasly,GAS,alpine,Alpine,7,9,2.0,fastf1
2024,10,2024-06-23,Spanish Grand Prix,,,ocon,OCO,alpine,Alpine,8,10,1.0,fastf1
2024,10,2024-06-23,Spanish Grand Prix,,,hulkenberg,HUL,haas,Haas F1 Team,13,11,0.0,fastf1
2024,10,2024-06-23,Spanish Grand Prix,,,alonso,ALO,aston_martin,Aston Martin,10,12,0.0,fastf1
2024,10,2024-06-23,Spanish Grand Prix,,,zhou,ZHO,sauber,Kick Sauber,15,13,0.0,fastf1
2024,10,2024-06-23,Spanish Grand Prix,,,stroll,STR,aston_martin,Aston Martin,14,14,0.0,fastf1
2024,10,2024-06-23,Spanish Grand Prix,,,ricciardo,RIC,rb,RB,18,15,0.0,fastf1
2024,10,2024-06-23,Spanish Grand Prix,,,bottas,BOT,sauber,Kick Sauber,12,16,0.0,fastf1
2024,10,2024-06-23,Spanish Grand Prix,,,kevin_magnussen,MAG,haas,Haas F1 Team,16,17,0.0,fastf1
2024,10,2024-06-23,Spanish Grand Prix,,,albon,ALB,williams,Williams,20,18,0.0,fastf1
2024,10,2024-06-23,Spanish Grand Prix,,,tsunoda,TSU,rb,RB,17,19,0.0,fastf1
2024,10,2024-06-23,Spanish Grand Prix,,,sargeant,SAR,williams,Williams,19,20,0.0,fastf1
2024,11,2024-06-30,Austrian Grand Prix,,,russell,RUS,mercedes,Mercedes,3,1,25.0,fastf1
2024,11,2024-06-30,Austrian Grand Prix,,,piastri,PIA,mclaren,McLaren,7,2,18.0,fastf1
2024,11,2024-06-30,Austrian Grand Prix,,,sainz,SAI,ferrari,Ferrari,4,3,15.0,fastf1
2024,11,2024-06-30,Austrian Grand Prix,,,hamilton,HAM,mercedes,Mercedes,5,4,12.0,fastf1
2024,11,2024-06-30,Austrian Grand Prix,,,max_verstappen,VER,red_bull,Red Bull Racing,1,5,10.0,fastf1
2024,11,2024-06-30,Austrian Grand Prix,,,hulkenberg,HUL,haas,Haas F1 Team,9,6,8.0,fastf1
2024,11,2024-06-30,Austrian Grand Prix,,,perez,PER,red_bull,Red Bull Racing,8,7,6.0,fastf1
2024,11,2024-06-30,Austrian Grand Prix,,,kevin_magnussen,MAG,haas,Haas F1 Team,12,8,4.0,fastf1
2024,11,2024-06-30,Austrian Grand Prix,,,ricciardo,RIC,rb,RB,11,9,2.0,fastf1
2024,11,2024-06-30,Austrian Grand Prix,,,gasly,GAS,alpine,Alpine,13,10,1.0,fastf1
2024,11,2024-06-30,Austrian Grand Prix,,,leclerc,LEC,ferrari,Ferrari,6,11,0.0,fastf1
2024,11,2024-06-30,Austrian Grand Prix,,,ocon,OCO,alpine,Alpine,10,12,0.0,fastf1
2024,11,2024-06-30,Austrian Grand Prix,,,stroll,STR,aston_martin,Aston Martin,17,13,0.0,fastf1
2024,11,2024-06-30,Austrian Grand Prix,,,tsunoda,TSU,rb,RB,14,14,0.0,fastf1
2024,11,2024-06-30,Austrian Grand Prix,,,albon,ALB,williams,Williams,16,15,0.0,fastf1
2024,11,2024-06-30,Austrian Grand Prix,,,bottas,BOT,sauber,Kick Sauber,18,16,0.0,fastf1
2024,11,2024-06-30,Austrian Grand Prix,,,zhou,ZHO,sauber,Kick Sauber,20,17,0.0,fastf1
2024,11,2024-06-30,Austrian Grand Prix,,,alonso,ALO,aston_martin,Aston Martin,15,18,0.0,fastf1
2024,11,2024-06-30,Austrian Grand Prix,,,sargeant,SAR,williams,Williams,19,19,0.0,fastf1
2024,11,2024-06-30,Austrian Grand Prix,,,norris,NOR,mclaren,McLaren,2,20,0.0,fastf1
2024,12,2024-07-07,British Grand Prix,,,hamilton,HAM,mercedes,Mercedes,2,1,25.0,fastf1
2024,12,2024-07-07,British Grand Prix,,,max_verstappen,VER,red_bull,Red Bull Racing,4,2,18.0,fastf1
2024,12,2024-07-07,British Grand Prix,,,norris,NOR,mclaren,McLaren,3,3,15.0,fastf1
2024,12,2024-07-07,British Grand Prix,,,piastri,PIA,mclaren,McLaren,5,4,12.0,fastf1
2024,12,2024-07-07,British Grand Prix,,,sainz,SAI,ferrari,Ferrari,7,5,11.0,fastf1
2024,12,2024-07-07,British Grand Prix,,,hulkenberg,HUL,haas,Haas F1 Team,6,6,8.0,fastf1
2024,12,2024-07-07,British Grand Prix,,,stroll,STR,aston_martin,Aston Martin,8,7,6.0,fastf1
2024,12,2024-07-07,British Grand Prix,,,alonso,ALO,aston_martin,Aston Martin,10,8,4.0,fastf1
2024,12,2024-07-07,British Grand Prix,,,albon,ALB,williams,Williams,9,9,2.0,fastf1
2024,12,2024-07-07,British Grand Prix,,,tsunoda,TSU,rb,RB,13,10,1.0,fastf1
2024,12,2024-07-07,British Grand Prix,,,sargeant,SAR,williams,Williams,12,11,0.0,fastf1
2024,12,2024-07-07,British Grand Prix,,,kevin_magnussen,MAG,haas,Haas F1 Team,17,12,0.0,fastf1
2024,12,2024-07-07,British Grand Prix,,,ricciardo,RIC,rb,RB,15,13,0.0,fastf1
2024,12,2024-07-07,British Grand Prix,,,leclerc,LEC,ferrari,Ferrari,11,14,0.0,fastf1
2024,12,2024-07-07,British Grand Prix,,,bottas,BOT,sauber,Kick Sauber,16,15,0.0,fastf1
2024,12,2024-07-07,British Grand Prix,,,ocon,OCO,alpine,Alpine,18,16,0.0,fastf1
2024,12,2024-07-07,British Grand Prix,,,perez,PER,red_bull,Red Bull Racing,20,17,0.0,fastf1
2024,12,2024-07-07,British Grand Prix,,,zhou,ZHO,sauber,Kick Sauber,14,18,0.0,fastf1
2024,12,2024-07-07,British Grand Prix,,,russell,RUS,mercedes,Mercedes,1,19,0.0,fastf1
2024,12,2024-07-07,British Grand Prix,,,gasly,GAS,alpine,Alpine,19,20,0.0,fastf1
2024,13,2024-07-21,Hungarian Grand Prix,,,piastri,PIA,mclaren,McLaren,2,1,25.0,fastf1
2024,13,2024-07-21,Hungarian Grand Prix,,,norris,NOR,mclaren,McLaren,1,2,18.0,fastf1
2024,13,2024-07-21,Hungarian Grand Prix,,,hamilton,HAM,mercedes,Mercedes,5,3,15.0,fastf1
2024,13,2024-07-21,Hungarian Grand Prix,,,leclerc,LEC,ferrari,Ferrari,6,4,12.0,fastf1
2024,13,2024-07-21,Hungarian Grand Prix,,,max_verstappen,VER,red_bull,Red Bull Racing,3,5,10.0,fastf1
2024,13,2024-07-21,Hungarian Grand Prix,,,sainz,SAI,ferrari,Ferrari,4,6,8.0,fastf1
2024,13,2024-07-21,Hungarian Grand Prix,,,perez,PER,red_bull,Red Bull Racing,16,7,6.0,fastf1
2024,13,2024-07-21,Hungarian Grand Prix,,,russell,RUS,mercedes,Mercedes,17,8,5.0,fastf1
2024,13,2024-07-21,Hungarian Grand Prix,,,tsunoda,TSU,rb,RB,10,9,2.0,fastf1
2024,13,2024-07-21,Hungarian Grand Prix,,,stroll,STR,aston_martin,Aston Martin,8,10,1.0,fastf1
2024,13,2024-07-21,Hungarian Grand Prix,,,alonso,ALO,aston_martin,Aston Martin,7,11,0.0,fastf1
2024,13,2024-07-21,Hungarian Grand Prix,,,ricciardo,RIC,rb,RB,9,12,0.0,fastf1
2024,13,2024-07-21,Hungarian Grand Prix,,,hulkenberg,HUL,haas,Haas F1 Team,11,13,0.0,fastf1
2024,13,2024-07-21,Hungarian Grand Prix,,,albon,ALB,williams,Williams,13,14,0.0,fastf1
2024,13,2024-07-21,Hungarian Grand Prix,,,kevin_magnussen,MAG,haas,Haas F1 Team,15,15,0.0,fastf1
2024,13,2024-07-21,Hungarian Grand Prix,,,bottas,BOT,sauber,Kick Sauber,12,16,0.0,fastf1
2024,13,2024-07-21,Hungarian Grand Prix,,,sargeant,SAR,williams,Williams,14,17,0.0,fastf1
2024,13,2024-07-21,Hungarian Grand Prix,,,ocon,OCO,alpine,Alpine,19,18,0.0,fastf1
2024,13,2024-07-21,Hungarian Grand Prix,,,zhou,ZHO,sauber,Kick Sauber,18,19,0.0,fastf1
2024,13,2024-07-21,Hungarian Grand Prix,,,gasly,GAS,alpine,Alpine,20,20,0.0,fastf1
2024,14,2024-07-28,Belgian Grand Prix,,,hamilton,HAM,mercedes,Mercedes,3,1,25.0,fastf1
2024,14,2024-07-28,Belgian Grand Prix,,,piastri,PIA,mclaren,McLaren,5,2,18.0,fastf1
2024,14,2024-07-28,Belgian Grand Prix,,,leclerc,LEC,ferrari,Ferrari,1,3,15.0,fastf1
2024,14,2024-07-28,Belgian Grand Prix,,,max_verstappen,VER,red_bull,Red Bull Racing,11,4,12.0,fastf1
2024,14,2024-07-28,Belgian Grand Prix,,,norris,NOR,mclaren,McLaren,4,5,10.0,fastf1
2024,14,2024-07-28,Belgian Grand Prix,,,sainz,SAI,ferrari,Ferrari,7,6,8.0,fastf1
2024,14,2024-07-28,Belgian Grand Prix,,,perez,PER,red_bull,Red Bull Racing,2,7,7.0,fastf1
2024,14,2024-07-28,Belgian Grand Prix,,,alonso,ALO,aston_martin,Aston Martin,8,8,4.0,fastf1
2024,14,2024-07-28,Belgian Grand Prix,,,ocon,OCO,alpine,Alpine,9,9,2.0,fastf1
2024,14,2024-07-28,Belgian Grand Prix,,,ricciardo,RIC,rb,RB,13,10,1.0,fastf1
2024,14,2024-07-28,Belgian Grand Prix,,,stroll,STR,aston_martin,Aston Martin,15,11,0.0,fastf1
2024,14,2024-07-28,Belgian Grand Prix,,,albon,ALB,williams,Williams,10,12,0.0,fastf1
2024,14,2024-07-28,Belgian Grand Prix,,,gasly,GAS,alpine,Alpine,12,13,0.0,fastf1
2024,14,2024-07-28,Belgian Grand Prix,,,kevin_magnussen,MAG,haas,Haas F1 Team,17,14,0.0,fastf1
2024,14,2024-07-28,Belgian Grand Prix,,,bottas,BOT,sauber,Kick Sauber,14,15,0.0,fastf1
2024,14,2024-07-28,Belgian Grand Prix,,,tsunoda,TSU,rb,RB,20,16,0.0,fastf1
2024,14,2024-07-28,Belgian Grand Prix,,,sargeant,SAR,williams,Williams,18,17,0.0,fastf1
2024,14,2024-07-28,Belgian Grand Prix,,,hulkenberg,HUL,haas,Haas F1 Team,16,18,0.0,fastf1
2024,14,2024-07-28,Belgian Grand Prix,,,zhou,ZHO,sauber,Kick Sauber,19,19,0.0,fastf1
2024,14,2024-07-28,Belgian Grand Prix,,,russell,RUS,mercedes,Mercedes,6,20,0.0,fastf1
2024,15,2024-08-25,Dutch Grand Prix,,,norris,NOR,mclaren,McLaren,1,1,26.0,fastf1
2024,15,2024-08-25,Dutch Grand Prix,,,max_verstappen,VER,red_bull,Red Bull Racing,2,2,18.0,fastf1
2024,15,2024-08-25,Dutch Grand Prix,,,leclerc,LEC,ferrari,Ferrari,6,3,15.0,fastf1
2024,15,2024-08-25,Dutch Grand Prix,,,piastri,PIA,mclaren,McLaren,3,4,12.0,fastf1
2024,15,2024-08-25,Dutch Grand Prix,,,sainz,SAI,ferrari,Ferrari,10,5,10.0,fastf1
2024,15,2024-08-25,Dutch Grand Prix,,,perez,PER,red_bull,Red Bull Racing,5,6,8.0,fastf1
2024,15,2024-08-25,Dutch Grand Prix,,,russell,RUS,mercedes,Mercedes,4,7,6.0,fastf1
2024,15,2024-08-25,Dutch Grand Prix,,,hamilton,HAM,mercedes,Mercedes,14,8,4.0,fastf1
2024,15,2024-08-25,Dutch Grand Prix,,,gasly,GAS,alpine,Alpine,9,9,2.0,fastf1
2024,15,2024-08-25,Dutch Grand Prix,,,alonso,ALO,aston_martin,Aston Martin,7,10,1.0,fastf1
2024,15,2024-08-25,Dutch Grand Prix,,,hulkenberg,HUL,haas,Haas F1 Team,12,11,0.0,fastf1
2024,15,2024-08-25,Dutch Grand Prix,,,ricciardo,RIC,rb,RB,13,12,0.0,fastf1
2024,15,2024-08-25,Dutch Grand Prix,,,stroll,STR,aston_martin,Aston Martin,8,13,0.0,fastf1
2024,15,2024-08-25,Dutch Grand Prix,,,albon,ALB,williams,Williams,19,14,0.0,fastf1
2024,15,2024-08-25,Dutch Grand Prix,,,ocon,OCO,alpine,Alpine,15,15,0.0,fastf1
2024,15,2024-08-25,Dutch Grand Prix,,,sargeant,SAR,williams,Williams,18,16,0.0,fastf1
2024,15,2024-08-25,Dutch Grand Prix,,,tsunoda,TSU,rb,RB,11,17,0.0,fastf1
2024,15,2024-08-25,Dutch Grand Prix,,,kevin_magnussen,MAG,haas,Haas F1 Team,20,18,0.0,fastf1
2024,15,2024-08-25,Dutch Grand Prix,,,bottas,BOT,sauber,Kick Sauber,16,19,0.0,fastf1
2024,15,2024-08-25,Dutch Grand Prix,,,zhou,ZHO,sauber,Kick Sauber,17,20,0.0,fastf1
2024,16,2024-09-01,Italian Grand Prix,,,leclerc,LEC,ferrari,Ferrari,4,1,25.0,fastf1
2024,16,2024-09-01,Italian Grand Prix,,,piastri,PIA,mclaren,McLaren,2,2,18.0,fastf1
2024,16,2024-09-01,Italian Grand Prix,,,norris,NOR,mclaren,McLaren,1,3,16.0,fastf1
2024,16,2024-09-01,Italian Grand Prix,,,sainz,SAI,ferrari,Ferrari,5,4,12.0,fastf1
2024,16,2024-09-01,Italian Grand Prix,,,hamilton,HAM,mercedes,Mercedes,6,5,10.0,fastf1
2024,16,2024-09-01,Italian Grand Prix,,,max_verstappen,VER,red_bull,Red Bull Racing,7,6,8.0,fastf1
2024,16,2024-09-01,Italian Grand Prix,,,russell,RUS,mercedes,Mercedes,3,7,6.0,fastf1
2024,16,2024-09-01,Italian Grand Prix,,,perez,PER,red_bull,Red Bull Racing,8,8,4.0,fastf1
2024,16,2024-09-01,Italian Grand Prix,,,albon,ALB,williams,Williams,9,9,2.0,fastf1
2024,16,2024-09-01,Italian Grand Prix,,,kevin_magnussen,MAG,haas,Haas F1 Team,13,10,1.0,fastf1
2024,16,2024-09-01,Italian Grand Prix,,,alonso,ALO,aston_martin,Aston Martin,11,11,0.0,fastf1
2024,16,2024-09-01,Italian Grand Prix,,,colapinto,COL,williams,Williams,18,12,0.0,fastf1
2024,16,2024-09-01,Italian Grand Prix,,,ricciardo,RIC,rb,RB,12,13,0.0,fastf1
2024,16,2024-09-01,Italian Grand Prix,,,ocon,OCO,alpine,Alpine,15,14,0.0,fastf1
2024,16,2024-09-01,Italian Grand Prix,,,gasly,GAS,alpine,Alpine,14,15,0.0,fastf1
2024,16,2024-09-01,Italian Grand Prix,,,bottas,BOT,sauber,Kick Sauber,19,16,0.0,fastf1
2024,16,2024-09-01,Italian Grand Prix,,,hulkenberg,HUL,haas,Haas F1 Team,10,17,0.0,fastf1
2024,16,2024-09-01,Italian Grand Prix,,,zhou,ZHO,sauber,Kick Sauber,20,18,0.0,fastf1
2024,16,2024-09-01,Italian Grand Prix,,,stroll,STR,aston_martin,Aston Martin,17,19,0.0,fastf1
2024,16,2024-09-01,Italian Grand Prix,,,tsunoda,TSU,rb,RB,16,20,0.0,fastf1
2024,17,2024-09-15,Azerbaijan Grand Prix,,,piastri,PIA,mclaren,McLaren,2,1,25.0,fastf1
2024,17,2024-09-15,Azerbaijan Grand Prix,,,leclerc,LEC,ferrari,Ferrari,1,2,18.0,fastf1
2024,17,2024-09-15,Azerbaijan Grand Prix,,,russell,RUS,mercedes,Mercedes,5,3,15.0,fastf1
2024,17,2024-09-15,Azerbaijan Grand Prix,,,norris,NOR,mclaren,McLaren,15,4,13.0,fastf1
2024,17,2024-09-15,Azerbaijan Grand Prix,,,max_verstappen,VER,red_bull,Red Bull Racing,6,5,10.0,fastf1
2024,17,2024-09-15,Azerbaijan Grand Prix,,,alonso,ALO,aston_martin,Aston Martin,7,6,8.0,fastf1
2024,17,2024-09-15,Azerbaijan Grand Prix,,,albon,ALB,williams,Williams,9,7,6.0,fastf1
2024,17,2024-09-15,Azerbaijan Grand Prix,,,colapinto,COL,williams,Williams,8,8,4.0,fastf1
2024,17,2024-09-15,Azerbaijan Grand Prix,,,hamilton,HAM,mercedes,Mercedes,19,9,2.0,fastf1
2024,17,2024-09-15,Azerbaijan Grand Prix,,,bearman,BEA,haas,Haas F1 Team,10,10,1.0,fastf1
2024,17,2024-09-15,Azerbaijan Grand Prix,,,hulkenberg,HUL,haas,Haas F1 Team,12,11,0.0,fastf1
2024,17,2024-09-15,Azerbaijan Grand Prix,,,gasly,GAS,alpine,Alpine,18,12,0.0,fastf1
2024,17,2024-09-15,Azerbaijan Grand Prix,,,ricciardo,RIC,rb,RB,14,13,0.0,fastf1
2024,17,2024-09-15,Azerbaijan Grand Prix,,,zhou,ZHO,sauber,Kick Sauber,17,14,0.0,fastf1
2024,17,2024-09-15,Azerbaijan Grand Prix,,,ocon,OCO,alpine,Alpine,20,15,0.0,fastf1
2024,17,2024-09-15,Azerbaijan Grand Prix,,,bottas,BOT,sauber,Kick Sauber,16,16,0.0,fastf1
2024,17,2024-09-15,Azerbaijan Grand Prix,,,perez,PER,red_bull,Red Bull Racing,4,17,0.0,fastf1
2024,17,2024-09-15,Azerbaijan Grand Prix,,,sainz,SAI,ferrari,Ferrari,3,18,0.0,fastf1
2024,17,2024-09-15,Azerbaijan Grand Prix,,,stroll,STR,aston_martin,Aston Martin,13,19,0.0,fastf1
2024,17,2024-09-15,Azerbaijan Grand Prix,,,tsunoda,TSU,rb,RB,11,20,0.0,fastf1
2024,18,2024-09-22,Singapore Grand Prix,,,norris,NOR,mclaren,McLaren,1,1,25.0,fastf1
2024,18,2024-09-22,Singapore Grand Prix,,,max_verstappen,VER,red_bull,Red Bull Racing,2,2,18.0,fastf1
2024,18,2024-09-22,Singapore Grand Prix,,,piastri,PIA,mclaren,McLaren,5,3,15.0,fastf1
2024,18,2024-09-22,Singapore Grand Prix,,,russell,RUS,mercedes,Mercedes,4,4,12.0,fastf1
2024,18,2024-09-22,Singapore Grand Prix,,,leclerc,LEC,ferrari,Ferrari,9,5,10.0,fastf1
2024,18,2024-09-22,Singapore Grand Prix,,,hamilton,HAM,mercedes,Mercedes,3,6,8.0,fastf1
2024,18,2024-09-22,Singapore Grand Prix,,,sainz,SAI,ferrari,Ferrari,10,7,6.0,fastf1
2024,18,2024-09-22,Singapore Grand Prix,,,alonso,ALO,aston_martin,Aston Martin,7,8,4.0,fastf1
2024,18,2024-09-22,Singapore Grand Prix,,,hulkenberg,HUL,haas,Haas F1 Team,6,9,2.0,fastf1
2024,18,2024-09-22,Singapore Grand Prix,,,perez,PER,red_bull,Red Bull Racing,13,10,1.0,fastf1
2024,18,2024-09-22,Singapore Grand Prix,,,colapinto,COL,williams,Williams,12,11,0.0,fastf1
2024,18,2024-09-22,Singapore Grand Prix,,,tsunoda,TSU,rb,RB,8,12,0.0,fastf1
2024,18,2024-09-22,Singapore Grand Prix,,,ocon,OCO,alpine,Alpine,15,13,0.0,fastf1
2024,18,2024-09-22,Singapore Grand Prix,,,stroll,STR,aston_martin,Aston Martin,17,14,0.0,fastf1
2024,18,2024-09-22,Singapore Grand Prix,,,zhou,ZHO,sauber,Kick Sauber,20,15,0.0,fastf1
2024,18,2024-09-22,Singapore Grand Prix,,,bottas,BOT,sauber,Kick Sauber,19,16,0.0,fastf1
2024,18,2024-09-22,Singapore Grand Prix,,,gasly,GAS,alpine,Alpine,18,17,0.0,fastf1
2024,18,2024-09-22,Singapore Grand Prix,,,ricciardo,RIC,rb,RB,16,18,0.0,fastf1
2024,18,2024-09-22,Singapore Grand Prix,,,kevin_magnussen,MAG,haas,Haas F1 Team,14,19,0.0,fastf1
2024,18,2024-09-22,Singapore Grand Prix,,,albon,ALB,williams,Williams,11,20,0.0,fastf1
2024,19,2024-10-20,United States Grand Prix,,,leclerc,LEC,ferrari,Ferrari,4,1,25.0,fastf1
2024,19,2024-10-20,United States Grand Prix,,,sainz,SAI,ferrari,Ferrari,3,2,18.0,fastf1
2024,19,2024-10-20,United States Grand Prix,,,max_verstappen,VER,red_bull,Red Bull Racing,2,3,15.0,fastf1
2024,19,2024-10-20,United States Grand Prix,,,norris,NOR,mclaren,McLaren,1,4,12.0,fastf1
2024,19,2024-10-20,United States Grand Prix,,,piastri,PIA,mclaren,McLaren,5,5,10.0,fastf1
2024,19,2024-10-20,United States Grand Prix,,,russell,RUS,mercedes,Mercedes,20,6,8.0,fastf1
2024,19,2024-10-20,United States Grand Prix,,,perez,PER,red_bull,Red Bull Racing,9,7,6.0,fastf1
2024,19,2024-10-20,United States Grand Prix,,,hulkenberg,HUL,haas,Haas F1 Team,11,8,4.0,fastf1
2024,19,2024-10-20,United States Grand Prix,,,lawson,LAW,rb,RB,19,9,2.0,fastf1
2024,19,2024-10-20,United States Grand Prix,,,colapinto,COL,williams,Williams,15,10,1.0,fastf1
2024,19,2024-10-20,United States Grand Prix,,,kevin_magnussen,MAG,haas,Haas F1 Team,8,11,0.0,fastf1
2024,19,2024-10-20,United States Grand Prix,,,gasly,GAS,alpine,Alpine,6,12,0.0,fastf1
2024,19,2024-10-20,United States Grand Prix,,,alonso,ALO,aston_martin,Aston Martin,7,13,0.0,fastf1
2024,19,2024-10-20,United States Grand Prix,,,tsunoda,TSU,rb,RB,10,14,0.0,fastf1
2024,19,2024-10-20,United States Grand Prix,,,stroll,STR,aston_martin,Aston Martin,13,15,0.0,fastf1
2024,19,2024-10-20,United States Grand Prix,,,albon,ALB,williams,Williams,14,16,0.0,fastf1
2024,19,2024-10-20,United States Grand Prix,,,bottas,BOT,sauber,Kick Sauber,16,17,0.0,fastf1
2024,19,2024-10-20,United States Grand Prix,,,ocon,OCO,alpine,Alpine,12,18,0.0,fastf1
2024,19,2024-10-20,United States Grand Prix,,,zhou,ZHO,sauber,Kick Sauber,18,19,0.0,fastf1
2024,19,2024-10-20,United States Grand Prix,,,hamilton,HAM,mercedes,Mercedes,17,20,0.0,fastf1
2024,20,2024-10-27,Mexico City Grand Prix,,,sainz,SAI,ferrari,Ferrari,1,1,25.0,fastf1
2024,20,2024-10-27,Mexico City Grand Prix,,,norris,NOR,mclaren,McLaren,3,2,18.0,fastf1
2024,20,2024-10-27,Mexico City Grand Prix,,,leclerc,LEC,ferrari,Ferrari,4,3,16.0,fastf1
2024,20,2024-10-27,Mexico City Grand Prix,,,hamilton,HAM,mercedes,Mercedes,6,4,12.0,fastf1
2024,20,2024-10-27,Mexico City Grand Prix,,,russell,RUS,mercedes,Mercedes,5,5,10.0,fastf1
2024,20,2024-10-27,Mexico City Grand Prix,,,max_verstappen,VER,red_bull,Red Bull Racing,2,6,8.0,fastf1
2024,20,2024-10-27,Mexico City Grand Prix,,,kevin_magnussen,MAG,haas,Haas F1 Team,7,7,6.0,fastf1
2024,20,2024-10-27,Mexico City Grand Prix,,,piastri,PIA,mclaren,McLaren,17,8,4.0,fastf1
2024,20,2024-10-27,Mexico City Grand Prix,,,hulkenberg,HUL,haas,Haas F1 Team,10,9,2.0,fastf1
2024,20,2024-10-27,Mexico City Grand Prix,,,gasly,GAS,alpine,Alpine,8,10,1.0,fastf1
2024,20,2024-10-27,Mexico City Grand Prix,,,stroll,STR,aston_martin,Aston Martin,14,11,0.0,fastf1
2024,20,2024-10-27,Mexico City Grand Prix,,,colapinto,COL,williams,Williams,16,12,0.0,fastf1
2024,20,2024-10-27,Mexico City Grand Prix,,,ocon,OCO,alpine,Alpine,0,13,0.0,fastf1
2024,20,2024-10-27,Mexico City Grand Prix,,,bottas,BOT,sauber,Kick Sauber,15,14,0.0,fastf1
2024,20,2024-10-27,Mexico City Grand Prix,,,zhou,ZHO,sauber,Kick Sauber,19,15,0.0,fastf1
2024,20,2024-10-27,Mexico City Grand Prix,,,lawson,LAW,rb,RB,12,16,0.0,fastf1
2024,20,2024-10-27,Mexico City Grand Prix,,,perez,PER,red_bull,Red Bull Racing,18,17,0.0,fastf1
2024,20,2024-10-27,Mexico City Grand Prix,,,alonso,ALO,aston_martin,Aston Martin,13,18,0.0,fastf1
2024,20,2024-10-27,Mexico City Grand Prix,,,albon,ALB,williams,Williams,9,19,0.0,fastf1
2024,20,2024-10-27,Mexico City Grand Prix,,,tsunoda,TSU,rb,RB,11,20,0.0,fastf1
2024,21,2024-11-03,São Paulo Grand Prix,,,max_verstappen,VER,red_bull,Red Bull Racing,17,1,26.0,fastf1
2024,21,2024-11-03,São Paulo Grand Prix,,,ocon,OCO,alpine,Alpine,4,2,18.0,fastf1
2024,21,2024-11-03,São Paulo Grand Prix,,,gasly,GAS,alpine,Alpine,13,3,15.0,fastf1
2024,21,2024-11-03,São Paulo Grand Prix,,,russell,RUS,mercedes,Mercedes,2,4,12.0,fastf1
2024,21,2024-11-03,São Paulo Grand Prix,,,leclerc,LEC,ferrari,Ferrari,6,5,10.0,fastf1
2024,21,2024-11-03,São Paulo Grand Prix,,,norris,NOR,mclaren,McLaren,1,6,8.0,fastf1
2024,21,2024-11-03,São Paulo Grand Prix,,,tsunoda,TSU,rb,RB,3,7,6.0,fastf1
2024,21,2024-11-03,São Paulo Grand Prix,,,piastri,PIA,mclaren,McLaren,8,8,4.0,fastf1
2024,21,2024-11-03,São Paulo Grand Prix,,,lawson,LAW,rb,RB,5,9,2.0,fastf1
2024,21,2024-11-03,São Paulo Grand Prix,,,hamilton,HAM,mercedes,Mercedes,14,10,1.0,fastf1
2024,21,2024-11-03,São Paulo Grand Prix,,,perez,PER,red_bull,Red Bull Racing,12,11,0.0,fastf1
2024,21,2024-11-03,São Paulo Grand Prix,,,bearman,BEA,haas,Haas F1 Team,15,12,0.0,fastf1
2024,21,2024-11-03,São Paulo Grand Prix,,,bottas,BOT,sauber,Kick Sauber,11,13,0.0,fastf1
2024,21,2024-11-03,São Paulo Grand Prix,,,alonso,ALO,aston_martin,Aston Martin,9,14,0.0,fastf1
2024,21,2024-11-03,São Paulo Grand Prix,,,zhou,ZHO,sauber,Kick Sauber,19,15,0.0,fastf1
2024,21,2024-11-03,São Paulo Grand Prix,,,sainz,SAI,ferrari,Ferrari,20,16,0.0,fastf1
2024,21,2024-11-03,São Paulo Grand Prix,,,colapinto,COL,williams,Williams,16,17,0.0,fastf1
2024,21,2024-11-03,São Paulo Grand Prix,,,albon,ALB,williams,Williams,7,18,0.0,fastf1
2024,21,2024-11-03,São Paulo Grand Prix,,,stroll,STR,aston_martin,Aston Martin,10,19,0.0,fastf1
2024,21,2024-11-03,São Paulo Grand Prix,,,hulkenberg,HUL,haas,Haas F1 Team,18,20,0.0,fastf1
2024,22,2024-11-23,Las Vegas Grand Prix,,,russell,RUS,mercedes,Mercedes,1,1,25.0,fastf1
2024,22,2024-11-23,Las Vegas Grand Prix,,,hamilton,HAM,mercedes,Mercedes,10,2,18.0,fastf1
2024,22,2024-11-23,Las Vegas Grand Prix,,,sainz,SAI,ferrari,Ferrari,2,3,15.0,fastf1
2024,22,2024-11-23,Las Vegas Grand Prix,,,leclerc,LEC,ferrari,Ferrari,4,4,12.0,fastf1
2024,22,2024-11-23,Las Vegas Grand Prix,,,max_verstappen,VER,red_bull,Red Bull Racing,5,5,10.0,fastf1
2024,22,2024-11-23,Las Vegas Grand Prix,,,norris,NOR,mclaren,McLaren,6,6,9.0,fastf1
2024,22,2024-11-23,Las Vegas Grand Prix,,,piastri,PIA,mclaren,McLaren,8,7,6.0,fastf1
2024,22,2024-11-23,Las Vegas Grand Prix,,,hulkenberg,HUL,haas,Haas F1 Team,9,8,4.0,fastf1
2024,22,2024-11-23,Las Vegas Grand Prix,,,tsunoda,TSU,rb,RB,7,9,2.0,fastf1
2024,22,2024-11-23,Las Vegas Grand Prix,,,perez,PER,red_bull,Red Bull Racing,15,10,1.0,fastf1
2024,22,2024-11-23,Las Vegas Grand Prix,,,alonso,ALO,aston_martin,Aston Martin,16,11,0.0,fastf1
2024,22,2024-11-23,Las Vegas Grand Prix,,,kevin_magnussen,MAG,haas,Haas F1 Team,12,12,0.0,fastf1
2024,22,2024-11-23,Las Vegas Grand Prix,,,zhou,ZHO,sauber,Kick Sauber,13,13,0.0,fastf1
2024,22,2024-11-23,Las Vegas Grand Prix,,,colapinto,COL,williams,Williams,20,14,0.0,fastf1
2024,22,2024-11-23,Las Vegas Grand Prix,,,stroll,STR,aston_martin,Aston Martin,18,15,0.0,fastf1
2024,22,2024-11-23,Las Vegas Grand Prix,,,lawson,LAW,rb,RB,14,16,0.0,fastf1
2024,22,2024-11-23,Las Vegas Grand Prix,,,ocon,OCO,alpine,Alpine,11,17,0.0,fastf1
2024,22,2024-11-23,Las Vegas Grand Prix,,,bottas,BOT,sauber,Kick Sauber,19,18,0.0,fastf1
2024,22,2024-11-23,Las Vegas Grand Prix,,,albon,ALB,williams,Williams,17,19,0.0,fastf1
2024,22,2024-11-23,Las Vegas Grand Prix,,,gasly,GAS,alpine,Alpine,3,20,0.0,fastf1
2024,23,2024-12-01,Qatar Grand Prix,,,max_verstappen,VER,red_bull,Red Bull Racing,2,1,25.0,fastf1
2024,23,2024-12-01,Qatar Grand Prix,,,leclerc,LEC,ferrari,Ferrari,5,2,18.0,fastf1
2024,23,2024-12-01,Qatar Grand Prix,,,piastri,PIA,mclaren,McLaren,4,3,15.0,fastf1
2024,23,2024-12-01,Qatar Grand Prix,,,russell,RUS,mercedes,Mercedes,1,4,12.0,fastf1
2024,23,2024-12-01,Qatar Grand Prix,,,gasly,GAS,alpine,Alpine,11,5,10.0,fastf1
2024,23,2024-12-01,Qatar Grand Prix,,,sainz,SAI,ferrari,Ferrari,7,6,8.0,fastf1
2024,23,2024-12-01,Qatar Grand Prix,,,alonso,ALO,aston_martin,Aston Martin,8,7,6.0,fastf1
2024,23,2024-12-01,Qatar Grand Prix,,,zhou,ZHO,sauber,Kick Sauber,12,8,4.0,fastf1
2024,23,2024-12-01,Qatar Grand Prix,,,kevin_magnussen,MAG,haas,Haas F1 Team,10,9,2.0,fastf1
2024,23,2024-12-01,Qatar Grand Prix,,,norris,NOR,mclaren,McLaren,3,10,2.0,fastf1
2024,23,2024-12-01,Qatar Grand Prix,,,bottas,BOT,sauber,Kick Sauber,13,11,0.0,fastf1
2024,23,2024-12-01,Qatar Grand Prix,,,hamilton,HAM,mercedes,Mercedes,6,12,0.0,fastf1
2024,23,2024-12-01,Qatar Grand Prix,,,tsunoda,TSU,rb,RB,14,13,0.0,fastf1
2024,23,2024-12-01,Qatar Grand Prix,,,lawson,LAW,rb,RB,17,14,0.0,fastf1
2024,23,2024-12-01,Qatar Grand Prix,,,albon,ALB,williams,Williams,16,15,0.0,fastf1
2024,23,2024-12-01,Qatar Grand Prix,,,hulkenberg,HUL,haas,Haas F1 Team,18,16,0.0,fastf1
2024,23,2024-12-01,Qatar Grand Prix,,,perez,PER,red_bull,Red Bull Racing,9,17,0.0,fastf1
2024,23,2024-12-01,Qatar Grand Prix,,,stroll,STR,aston_martin,Aston Martin,15,18,0.0,fastf1
2024,23,2024-12-01,Qatar Grand Prix,,,colapinto,COL,williams,Williams,19,19,0.0,fastf1
2024,23,2024-12-01,Qatar Grand Prix,,,ocon,OCO,alpine,Alpine,20,20,0.0,fastf1
2024,24,2024-12-08,Abu Dhabi Grand Prix,,,norris,NOR,mclaren,McLaren,1,1,25.0,fastf1
2024,24,2024-12-08,Abu Dhabi Grand Prix,,,sainz,SAI,ferrari,Ferrari,3,2,18.0,fastf1
2024,24,2024-12-08,Abu Dhabi Grand Prix,,,leclerc,LEC,ferrari,Ferrari,19,3,15.0,fastf1
2024,24,2024-12-08,Abu Dhabi Grand Prix,,,hamilton,HAM,mercedes,Mercedes,16,4,12.0,fastf1
2024,24,2024-12-08,Abu Dhabi Grand Prix,,,russell,RUS,mercedes,Mercedes,6,5,10.0,fastf1
2024,24,2024-12-08,Abu Dhabi Grand Prix,,,max_verstappen,VER,red_bull,Red Bull Racing,4,6,8.0,fastf1
2024,24,2024-12-08,Abu Dhabi Grand Prix,,,gasly,GAS,alpine,Alpine,5,7,6.0,fastf1
2024,24,2024-12-08,Abu Dhabi Grand Prix,,,hulkenberg,HUL,haas,Haas F1 Team,7,8,4.0,fastf1
2024,24,2024-12-08,Abu Dhabi Grand Prix,,,alonso,ALO,aston_martin,Aston Martin,8,9,2.0,fastf1
2024,24,2024-12-08,Abu Dhabi Grand Prix,,,piastri,PIA,mclaren,McLaren,2,10,1.0,fastf1
2024,24,2024-12-08,Abu Dhabi Grand Prix,,,albon,ALB,williams,Williams,18,11,0.0,fastf1
2024,24,2024-12-08,Abu Dhabi Grand Prix,,,tsunoda,TSU,rb,RB,11,12,0.0,fastf1
2024,24,2024-12-08,Abu Dhabi Grand Prix,,,zhou,ZHO,sauber,Kick Sauber,15,13,0.0,fastf1
2024,24,2024-12-08,Abu Dhabi Grand Prix,,,stroll,STR,aston_martin,Aston Martin,13,14,0.0,fastf1
2024,24,2024-12-08,Abu Dhabi Grand Prix,,,doohan,DOO,alpine,Alpine,17,15,0.0,fastf1
2024,24,2024-12-08,Abu Dhabi Grand Prix,,,kevin_magnussen,MAG,haas,Haas F1 Team,14,16,0.0,fastf1
2024,24,2024-12-08,Abu Dhabi Grand Prix,,,lawson,LAW,rb,RB,12,17,0.0,fastf1
2024,24,2024-12-08,Abu Dhabi Grand Prix,,,bottas,BOT,sauber,Kick Sauber,9,18,0.0,fastf1
2024,24,2024-12-08,Abu Dhabi Grand Prix,,,colapinto,COL,williams,Williams,20,19,0.0,fastf1
2024,24,2024-12-08,Abu Dhabi Grand Prix,,,perez,PER,red_bull,Red Bull Racing,10,20,0.0,fastf1
2025,1,2025-03-16,Australian Grand Prix,,,norris,NOR,mclaren,McLaren,1,1,25.0,fastf1
2025,1,2025-03-16,Australian Grand Prix,,,max_verstappen,VER,red_bull,Red Bull Racing,3,2,18.0,fastf1
2025,1,2025-03-16,Australian Grand Prix,,,russell,RUS,mercedes,Mercedes,4,3,15.0,fastf1
2025,1,2025-03-16,Australian Grand Prix,,,antonelli,ANT,mercedes,Mercedes,16,4,12.0,fastf1
2025,1,2025-03-16,Australian Grand Prix,,,albon,ALB,williams,Williams,6,5,10.0,fastf1
2025,1,2025-03-16,Australian Grand Prix,,,stroll,STR,aston_martin,Aston Martin,13,6,8.0,fastf1
2025,1,2025-03-16,Australian Grand Prix,,,hulkenberg,HUL,sauber,Kick Sauber,17,7,6.0,fastf1
2025,1,2025-03-16,Australian Grand Prix,,,leclerc,LEC,ferrari,Ferrari,7,8,4.0,fastf1
2025,1,2025-03-16,Australian Grand Prix,,,piastri,PIA,mclaren,McLaren,2,9,2.0,fastf1
2025,1,2025-03-16,Australian Grand Prix,,,hamilton,HAM,ferrari,Ferrari,8,10,1.0,fastf1
2025,1,2025-03-16,Australian Grand Prix,,,gasly,GAS,alpine,Alpine,9,11,0.0,fastf1
2025,1,2025-03-16,Australian Grand Prix,,,tsunoda,TSU,rb,Racing Bulls,5,12,0.0,fastf1
2025,1,2025-03-16,Australian Grand Prix,,,ocon,OCO,haas,Haas F1 Team,19,13,0.0,fastf1
2025,1,2025-03-16,Australian Grand Prix,,,bearman,BEA,haas,Haas F1 Team,20,14,0.0,fastf1
2025,1,2025-03-16,Australian Grand Prix,,,lawson,LAW,red_bull,Red Bull Racing,18,15,0.0,fastf1
2025,1,2025-03-16,Australian Grand Prix,,,bortoleto,BOR,sauber,Kick Sauber,15,16,0.0,fastf1
2025,1,2025-03-16,Australian Grand Prix,,,alonso,ALO,aston_martin,Aston Martin,12,17,0.0,fastf1
2025,1,2025-03-16,Australian Grand Prix,,,sainz,SAI,williams,Williams,10,18,0.0,fastf1
2025,1,2025-03-16,Australian Grand Prix,,,doohan,DOO,alpine,Alpine,14,19,0.0,fastf1
2025,1,2025-03-16,Australian Grand Prix,,,hadjar,HAD,rb,Racing Bulls,11,20,0.0,fastf1
2025,2,2025-03-23,Chinese Grand Prix,,,piastri,PIA,mclaren,McLaren,1,1,25.0,fastf1
2025,2,2025-03-23,Chinese Grand Prix,,,norris,NOR,mclaren,McLaren,3,2,18.0,fastf1
2025,2,2025-03-23,Chinese Grand Prix,,,russell,RUS,mercedes,Mercedes,2,3,15.0,fastf1
2025,2,2025-03-23,Chinese Grand Prix,,,max_verstappen,VER,red_bull,Red Bull Racing,4,4,12.0,fastf1
2025,2,2025-03-23,Chinese Grand Prix,,,ocon,OCO,haas,Haas F1 Team,11,5,10.0,fastf1
2025,2,2025-03-23,Chinese Grand Prix,,,antonelli,ANT,mercedes,Mercedes,8,6,8.0,fastf1
2025,2,2025-03-23,Chinese Grand Prix,,,albon,ALB,williams,Williams,10,7,6.0,fastf1
2025,2,2025-03-23,Chinese Grand Prix,,,bearman,BEA,haas,Haas F1 Team,17,8,4.0,fastf1
2025,2,2025-03-23,Chinese Grand Prix,,,stroll,STR,aston_martin,Aston Martin,14,9,2.0,fastf1
2025,2,2025-03-23,Chinese Grand Prix,,,sainz,SAI,williams,Williams,15,10,1.0,fastf1
2025,2,2025-03-23,Chinese Grand Prix,,,hadjar,HAD,rb,Racing Bulls,7,11,0.0,fastf1
2025,2,2025-03-23,Chinese Grand Prix,,,lawson,LAW,red_bull,Red Bull Racing,20,12,0.0,fastf1
2025,2,2025-03-23,Chinese Grand Prix,,,doohan,DOO,alpine,Alpine,18,13,0.0,fastf1
2025,2,2025-03-23,Chinese Grand Prix,,,bortoleto,BOR,sauber,Kick Sauber,19,14,0.0,fastf1
2025,2,2025-03-23,Chinese Grand Prix,,,hulkenberg,HUL,sauber,Kick Sauber,12,15,0.0,fastf1
2025,2,2025-03-23,Chinese Grand Prix,,,tsunoda,TSU,rb,Racing Bulls,9,16,0.0,fastf1
2025,2,2025-03-23,Chinese Grand Prix,,,alonso,ALO,aston_martin,Aston Martin,13,17,0.0,fastf1
2025,2,2025-03-23,Chinese Grand Prix,,,leclerc,LEC,ferrari,Ferrari,6,18,0.0,fastf1
2025,2,2025-03-23,Chinese Grand Prix,,,hamilton,HAM,ferrari,Ferrari,5,19,0.0,fastf1
2025,2,2025-03-23,Chinese Grand Prix,,,gasly,GAS,alpine,Alpine,16,20,0.0,fastf1
2025,3,2025-04-06,Japanese Grand Prix,,,max_verstappen,VER,red_bull,Red Bull Racing,1,1,25.0,fastf1
2025,3,2025-04-06,Japanese Grand Prix,,,norris,NOR,mclaren,McLaren,2,2,18.0,fastf1
2025,3,2025-04-06,Japanese Grand Prix,,,piastri,PIA,mclaren,McLaren,3,3,15.0,fastf1
2025,3,2025-04-06,Japanese Grand Prix,,,leclerc,LEC,ferrari,Ferrari,4,4,12.0,fastf1
2025,3,2025-04-06,Japanese Grand Prix,,,russell,RUS,mercedes,Mercedes,5,5,10.0,fastf1
2025,3,2025-04-06,Japanese Grand Prix,,,antonelli,ANT,mercedes,Mercedes,6,6,8.0,fastf1
2025,3,2025-04-06,Japanese Grand Prix,,,hamilton,HAM,ferrari,Ferrari,8,7,6.0,fastf1
2025,3,2025-04-06,Japanese Grand Prix,,,hadjar,HAD,rb,Racing Bulls,7,8,4.0,fastf1
2025,3,2025-04-06,Japanese Grand Prix,,,albon,ALB,williams,Williams,9,9,2.0,fastf1
2025,3,2025-04-06,Japanese Grand Prix,,,bearman,BEA,haas,Haas F1 Team,10,10,1.0,fastf1
2025,3,2025-04-06,Japanese Grand Prix,,,alonso,ALO,aston_martin,Aston Martin,12,11,0.0,fastf1
2025,3,2025-04-06,Japanese Grand Prix,,,tsunoda,TSU,red_bull,Red Bull Racing,14,12,0.0,fastf1
2025,3,2025-04-06,Japanese Grand Prix,,,gasly,GAS,alpine,Alpine,11,13,0.0,fastf1
2025,3,2025-04-06,Japanese Grand Prix,,,sainz,SAI,williams,Williams,15,14,0.0,fastf1
2025,3,2025-04-06,Japanese Grand Prix,,,doohan,DOO,alpine,Alpine,19,15,0.0,fastf1
2025,3,2025-04-06,Japanese Grand Prix,,,hulkenberg,HUL,sauber,Kick Sauber,16,16,0.0,fastf1
2025,3,2025-04-06,Japanese Grand Prix,,,lawson,LAW,rb,Racing Bulls,13,17,0.0,fastf1
2025,3,2025-04-06,Japanese Grand Prix,,,ocon,OCO,haas,Haas F1 Team,18,18,0.0,fastf1
2025,3,2025-04-06,Japanese Grand Prix,,,bortoleto,BOR,sauber,Kick Sauber,17,19,0.0,fastf1
2025,3,2025-04-06,Japanese Grand Prix,,,stroll,STR,aston_martin,Aston Martin,20,20,0.0,fastf1
2025,4,2025-04-13,Bahrain Grand Prix,,,piastri,PIA,mclaren,McLaren,1,1,25.0,fastf1
2025,4,2025-04-13,Bahrain Grand Prix,,,russell,RUS,mercedes,Mercedes,3,2,18.0,fastf1
2025,4,2025-04-13,Bahrain Grand Prix,,,norris,NOR,mclaren,McLaren,6,3,15.0,fastf1
2025,4,2025-04-13,Bahrain Grand Prix,,,leclerc,LEC,ferrari,Ferrari,2,4,12.0,fastf1
2025,4,2025-04-13,Bahrain Grand Prix,,,hamilton,HAM,ferrari,Ferrari,9,5,10.0,fastf1
2025,4,2025-04-13,Bahrain Grand Prix,,,max_verstappen,VER,red_bull,Red Bull Racing,7,6,8.0,fastf1
2025,4,2025-04-13,Bahrain Grand Prix,,,gasly,GAS,alpine,Alpine,4,7,6.0,fastf1
2025,4,2025-04-13,Bahrain Grand Prix,,,ocon,OCO,haas,Haas F1 Team,14,8,4.0,fastf1
2025,4,2025-04-13,Bahrain Grand Prix,,,tsunoda,TSU,red_bull,Red Bull Racing,10,9,2.0,fastf1
2025,4,2025-04-13,Bahrain Grand Prix,,,bearman,BEA,haas,Haas F1 Team,20,10,1.0,fastf1
2025,4,2025-04-13,Bahrain Grand Prix,,,antonelli,ANT,mercedes,Mercedes,5,11,0.0,fastf1
2025,4,2025-04-13,Bahrain Grand Prix,,,albon,ALB,williams,Williams,15,12,0.0,fastf1
2025,4,2025-04-13,Bahrain Grand Prix,,,hadjar,HAD,rb,Racing Bulls,12,13,0.0,fastf1
2025,4,2025-04-13,Bahrain Grand Prix,,,doohan,DOO,alpine,Alpine,11,14,0.0,fastf1
2025,4,2025-04-13,Bahrain Grand Prix,,,alonso,ALO,aston_martin,Aston Martin,13,15,0.0,fastf1
2025,4,2025-04-13,Bahrain Grand Prix,,,lawson,LAW,rb,Racing Bulls,17,16,0.0,fastf1
2025,4,2025-04-13,Bahrain Grand Prix,,,stroll,STR,aston_martin,Aston Martin,19,17,0.0,fastf1
2025,4,2025-04-13,Bahrain Grand Prix,,,bortoleto,BOR,sauber,Kick Sauber,18,18,0.0,fastf1
2025,4,2025-04-13,Bahrain Grand Prix,,,sainz,SAI,williams,Williams,8,19,0.0,fastf1
2025,4,2025-04-13,Bahrain Grand Prix,,,hulkenberg,HUL,sauber,Kick Sauber,16,20,0.0,fastf1
2025,5,2025-04-20,Saudi Arabian Grand Prix,,,piastri,PIA,mclaren,McLaren,2,1,25.0,fastf1
2025,5,2025-04-20,Saudi Arabian Grand Prix,,,max_verstappen,VER,red_bull,Red Bull Racing,1,2,18.0,fastf1
2025,5,2025-04-20,Saudi Arabian Grand Prix,,,leclerc,LEC,ferrari,Ferrari,4,3,15.0,fastf1
2025,5,2025-04-20,Saudi Arabian Grand Prix,,,norris,NOR,mclaren,McLaren,10,4,12.0,fastf1
2025,5,2025-04-20,Saudi Arabian Grand Prix,,,russell,RUS,mercedes,Mercedes,3,5,10.0,fastf1
2025,5,2025-04-20,Saudi Arabian Grand Prix,,,antonelli,ANT,mercedes,Mercedes,5,6,8.0,fastf1
2025,5,2025-04-20,Saudi Arabian Grand Prix,,,hamilton,HAM,ferrari,Ferrari,7,7,6.0,fastf1
2025,5,2025-04-20,Saudi Arabian Grand Prix,,,sainz,SAI,williams,Williams,6,8,4.0,fastf1
2025,5,2025-04-20,Saudi Arabian Grand Prix,,,albon,ALB,williams,Williams,11,9,2.0,fastf1
2025,5,2025-04-20,Saudi Arabian Grand Prix,,,hadjar,HAD,rb,Racing Bulls,14,10,1.0,fastf1
2025,5,2025-04-20,Saudi Arabian Grand Prix,,,alonso,ALO,aston_martin,Aston Martin,13,11,0.0,fastf1
2025,5,2025-04-20,Saudi Arabian Grand Prix,,,lawson,LAW,rb,Racing Bulls,12,12,0.0,fastf1
2025,5,2025-04-20,Saudi Arabian Grand Prix,,,bearman,BEA,haas,Haas F1 Team,15,13,0.0,fastf1
2025,5,2025-04-20,Saudi Arabian Grand Prix,,,ocon,OCO,haas,Haas F1 Team,19,14,0.0,fastf1
2025,5,2025-04-20,Saudi Arabian Grand Prix,,,hulkenberg,HUL,sauber,Kick Sauber,18,15,0.0,fastf1
2025,5,2025-04-20,Saudi Arabian Grand Prix,,,stroll,STR,aston_martin,Aston Martin,16,16,0.0,fastf1
2025,5,2025-04-20,Saudi Arabian Grand Prix,,,doohan,DOO,alpine,Alpine,17,17,0.0,fastf1
2025,5,2025-04-20,Saudi Arabian Grand Prix,,,bortoleto,BOR,sauber,Kick Sauber,20,18,0.0,fastf1
2025,5,2025-04-20,Saudi Arabian Grand Prix,,,tsunoda,TSU,red_bull,Red Bull Racing,8,19,0.0,fastf1
2025,5,2025-04-20,Saudi Arabian Grand Prix,,,gasly,GAS,alpine,Alpine,9,20,0.0,fastf1
2025,6,2025-05-04,Miami Grand Prix,,,piastri,PIA,mclaren,McLaren,4,1,25.0,fastf1
2025,6,2025-05-04,Miami Grand Prix,,,norris,NOR,mclaren,McLaren,2,2,18.0,fastf1
2025,6,2025-05-04,Miami Grand Prix,,,russell,RUS,mercedes,Mercedes,5,3,15.0,fastf1
2025,6,2025-05-04,Miami Grand Prix,,,max_verstappen,VER,red_bull,Red Bull Racing,1,4,12.0,fastf1
2025,6,2025-05-04,Miami Grand Prix,,,albon,ALB,williams,Williams,7,5,10.0,fastf1
2025,6,2025-05-04,Miami Grand Prix,,,antonelli,ANT,mercedes,Mercedes,3,6,8.0,fastf1
2025,6,2025-05-04,Miami Grand Prix,,,leclerc,LEC,ferrari,Ferrari,8,7,6.0,fastf1
2025,6,2025-05-04,Miami Grand Prix,,,hamilton,HAM,ferrari,Ferrari,12,8,4.0,fastf1
2025,6,2025-05-04,Miami Grand Prix,,,sainz,SAI,williams,Williams,6,9,2.0,fastf1
2025,6,2025-05-04,Miami Grand Prix,,,tsunoda,TSU,red_bull,Red Bull Racing,10,10,1.0,fastf1
2025,6,2025-05-04,Miami Grand Prix,,,hadjar,HAD,rb,Racing Bulls,11,11,0.0,fastf1
2025,6,2025-05-04,Miami Grand Prix,,,ocon,OCO,haas,Haas F1 Team,9,12,0.0,fastf1
2025,6,2025-05-04,Miami Grand Prix,,,gasly,GAS,alpine,Alpine,20,13,0.0,fastf1
2025,6,2025-05-04,Miami Grand Prix,,,hulkenberg,HUL,sauber,Kick Sauber,16,14,0.0,fastf1
2025,6,2025-05-04,Miami Grand Prix,,,alonso,ALO,aston_martin,Aston Martin,17,15,0.0,fastf1
2025,6,2025-05-04,Miami Grand Prix,,,stroll,STR,aston_martin,Aston Martin,18,16,0.0,fastf1
2025,6,2025-05-04,Miami Grand Prix,,,lawson,LAW,rb,Racing Bulls,15,17,0.0,fastf1
2025,6,2025-05-04,Miami Grand Prix,,,bortoleto,BOR,sauber,Kick Sauber,13,18,0.0,fastf1
2025,6,2025-05-04,Miami Grand Prix,,,bearman,BEA,haas,Haas F1 Team,19,19,0.0,fastf1
2025,6,2025-05-04,Miami Grand Prix,,,doohan,DOO,alpine,Alpine,14,20,0.0,fastf1
2025,7,2025-05-18,Emilia Romagna Grand Prix,,,max_verstappen,VER,red_bull,Red Bull Racing,2,1,25.0,fastf1
2025,7,2025-05-18,Emilia Romagna Grand Prix,,,norris,NOR,mclaren,McLaren,4,2,18.0,fastf1
2025,7,2025-05-18,Emilia Romagna Grand Prix,,,piastri,PIA,mclaren,McLaren,1,3,15.0,fastf1
2025,7,2025-05-18,Emilia Romagna Grand Prix,,,hamilton,HAM,ferrari,Ferrari,12,4,12.0,fastf1
2025,7,2025-05-18,Emilia Romagna Grand Prix,,,albon,ALB,williams,Williams,7,5,10.0,fastf1
2025,7,2025-05-18,Emilia Romagna Grand Prix,,,leclerc,LEC,ferrari,Ferrari,11,6,8.0,fastf1
2025,7,2025-05-18,Emilia Romagna Grand Prix,,,russell,RUS,mercedes,Mercedes,3,7,6.0,fastf1
2025,7,2025-05-18,Emilia Romagna Grand Prix,,,sainz,SAI,williams,Williams,6,8,4.0,fastf1
2025,7,2025-05-18,Emilia Romagna Grand Prix,,,hadjar,HAD,rb,Racing Bulls,9,9,2.0,fastf1
2025,7,2025-05-18,Emilia Romagna Grand Prix,,,tsunoda,TSU,red_bull,Red Bull Racing,20,10,1.0,fastf1
2025,7,2025-05-18,Emilia Romagna Grand Prix,,,alonso,ALO,aston_martin,Aston Martin,5,11,0.0,fastf1
2025,7,2025-05-18,Emilia Romagna Grand Prix,,,hulkenberg,HUL,sauber,Kick Sauber,17,12,0.0,fastf1
2025,7,2025-05-18,Emilia Romagna Grand Prix,,,gasly,GAS,alpine,Alpine,10,13,0.0,fastf1
2025,7,2025-05-18,Emilia Romagna Grand Prix,,,lawson,LAW,rb,Racing Bulls,15,14,0.0,fastf1
2025,7,2025-05-18,Emilia Romagna Grand Prix,,,stroll,STR,aston_martin,Aston Martin,8,15,0.0,fastf1
2025,7,2025-05-18,Emilia Romagna Grand Prix,,,colapinto,COL,alpine,Alpine,16,16,0.0,fastf1
2025,7,2025-05-18,Emilia Romagna Grand Prix,,,bearman,BEA,haas,Haas F1 Team,19,17,0.0,fastf1
2025,7,2025-05-18,Emilia Romagna Grand Prix,,,bortoleto,BOR,sauber,Kick Sauber,14,18,0.0,fastf1
2025,7,2025-05-18,Emilia Romagna Grand Prix,,,antonelli,ANT,mercedes,Mercedes,13,19,0.0,fastf1
2025,7,2025-05-18,Emilia Romagna Grand Prix,,,ocon,OCO,haas,Haas F1 Team,18,20,0.0,fastf1
2025,8,2025-05-25,Monaco Grand Prix,,,norris,NOR,mclaren,McLaren,1,1,25.0,fastf1
2025,8,2025-05-25,Monaco Grand Prix,,,leclerc,LEC,ferrari,Ferrari,2,2,18.0,fastf1
2025,8,2025-05-25,Monaco Grand Prix,,,piastri,PIA,mclaren,McLaren,3,3,15.0,fastf1
2025,8,2025-05-25,Monaco Grand Prix,,,max_verstappen,VER,red_bull,Red Bull Racing,4,4,12.0,fastf1
2025,8,2025-05-25,Monaco Grand Prix,,,hamilton,HAM,ferrari,Ferrari,7,5,10.0,fastf1
2025,8,2025-05-25,Monaco Grand Prix,,,hadjar,HAD,rb,Racing Bulls,5,6,8.0,fastf1
2025,8,2025-05-25,Monaco Grand Prix,,,ocon,OCO,haas,Haas F1 Team,8,7,6.0,fastf1
2025,8,2025-05-25,Monaco Grand Prix,,,lawson,LAW,rb,Racing Bulls,9,8,4.0,fastf1
2025,8,2025-05-25,Monaco Grand Prix,,,albon,ALB,williams,Williams,10,9,2.0,fastf1
2025,8,2025-05-25,Monaco Grand Prix,,,sainz,SAI,williams,Williams,11,10,1.0,fastf1
2025,8,2025-05-25,Monaco Grand Prix,,,russell,RUS,mercedes,Mercedes,14,11,0.0,fastf1
2025,8,2025-05-25,Monaco Grand Prix,,,bearman,BEA,haas,Haas F1 Team,20,12,0.0,fastf1
2025,8,2025-05-25,Monaco Grand Prix,,,colapinto,COL,alpine,Alpine,18,13,0.0,fastf1
2025,8,2025-05-25,Monaco Grand Prix,,,bortoleto,BOR,sauber,Kick Sauber,16,14,0.0,fastf1
2025,8,2025-05-25,Monaco Grand Prix,,,stroll,STR,aston_martin,Aston Martin,19,15,0.0,fastf1
2025,8,2025-05-25,Monaco Grand Prix,,,hulkenberg,HUL,sauber,Kick Sauber,13,16,0.0,fastf1
2025,8,2025-05-25,Monaco Grand Prix,,,tsunoda,TSU,red_bull,Red Bull Racing,12,17,0.0,fastf1
2025,8,2025-05-25,Monaco Grand Prix,,,antonelli,ANT,mercedes,Mercedes,15,18,0.0,fastf1
2025,8,2025-05-25,Monaco Grand Prix,,,alonso,ALO,aston_martin,Aston Martin,6,19,0.0,fastf1
2025,8,2025-05-25,Monaco Grand Prix,,,gasly,GAS,alpine,Alpine,17,20,0.0,fastf1
2025,10,2025-06-15,Canadian Grand Prix,,,russell,RUS,mercedes,Mercedes,1,1,25.0,fastf1
2025,10,2025-06-15,Canadian Grand Prix,,,max_verstappen,VER,red_bull,Red Bull Racing,2,2,18.0,fastf1
2025,10,2025-06-15,Canadian Grand Prix,,,antonelli,ANT,mercedes,Mercedes,4,3,15.0,fastf1
2025,10,2025-06-15,Canadian Grand Prix,,,piastri,PIA,mclaren,McLaren,3,4,12.0,fastf1
2025,10,2025-06-15,Canadian Grand Prix,,,leclerc,LEC,ferrari,Ferrari,8,5,10.0,fastf1
2025,10,2025-06-15,Canadian Grand Prix,,,hamilton,HAM,ferrari,Ferrari,5,6,8.0,fastf1
2025,10,2025-06-15,Canadian Grand Prix,,,alonso,ALO,aston_martin,Aston Martin,6,7,6.0,fastf1
2025,10,2025-06-15,Canadian Grand Prix,,,hulkenberg,HUL,sauber,Kick Sauber,11,8,4.0,fastf1
2025,10,2025-06-15,Canadian Grand Prix,,,ocon,OCO,haas,Haas F1 Team,14,9,2.0,fastf1
2025,10,2025-06-15,Canadian Grand Prix,,,sainz,SAI,williams,Williams,16,10,1.0,fastf1
2025,10,2025-06-15,Canadian Grand Prix,,,bearman,BEA,haas,Haas F1 Team,13,11,0.0,fastf1
2025,10,2025-06-15,Canadian Grand Prix,,,tsunoda,TSU,red_bull,Red Bull Racing,18,12,0.0,fastf1
2025,10,2025-06-15,Canadian Grand Prix,,,colapinto,COL,alpine,Alpine,10,13,0.0,fastf1
2025,10,2025-06-15,Canadian Grand Prix,,,bortoleto,BOR,sauber,Kick Sauber,15,14,0.0,fastf1
2025,10,2025-06-15,Canadian Grand Prix,,,gasly,GAS,alpine,Alpine,20,15,0.0,fastf1
2025,10,2025-06-15,Canadian Grand Prix,,,hadjar,HAD,rb,Racing Bulls,12,16,0.0,fastf1
2025,10,2025-06-15,Canadian Grand Prix,,,stroll,STR,aston_martin,Aston Martin,17,17,0.0,fastf1
2025,10,2025-06-15,Canadian Grand Prix,,,norris,NOR,mclaren,McLaren,7,18,0.0,fastf1
2025,10,2025-06-15,Canadian Grand Prix,,,lawson,LAW,rb,Racing Bulls,19,19,0.0,fastf1
2025,10,2025-06-15,Canadian Grand Prix,,,albon,ALB,williams,Williams,9,20,0.0,fastf1
2025,11,2025-06-29,Austrian Grand Prix,,,norris,NOR,mclaren,McLaren,1,1,25.0,fastf1
2025,11,2025-06-29,Austrian Grand Prix,,,piastri,PIA,mclaren,McLaren,3,2,18.0,fastf1
2025,11,2025-06-29,Austrian Grand Prix,,,leclerc,LEC,ferrari,Ferrari,2,3,15.0,fastf1
2025,11,2025-06-29,Austrian Grand Prix,,,hamilton,HAM,ferrari,Ferrari,4,4,12.0,fastf1
2025,11,2025-06-29,Austrian Grand Prix,,,russell,RUS,mercedes,Mercedes,5,5,10.0,fastf1
2025,11,2025-06-29,Austrian Grand Prix,,,lawson,LAW,rb,Racing Bulls,6,6,8.0,fastf1
2025,11,2025-06-29,Austrian Grand Prix,,,alonso,ALO,aston_martin,Aston Martin,11,7,6.0,fastf1
2025,11,2025-06-29,Austrian Grand Prix,,,bortoleto,BOR,sauber,Kick Sauber,8,8,4.0,fastf1
2025,11,2025-06-29,Austrian Grand Prix,,,hulkenberg,HUL,sauber,Kick Sauber,20,9,2.0,fastf1
2025,11,2025-06-29,Austrian Grand Prix,,,ocon,OCO,haas,Haas F1 Team,17,10,1.0,fastf1
2025,11,2025-06-29,Austrian Grand Prix,,,bearman,BEA,haas,Haas F1 Team,15,11,0.0,fastf1
2025,11,2025-06-29,Austrian Grand Prix,,,hadjar,HAD,rb,Racing Bulls,13,12,0.0,fastf1
2025,11,2025-06-29,Austrian Grand Prix,,,gasly,GAS,alpine,Alpine,10,13,0.0,fastf1
2025,11,2025-06-29,Austrian Grand Prix,,,stroll,STR,aston_martin,Aston Martin,16,14,0.0,fastf1
2025,11,2025-06-29,Austrian Grand Prix,,,colapinto,COL,alpine,Alpine,14,15,0.0,fastf1
2025,11,2025-06-29,Austrian Grand Prix,,,tsunoda,TSU,red_bull,Red Bull Racing,18,16,0.0,fastf1
2025,11,2025-06-29,Austrian Grand Prix,,,albon,ALB,williams,Williams,12,17,0.0,fastf1
2025,11,2025-06-29,Austrian Grand Prix,,,max_verstappen,VER,red_bull,Red Bull Racing,7,18,0.0,fastf1
2025,11,2025-06-29,Austrian Grand Prix,,,antonelli,ANT,mercedes,Mercedes,9,19,0.0,fastf1
2025,11,2025-06-29,Austrian Grand Prix,,,sainz,SAI,williams,Williams,19,20,0.0,fastf1
2025,12,2025-07-06,British Grand Prix,,,norris,NOR,mclaren,McLaren,3,1,25.0,fastf1
2025,12,2025-07-06,British Grand Prix,,,piastri,PIA,mclaren,McLaren,2,2,18.0,fastf1
2025,12,2025-07-06,British Grand Prix,,,hulkenberg,HUL,sauber,Kick Sauber,19,3,15.0,fastf1
2025,12,2025-07-06,British Grand Prix,,,hamilton,HAM,ferrari,Ferrari,5,4,12.0,fastf1
2025,12,2025-07-06,British Grand Prix,,,max_verstappen,VER,red_bull,Red Bull Racing,1,5,10.0,fastf1
2025,12,2025-07-06,British Grand Prix,,,gasly,GAS,alpine,Alpine,8,6,8.0,fastf1
2025,12,2025-07-06,British Grand Prix,,,stroll,STR,aston_martin,Aston Martin,17,7,6.0,fastf1
2025,12,2025-07-06,British Grand Prix,,,albon,ALB,williams,Williams,13,8,4.0,fastf1
2025,12,2025-07-06,British Grand Prix,,,alonso,ALO,aston_martin,Aston Martin,7,9,2.0,fastf1
2025,12,2025-07-06,British Grand Prix,,,russell,RUS,mercedes,Mercedes,4,10,1.0,fastf1
2025,12,2025-07-06,British Grand Prix,,,bearman,BEA,haas,Haas F1 Team,18,11,0.0,fastf1
2025,12,2025-07-06,British Grand Prix,,,sainz,SAI,williams,Williams,9,12,0.0,fastf1
2025,12,2025-07-06,British Grand Prix,,,ocon,OCO,haas,Haas F1 Team,14,13,0.0,fastf1
2025,12,2025-07-06,British Grand Prix,,,leclerc,LEC,ferrari,Ferrari,6,14,0.0,fastf1
2025,12,2025-07-06,British Grand Prix,,,tsunoda,TSU,red_bull,Red Bull Racing,11,15,0.0,fastf1
2025,12,2025-07-06,British Grand Prix,,,antonelli,ANT,mercedes,Mercedes,10,16,0.0,fastf1
2025,12,2025-07-06,British Grand Prix,,,hadjar,HAD,rb,Racing Bulls,12,17,0.0,fastf1
2025,12,2025-07-06,British Grand Prix,,,bortoleto,BOR,sauber,Kick Sauber,16,18,0.0,fastf1
2025,12,2025-07-06,British Grand Prix,,,lawson,LAW,rb,Racing Bulls,15,19,0.0,fastf1
2025,12,2025-07-06,British Grand Prix,,,colapinto,COL,alpine,Alpine,20,20,0.0,fastf1
2025,13,2025-07-27,Belgian Grand Prix,,,piastri,PIA,mclaren,McLaren,2,1,25.0,fastf1
2025,13,2025-07-27,Belgian Grand Prix,,,norris,NOR,mclaren,McLaren,1,2,18.0,fastf1
2025,13,2025-07-27,Belgian Grand Prix,,,leclerc,LEC,ferrari,Ferrari,3,3,15.0,fastf1
2025,13,2025-07-27,Belgian Grand Prix,,,max_verstappen,VER,red_bull,Red Bull Racing,4,4,12.0,fastf1
2025,13,2025-07-27,Belgian Grand Prix,,,russell,RUS,mercedes,Mercedes,6,5,10.0,fastf1
2025,13,2025-07-27,Belgian Grand Prix,,,albon,ALB,williams,Williams,5,6,8.0,fastf1
2025,13,2025-07-27,Belgian Grand Prix,,,hamilton,HAM,ferrari,Ferrari,18,7,6.0,fastf1
2025,13,2025-07-27,Belgian Grand Prix,,,lawson,LAW,rb,Racing Bulls,9,8,4.0,fastf1
2025,13,2025-07-27,Belgian Grand Prix,,,bortoleto,BOR,sauber,Kick Sauber,10,9,2.0,fastf1
2025,13,2025-07-27,Belgian Grand Prix,,,gasly,GAS,alpine,Alpine,13,10,1.0,fastf1
2025,13,2025-07-27,Belgian Grand Prix,,,bearman,BEA,haas,Haas F1 Team,12,11,0.0,fastf1
2025,13,2025-07-27,Belgian Grand Prix,,,hulkenberg,HUL,sauber,Kick Sauber,14,12,0.0,fastf1
2025,13,2025-07-27,Belgian Grand Prix,,,tsunoda,TSU,red_bull,Red Bull Racing,7,13,0.0,fastf1
2025,13,2025-07-27,Belgian Grand Prix,,,stroll,STR,aston_martin,Aston Martin,16,14,0.0,fastf1
2025,13,2025-07-27,Belgian Grand Prix,,,ocon,OCO,haas,Haas F1 Team,11,15,0.0,fastf1
2025,13,2025-07-27,Belgian Grand Prix,,,antonelli,ANT,mercedes,Mercedes,19,16,0.0,fastf1
2025,13,2025-07-27,Belgian Grand Prix,,,alonso,ALO,aston_martin,Aston Martin,20,17,0.0,fastf1
2025,13,2025-07-27,Belgian Grand Prix,,,sainz,SAI,williams,Williams,17,18,0.0,fastf1
2025,13,2025-07-27,Belgian Grand Prix,,,colapinto,COL,alpine,Alpine,15,19,0.0,fastf1
2025,13,2025-07-27,Belgian Grand Prix,,,hadjar,HAD,rb,Racing Bulls,8,20,0.0,fastf1
2025,14,2025-08-03,Hungarian Grand Prix,,,norris,NOR,mclaren,McLaren,3,1,25.0,fastf1
2025,14,2025-08-03,Hungarian Grand Prix,,,piastri,PIA,mclaren,McLaren,2,2,18.0,fastf1
2025,14,2025-08-03,Hungarian Grand Prix,,,russell,RUS,mercedes,Mercedes,4,3,15.0,fastf1
2025,14,2025-08-03,Hungarian Grand Prix,,,leclerc,LEC,ferrari,Ferrari,1,4,12.0,fastf1
2025,14,2025-08-03,Hungarian Grand Prix,,,alonso,ALO,aston_martin,Aston Martin,5,5,10.0,fastf1
2025,14,2025-08-03,Hungarian Grand Prix,,,bortoleto,BOR,sauber,Kick Sauber,7,6,8.0,fastf1
2025,14,2025-08-03,Hungarian Grand Prix,,,stroll,STR,aston_martin,Aston Martin,6,7,6.0,fastf1
2025,14,2025-08-03,Hungarian Grand Prix,,,lawson,LAW,rb,Racing Bulls,9,8,4.0,fastf1
2025,14,2025-08-03,Hungarian Grand Prix,,,max_verstappen,VER,red_bull,Red Bull Racing,8,9,2.0,fastf1
2025,14,2025-08-03,Hungarian Grand Prix,,,antonelli,ANT,mercedes,Mercedes,15,10,1.0,fastf1
2025,14,2025-08-03,Hungarian Grand Prix,,,hadjar,HAD,rb,Racing Bulls,10,11,0.0,fastf1
2025,14,2025-08-03,Hungarian Grand Prix,,,hamilton,HAM,ferrari,Ferrari,12,12,0.0,fastf1
2025,14,2025-08-03,Hungarian Grand Prix,,,hulkenberg,HUL,sauber,Kick Sauber,18,13,0.0,fastf1
2025,14,2025-08-03,Hungarian Grand Prix,,,sainz,SAI,williams,Williams,13,14,0.0,fastf1
2025,14,2025-08-03,Hungarian Grand Prix,,,albon,ALB,williams,Williams,19,15,0.0,fastf1
2025,14,2025-08-03,Hungarian Grand Prix,,,ocon,OCO,haas,Haas F1 Team,17,16,0.0,fastf1
2025,14,2025-08-03,Hungarian Grand Prix,,,tsunoda,TSU,red_bull,Red Bull Racing,20,17,0.0,fastf1
2025,14,2025-08-03,Hungarian Grand Prix,,,colapinto,COL,alpine,Alpine,14,18,0.0,fastf1
2025,14,2025-08-03,Hungarian Grand Prix,,,gasly,GAS,alpine,Alpine,16,19,0.0,fastf1
2025,14,2025-08-03,Hungarian Grand Prix,,,bearman,BEA,haas,Haas F1 Team,11,20,0.0,fastf1
2025,15,2025-08-31,Dutch Grand Prix,,,piastri,PIA,mclaren,McLaren,1,1,25.0,fastf1
2025,15,2025-08-31,Dutch Grand Prix,,,max_verstappen,VER,red_bull,Red Bull Racing,3,2,18.0,fastf1
2025,15,2025-08-31,Dutch Grand Prix,,,hadjar,HAD,rb,Racing Bulls,4,3,15.0,fastf1
2025,15,2025-08-31,Dutch Grand Prix,,,russell,RUS,mercedes,Mercedes,5,4,12.0,fastf1
2025,15,2025-08-31,Dutch Grand Prix,,,albon,ALB,williams,Williams,15,5,10.0,fastf1
2025,15,2025-08-31,Dutch Grand Prix,,,bearman,BEA,haas,Haas F1 Team,20,6,8.0,fastf1
2025,15,2025-08-31,Dutch Grand Prix,,,stroll,STR,aston_martin,Aston Martin,19,7,6.0,fastf1
2025,15,2025-08-31,Dutch Grand Prix,,,alonso,ALO,aston_martin,Aston Martin,10,8,4.0,fastf1
2025,15,2025-08-31,Dutch Grand Prix,,,tsunoda,TSU,red_bull,Red Bull Racing,12,9,2.0,fastf1
2025,15,2025-08-31,Dutch Grand Prix,,,ocon,OCO,haas,Haas F1 Team,18,10,1.0,fastf1
2025,15,2025-08-31,Dutch Grand Prix,,,colapinto,COL,alpine,Alpine,16,11,0.0,fastf1
2025,15,2025-08-31,Dutch Grand Prix,,,lawson,LAW,rb,Racing Bulls,8,12,0.0,fastf1
2025,15,2025-08-31,Dutch Grand Prix,,,sainz,SAI,williams,Williams,9,13,0.0,fastf1
2025,15,2025-08-31,Dutch Grand Prix,,,hulkenberg,HUL,sauber,Kick Sauber,17,14,0.0,fastf1
2025,15,2025-08-31,Dutch Grand Prix,,,bortoleto,BOR,sauber,Kick Sauber,13,15,0.0,fastf1
2025,15,2025-08-31,Dutch Grand Prix,,,antonelli,ANT,mercedes,Mercedes,11,16,0.0,fastf1
2025,15,2025-08-31,Dutch Grand Prix,,,gasly,GAS,alpine,Alpine,14,17,0.0,fastf1
2025,15,2025-08-31,Dutch Grand Prix,,,norris,NOR,mclaren,McLaren,2,18,0.0,fastf1
2025,15,2025-08-31,Dutch Grand Prix,,,leclerc,LEC,ferrari,Ferrari,6,19,0.0,fastf1
2025,15,2025-08-31,Dutch Grand Prix,,,hamilton,HAM,ferrari,Ferrari,7,20,0.0,fastf1
2025,16,2025-09-07,Italian Grand Prix,,,max_verstappen,VER,red_bull,Red Bull Racing,1,1,25.0,fastf1
2025,16,2025-09-07,Italian Grand Prix,,,norris,NOR,mclaren,McLaren,2,2,18.0,fastf1
2025,16,2025-09-07,Italian Grand Prix,,,piastri,PIA,mclaren,McLaren,3,3,15.0,fastf1
2025,16,2025-09-07,Italian Grand Prix,,,leclerc,LEC,ferrari,Ferrari,4,4,12.0,fastf1
2025,16,2025-09-07,Italian Grand Prix,,,russell,RUS,mercedes,Mercedes,5,5,10.0,fastf1
2025,16,2025-09-07,Italian Grand Prix,,,hamilton,HAM,ferrari,Ferrari,10,6,8.0,fastf1
2025,16,2025-09-07,Italian Grand Prix,,,albon,ALB,williams,Williams,14,7,6.0,fastf1
2025,16,2025-09-07,Italian Grand Prix,,,bortoleto,BOR,sauber,Kick Sauber,7,8,4.0,fastf1
2025,16,2025-09-07,Italian Grand Prix,,,antonelli,ANT,mercedes,Mercedes,6,9,2.0,fastf1
2025,16,2025-09-07,Italian Grand Prix,,,hadjar,HAD,rb,Racing Bulls,19,10,1.0,fastf1
2025,16,2025-09-07,Italian Grand Prix,,,sainz,SAI,williams,Williams,13,11,0.0,fastf1
2025,16,2025-09-07,Italian Grand Prix,,,bearman,BEA,haas,Haas F1 Team,11,12,0.0,fastf1
2025,16,2025-09-07,Italian Grand Prix,,,tsunoda,TSU,red_bull,Red Bull Racing,9,13,0.0,fastf1
2025,16,2025-09-07,Italian Grand Prix,,,lawson,LAW,rb,Racing Bulls,18,14,0.0,fastf1
2025,16,2025-09-07,Italian Grand Prix,,,ocon,OCO,haas,Haas F1 Team,15,15,0.0,fastf1
2025,16,2025-09-07,Italian Grand Prix,,,gasly,GAS,alpine,Alpine,20,16,0.0,fastf1
2025,16,2025-09-07,Italian Grand Prix,,,colapinto,COL,alpine,Alpine,17,17,0.0,fastf1
2025,16,2025-09-07,Italian Grand Prix,,,stroll,STR,aston_martin,Aston Martin,16,18,0.0,fastf1
2025,16,2025-09-07,Italian Grand Prix,,,alonso,ALO,aston_martin,Aston Martin,8,19,0.0,fastf1
2025,16,2025-09-07,Italian Grand Prix,,,hulkenberg,HUL,sauber,Kick Sauber,12,20,0.0,fastf1
2025,17,2025-09-21,Azerbaijan Grand Prix,,,max_verstappen,VER,red_bull,Red Bull Racing,1,1,25.0,fastf1
2025,17,2025-09-21,Azerbaijan Grand Prix,,,russell,RUS,mercedes,Mercedes,5,2,18.0,fastf1
2025,17,2025-09-21,Azerbaijan Grand Prix,,,sainz,SAI,williams,Williams,2,3,15.0,fastf1
2025,17,2025-09-21,Azerbaijan Grand Prix,,,antonelli,ANT,mercedes,Mercedes,4,4,12.0,fastf1
2025,17,2025-09-21,Azerbaijan Grand Prix,,,lawson,LAW,rb,Racing Bulls,3,5,10.0,fastf1
2025,17,2025-09-21,Azerbaijan Grand Prix,,,tsunoda,TSU,red_bull,Red Bull Racing,6,6,8.0,fastf1
2025,17,2025-09-21,Azerbaijan Grand Prix,,,norris,NOR,mclaren,McLaren,7,7,6.0,fastf1
2025,17,2025-09-21,Azerbaijan Grand Prix,,,hamilton,HAM,ferrari,Ferrari,12,8,4.0,fastf1
2025,17,2025-09-21,Azerbaijan Grand Prix,,,leclerc,LEC,ferrari,Ferrari,10,9,2.0,fastf1
2025,17,2025-09-21,Azerbaijan Grand Prix,,,hadjar,HAD,rb,Racing Bulls,8,10,1.0,fastf1
2025,17,2025-09-21,Azerbaijan Grand Prix,,,bortoleto,BOR,sauber,Kick Sauber,13,11,0.0,fastf1
2025,17,2025-09-21,Azerbaijan Grand Prix,,,bearman,BEA,haas,Haas F1 Team,15,12,0.0,fastf1
2025,17,2025-09-21,Azerbaijan Grand Prix,,,albon,ALB,williams,Williams,19,13,0.0,fastf1
2025,17,2025-09-21,Azerbaijan Grand Prix,,,ocon,OCO,haas,Haas F1 Team,20,14,0.0,fastf1
2025,17,2025-09-21,Azerbaijan Grand Prix,,,alonso,ALO,aston_martin,Aston Martin,11,15,0.0,fastf1
2025,17,2025-09-21,Azerbaijan Grand Prix,,,hulkenberg,HUL,sauber,Kick Sauber,17,16,0.0,fastf1
2025,17,2025-09-21,Azerbaijan Grand Prix,,,stroll,STR,aston_martin,Aston Martin,14,17,0.0,fastf1
2025,17,2025-09-21,Azerbaijan Grand Prix,,,gasly,GAS,alpine,Alpine,18,18,0.0,fastf1
2025,17,2025-09-21,Azerbaijan Grand Prix,,,colapinto,COL,alpine,Alpine,16,19,0.0,fastf1
2025,17,2025-09-21,Azerbaijan Grand Prix,,,piastri,PIA,mclaren,McLaren,9,20,0.0,fastf1
2025,18,2025-10-05,Singapore Grand Prix,,,russell,RUS,mercedes,Mercedes,1,1,25.0,fastf1
2025,18,2025-10-05,Singapore Grand Prix,,,max_verstappen,VER,red_bull,Red Bull Racing,2,2,18.0,fastf1
2025,18,2025-10-05,Singapore Grand Prix,,,norris,NOR,mclaren,McLaren,5,3,15.0,fastf1
2025,18,2025-10-05,Singapore Grand Prix,,,piastri,PIA,mclaren,McLaren,3,4,12.0,fastf1
2025,18,2025-10-05,Singapore Grand Prix,,,antonelli,ANT,mercedes,Mercedes,4,5,10.0,fastf1
2025,18,2025-10-05,Singapore Grand Prix,,,leclerc,LEC,ferrari,Ferrari,7,6,8.0,fastf1
2025,18,2025-10-05,Singapore Grand Prix,,,alonso,ALO,aston_martin,Aston Martin,10,7,6.0,fastf1
2025,18,2025-10-05,Singapore Grand Prix,,,hamilton,HAM,ferrari,Ferrari,6,8,4.0,fastf1
2025,18,2025-10-05,Singapore Grand Prix,,,bearman,BEA,haas,Haas F1 Team,9,9,2.0,fastf1
2025,18,2025-10-05,Singapore Grand Prix,,,sainz,SAI,williams,Williams,18,10,1.0,fastf1
2025,18,2025-10-05,Singapore Grand Prix,,,hadjar,HAD,rb,Racing Bulls,8,11,0.0,fastf1
2025,18,2025-10-05,Singapore Grand Prix,,,tsunoda,TSU,red_bull,Red Bull Racing,13,12,0.0,fastf1
2025,18,2025-10-05,Singapore Grand Prix,,,stroll,STR,aston_martin,Aston Martin,15,13,0.0,fastf1
2025,18,2025-10-05,Singapore Grand Prix,,,albon,ALB,williams,Williams,20,14,0.0,fastf1
2025,18,2025-10-05,Singapore Grand Prix,,,lawson,LAW,rb,Racing Bulls,12,15,0.0,fastf1
2025,18,2025-10-05,Singapore Grand Prix,,,colapinto,COL,alpine,Alpine,16,16,0.0,fastf1
2025,18,2025-10-05,Singapore Grand Prix,,,bortoleto,BOR,sauber,Kick Sauber,14,17,0.0,fastf1
2025,18,2025-10-05,Singapore Grand Prix,,,ocon,OCO,haas,Haas F1 Team,17,18,0.0,fastf1
2025,18,2025-10-05,Singapore Grand Prix,,,gasly,GAS,alpine,Alpine,19,19,0.0,fastf1
2025,18,2025-10-05,Singapore Grand Prix,,,hulkenberg,HUL,sauber,Kick Sauber,11,20,0.0,fastf1
2025,19,2025-10-19,United States Grand Prix,,,max_verstappen,VER,red_bull,Red Bull Racing,1,1,25.0,fastf1
2025,19,2025-10-19,United States Grand Prix,,,norris,NOR,mclaren,McLaren,2,2,18.0,fastf1
2025,19,2025-10-19,United States Grand Prix,,,leclerc,LEC,ferrari,Ferrari,3,3,15.0,fastf1
2025,19,2025-10-19,United States Grand Prix,,,hamilton,HAM,ferrari,Ferrari,5,4,12.0,fastf1
2025,19,2025-10-19,United States Grand Prix,,,piastri,PIA,mclaren,McLaren,6,5,10.0,fastf1
2025,19,2025-10-19,United States Grand Prix,,,russell,RUS,mercedes,Mercedes,4,6,8.0,fastf1
2025,19,2025-10-19,United States Grand Prix,,,tsunoda,TSU,red_bull,Red Bull Racing,13,7,6.0,fastf1
2025,19,2025-10-19,United States Grand Prix,,,hulkenberg,HUL,sauber,Kick Sauber,11,8,4.0,fastf1
2025,19,2025-10-19,United States Grand Prix,,,bearman,BEA,haas,Haas F1 Team,8,9,2.0,fastf1
2025,19,2025-10-19,United States Grand Prix,,,alonso,ALO,aston_martin,Aston Martin,10,10,1.0,fastf1
2025,19,2025-10-19,United States Grand Prix,,,lawson,LAW,rb,Racing Bulls,12,11,0.0,fastf1
2025,19,2025-10-19,United States Grand Prix,,,stroll,STR,aston_martin,Aston Martin,19,12,0.0,fastf1
2025,19,2025-10-19,United States Grand Prix,,,antonelli,ANT,mercedes,Mercedes,7,13,0.0,fastf1
2025,19,2025-10-19,United States Grand Prix,,,albon,ALB,williams,Williams,18,14,0.0,fastf1
2025,19,2025-10-19,United States Grand Prix,,,ocon,OCO,haas,Haas F1 Team,17,15,0.0,fastf1
2025,19,2025-10-19,United States Grand Prix,,,hadjar,HAD,rb,Racing Bulls,20,16,0.0,fastf1
2025,19,2025-10-19,United States Grand Prix,,,colapinto,COL,alpine,Alpine,15,17,0.0,fastf1
2025,19,2025-10-19,United States Grand Prix,,,bortoleto,BOR,sauber,Kick Sauber,16,18,0.0,fastf1
2025,19,2025-10-19,United States Grand Prix,,,gasly,GAS,alpine,Alpine,14,19,0.0,fastf1
2025,19,2025-10-19,United States Grand Prix,,,sainz,SAI,williams,Williams,9,20,0.0,fastf1
2025,20,2025-10-26,Mexico City Grand Prix,,,norris,NOR,mclaren,McLaren,1,1,25.0,fastf1
2025,20,2025-10-26,Mexico City Grand Prix,,,leclerc,LEC,ferrari,Ferrari,2,2,18.0,fastf1
2025,20,2025-10-26,Mexico City Grand Prix,,,max_verstappen,VER,red_bull,Red Bull Racing,5,3,15.0,fastf1
2025,20,2025-10-26,Mexico City Grand Prix,,,bearman,BEA,haas,Haas F1 Team,9,4,12.0,fastf1
2025,20,2025-10-26,Mexico City Grand Prix,,,piastri,PIA,mclaren,McLaren,7,5,10.0,fastf1
2025,20,2025-10-26,Mexico City Grand Prix,,,antonelli,ANT,mercedes,Mercedes,6,6,8.0,fastf1
2025,20,2025-10-26,Mexico City Grand Prix,,,russell,RUS,mercedes,Mercedes,4,7,6.0,fastf1
2025,20,2025-10-26,Mexico City Grand Prix,,,hamilton,HAM,ferrari,Ferrari,3,8,4.0,fastf1
2025,20,2025-10-26,Mexico City Grand Prix,,,ocon,OCO,haas,Haas F1 Team,11,9,2.0,fastf1
2025,20,2025-10-26,Mexico City Grand Prix,,,bortoleto,BOR,sauber,Kick Sauber,16,10,1.0,fastf1
2025,20,2025-10-26,Mexico City Grand Prix,,,tsunoda,TSU,red_bull,Red Bull Racing,10,11,0.0,fastf1
2025,20,2025-10-26,Mexico City Grand Prix,,,albon,ALB,williams,Williams,17,12,0.0,fastf1
2025,20,2025-10-26,Mexico City Grand Prix,,,hadjar,HAD,rb,Racing Bulls,8,13,0.0,fastf1
2025,20,2025-10-26,Mexico City Grand Prix,,,stroll,STR,aston_martin,Aston Martin,19,14,0.0,fastf1
2025,20,2025-10-26,Mexico City Grand Prix,,,gasly,GAS,alpine,Alpine,18,15,0.0,fastf1
2025,20,2025-10-26,Mexico City Grand Prix,,,colapinto,COL,alpine,Alpine,20,16,0.0,fastf1
2025,20,2025-10-26,Mexico City Grand Prix,,,sainz,SAI,williams,Williams,12,17,0.0,fastf1
2025,20,2025-10-26,Mexico City Grand Prix,,,alonso,ALO,aston_martin,Aston Martin,14,18,0.0,fastf1
2025,20,2025-10-26,Mexico City Grand Prix,,,hulkenberg,HUL,sauber,Kick Sauber,13,19,0.0,fastf1
2025,20,2025-10-26,Mexico City Grand Prix,,,lawson,LAW,rb,Racing Bulls,15,20,0.0,fastf1
2025,21,2025-11-09,São Paulo Grand Prix,,,norris,NOR,mclaren,McLaren,1,1,25.0,fastf1
2025,21,2025-11-09,São Paulo Grand Prix,,,antonelli,ANT,mercedes,Mercedes,2,2,18.0,fastf1
2025,21,2025-11-09,São Paulo Grand Prix,,,max_verstappen,VER,red_bull,Red Bull Racing,19,3,15.0,fastf1
2025,21,2025-11-09,São Paulo Grand Prix,,,russell,RUS,mercedes,Mercedes,6,4,12.0,fastf1
2025,21,2025-11-09,São Paulo Grand Prix,,,piastri,PIA,mclaren,McLaren,4,5,10.0,fastf1
2025,21,2025-11-09,São Paulo Grand Prix,,,bearman,BEA,haas,Haas F1 Team,8,6,8.0,fastf1
2025,21,2025-11-09,São Paulo Grand Prix,,,lawson,LAW,rb,Racing Bulls,7,7,6.0,fastf1
2025,21,2025-11-09,São Paulo Grand Prix,,,hadjar,HAD,rb,Racing Bulls,5,8,4.0,fastf1
2025,21,2025-11-09,São Paulo Grand Prix,,,hulkenberg,HUL,sauber,Kick Sauber,10,9,2.0,fastf1
2025,21,2025-11-09,São Paulo Grand Prix,,,gasly,GAS,alpine,Alpine,9,10,1.0,fastf1
2025,21,2025-11-09,São Paulo Grand Prix,,,albon,ALB,williams,Williams,12,11,0.0,fastf1
2025,21,2025-11-09,São Paulo Grand Prix,,,ocon,OCO,haas,Haas F1 Team,20,12,0.0,fastf1
2025,21,2025-11-09,São Paulo Grand Prix,,,sainz,SAI,williams,Williams,15,13,0.0,fastf1
2025,21,2025-11-09,São Paulo Grand Prix,,,alonso,ALO,aston_martin,Aston Martin,11,14,0.0,fastf1
2025,21,2025-11-09,São Paulo Grand Prix,,,colapinto,COL,alpine,Alpine,16,15,0.0,fastf1
2025,21,2025-11-09,São Paulo Grand Prix,,,stroll,STR,aston_martin,Aston Martin,14,16,0.0,fastf1
2025,21,2025-11-09,São Paulo Grand Prix,,,tsunoda,TSU,red_bull,Red Bull Racing,17,17,0.0,fastf1
2025,21,2025-11-09,São Paulo Grand Prix,,,hamilton,HAM,ferrari,Ferrari,13,18,0.0,fastf1
2025,21,2025-11-09,São Paulo Grand Prix,,,leclerc,LEC,ferrari,Ferrari,3,19,0.0,fastf1
2025,21,2025-11-09,São Paulo Grand Prix,,,bortoleto,BOR,sauber,Kick Sauber,18,20,0.0,fastf1
2025,22,2025-11-22,Las Vegas Grand Prix,,,max_verstappen,VER,red_bull,Red Bull Racing,2,1,25.0,fastf1
2025,22,2025-11-22,Las Vegas Grand Prix,,,russell,RUS,mercedes,Mercedes,4,2,18.0,fastf1
2025,22,2025-11-22,Las Vegas Grand Prix,,,antonelli,ANT,mercedes,Mercedes,17,3,15.0,fastf1
2025,22,2025-11-22,Las Vegas Grand Prix,,,leclerc,LEC,ferrari,Ferrari,9,4,12.0,fastf1
2025,22,2025-11-22,Las Vegas Grand Prix,,,sainz,SAI,williams,Williams,3,5,10.0,fastf1
2025,22,2025-11-22,Las Vegas Grand Prix,,,hadjar,HAD,rb,Racing Bulls,8,6,8.0,fastf1
2025,22,2025-11-22,Las Vegas Grand Prix,,,hulkenberg,HUL,sauber,Kick Sauber,11,7,6.0,fastf1
2025,22,2025-11-22,Las Vegas Grand Prix,,,hamilton,HAM,ferrari,Ferrari,19,8,4.0,fastf1
2025,22,2025-11-22,Las Vegas Grand Prix,,,ocon,OCO,haas,Haas F1 Team,13,9,2.0,fastf1
2025,22,2025-11-22,Las Vegas Grand Prix,,,bearman,BEA,haas,Haas F1 Team,14,10,1.0,fastf1
2025,22,2025-11-22,Las Vegas Grand Prix,,,alonso,ALO,aston_martin,Aston Martin,7,11,0.0,fastf1
2025,22,2025-11-22,Las Vegas Grand Prix,,,tsunoda,TSU,red_bull,Red Bull Racing,20,12,0.0,fastf1
2025,22,2025-11-22,Las Vegas Grand Prix,,,gasly,GAS,alpine,Alpine,10,13,0.0,fastf1
2025,22,2025-11-22,Las Vegas Grand Prix,,,lawson,LAW,rb,Racing Bulls,6,14,0.0,fastf1
2025,22,2025-11-22,Las Vegas Grand Prix,,,colapinto,COL,alpine,Alpine,15,15,0.0,fastf1
2025,22,2025-11-22,Las Vegas Grand Prix,,,albon,ALB,williams,Williams,16,16,0.0,fastf1
2025,22,2025-11-22,Las Vegas Grand Prix,,,bortoleto,BOR,sauber,Kick Sauber,18,17,0.0,fastf1
2025,22,2025-11-22,Las Vegas Grand Prix,,,stroll,STR,aston_martin,Aston Martin,12,18,0.0,fastf1
2025,22,2025-11-22,Las Vegas Grand Prix,,,norris,NOR,mclaren,McLaren,1,19,0.0,fastf1
2025,22,2025-11-22,Las Vegas Grand Prix,,,piastri,PIA,mclaren,McLaren,5,20,0.0,fastf1
2025,23,2025-11-30,Qatar Grand Prix,,,max_verstappen,VER,red_bull,Red Bull Racing,3,1,25.0,fastf1
2025,23,2025-11-30,Qatar Grand Prix,,,piastri,PIA,mclaren,McLaren,1,2,18.0,fastf1
2025,23,2025-11-30,Qatar Grand Prix,,,sainz,SAI,williams,Williams,7,3,15.0,fastf1
2025,23,2025-11-30,Qatar Grand Prix,,,norris,NOR,mclaren,McLaren,2,4,12.0,fastf1
2025,23,2025-11-30,Qatar Grand Prix,,,antonelli,ANT,mercedes,Mercedes,5,5,10.0,fastf1
2025,23,2025-11-30,Qatar Grand Prix,,,russell,RUS,mercedes,Mercedes,4,6,8.0,fastf1
2025,23,2025-11-30,Qatar Grand Prix,,,alonso,ALO,aston_martin,Aston Martin,8,7,6.0,fastf1
2025,23,2025-11-30,Qatar Grand Prix,,,leclerc,LEC,ferrari,Ferrari,10,8,4.0,fastf1
2025,23,2025-11-30,Qatar Grand Prix,,,lawson,LAW,rb,Racing Bulls,12,9,2.0,fastf1
2025,23,2025-11-30,Qatar Grand Prix,,,tsunoda,TSU,red_bull,Red Bull Racing,15,10,1.0,fastf1
2025,23,2025-11-30,Qatar Grand Prix,,,albon,ALB,williams,Williams,14,11,0.0,fastf1
2025,23,2025-11-30,Qatar Grand Prix,,,hamilton,HAM,ferrari,Ferrari,17,12,0.0,fastf1
2025,23,2025-11-30,Qatar Grand Prix,,,bortoleto,BOR,sauber,Kick Sauber,19,13,0.0,fastf1
2025,23,2025-11-30,Qatar Grand Prix,,,colapinto,COL,alpine,Alpine,20,14,0.0,fastf1
2025,23,2025-11-30,Qatar Grand Prix,,,ocon,OCO,haas,Haas F1 Team,16,15,0.0,fastf1
2025,23,2025-11-30,Qatar Grand Prix,,,gasly,GAS,alpine,Alpine,9,16,0.0,fastf1
2025,23,2025-11-30,Qatar Grand Prix,,,stroll,STR,aston_martin,Aston Martin,18,17,0.0,fastf1
2025,23,2025-11-30,Qatar Grand Prix,,,hadjar,HAD,rb,Racing Bulls,6,18,0.0,fastf1
2025,23,2025-11-30,Qatar Grand Prix,,,bearman,BEA,haas,Haas F1 Team,13,19,0.0,fastf1
2025,23,2025-11-30,Qatar Grand Prix,,,hulkenberg,HUL,sauber,Kick Sauber,11,20,0.0,fastf1
2025,24,2025-12-07,Abu Dhabi Grand Prix,,,max_verstappen,VER,red_bull,Red Bull Racing,1,1,25.0,fastf1
2025,24,2025-12-07,Abu Dhabi Grand Prix,,,piastri,PIA,mclaren,McLaren,3,2,18.0,fastf1
2025,24,2025-12-07,Abu Dhabi Grand Prix,,,norris,NOR,mclaren,McLaren,2,3,15.0,fastf1
2025,24,2025-12-07,Abu Dhabi Grand Prix,,,leclerc,LEC,ferrari,Ferrari,5,4,12.0,fastf1
2025,24,2025-12-07,Abu Dhabi Grand Prix,,,russell,RUS,mercedes,Mercedes,4,5,10.0,fastf1
2025,24,2025-12-07,Abu Dhabi Grand Prix,,,alonso,ALO,aston_martin,Aston Martin,6,6,8.0,fastf1
2025,24,2025-12-07,Abu Dhabi Grand Prix,,,ocon,OCO,haas,Haas F1 Team,8,7,6.0,fastf1
2025,24,2025-12-07,Abu Dhabi Grand Prix,,,hamilton,HAM,ferrari,Ferrari,16,8,4.0,fastf1
2025,24,2025-12-07,Abu Dhabi Grand Prix,,,hulkenberg,HUL,sauber,Kick Sauber,18,9,2.0,fastf1
2025,24,2025-12-07,Abu Dhabi Grand Prix,,,stroll,STR,aston_martin,Aston Martin,15,10,1.0,fastf1
2025,24,2025-12-07,Abu Dhabi Grand Prix,,,bortoleto,BOR,sauber,Kick Sauber,7,11,0.0,fastf1
2025,24,2025-12-07,Abu Dhabi Grand Prix,,,bearman,BEA,haas,Haas F1 Team,11,12,0.0,fastf1
2025,24,2025-12-07,Abu Dhabi Grand Prix,,,sainz,SAI,williams,Williams,12,13,0.0,fastf1
2025,24,2025-12-07,Abu Dhabi Grand Prix,,,tsunoda,TSU,red_bull,Red Bull Racing,10,14,0.0,fastf1
2025,24,2025-12-07,Abu Dhabi Grand Prix,,,antonelli,ANT,mercedes,Mercedes,14,15,0.0,fastf1
2025,24,2025-12-07,Abu Dhabi Grand Prix,,,albon,ALB,williams,Williams,17,16,0.0,fastf1
2025,24,2025-12-07,Abu Dhabi Grand Prix,,,hadjar,HAD,rb,Racing Bulls,9,17,0.0,fastf1
2025,24,2025-12-07,Abu Dhabi Grand Prix,,,lawson,LAW,rb,Racing Bulls,13,18,0.0,fastf1
2025,24,2025-12-07,Abu Dhabi Grand Prix,,,gasly,GAS,alpine,Alpine,19,19,0.0,fastf1
2025,24,2025-12-07,Abu Dhabi Grand Prix,,,colapinto,COL,alpine,Alpine,20,20,0.0,fastf1
2024,3,2024-03-24 00:00:00,Australian Grand Prix,,,sainz,SAI,ferrari,Ferrari,2,1,25.0,fastf1
2024,3,2024-03-24 00:00:00,Australian Grand Prix,,,leclerc,LEC,ferrari,Ferrari,4,2,19.0,fastf1
2024,3,2024-03-24 00:00:00,Australian Grand Prix,,,norris,NOR,mclaren,McLaren,3,3,15.0,fastf1
2024,3,2024-03-24 00:00:00,Australian Grand Prix,,,piastri,PIA,mclaren,McLaren,5,4,12.0,fastf1
2024,3,2024-03-24 00:00:00,Australian Grand Prix,,,perez,PER,red_bull,Red Bull Racing,6,5,10.0,fastf1
2024,3,2024-03-24 00:00:00,Australian Grand Prix,,,stroll,STR,aston_martin,Aston Martin,9,6,8.0,fastf1
2024,3,2024-03-24 00:00:00,Australian Grand Prix,,,tsunoda,TSU,rb,RB,8,7,6.0,fastf1
2024,3,2024-03-24 00:00:00,Australian Grand Prix,,,alonso,ALO,aston_martin,Aston Martin,10,8,4.0,fastf1
2024,3,2024-03-24 00:00:00,Australian Grand Prix,,,hulkenberg,HUL,haas,Haas F1 Team,16,9,2.0,fastf1
2024,3,2024-03-24 00:00:00,Australian Grand Prix,,,kevin_magnussen,MAG,haas,Haas F1 Team,14,10,1.0,fastf1
2024,3,2024-03-24 00:00:00,Australian Grand Prix,,,albon,ALB,williams,Williams,12,11,0.0,fastf1
2024,3,2024-03-24 00:00:00,Australian Grand Prix,,,ricciardo,RIC,rb,RB,18,12,0.0,fastf1
2024,3,2024-03-24 00:00:00,Australian Grand Prix,,,gasly,GAS,alpine,Alpine,17,13,0.0,fastf1
2024,3,2024-03-24 00:00:00,Australian Grand Prix,,,bottas,BOT,sauber,Kick Sauber,13,14,0.0,fastf1
2024,3,2024-03-24 00:00:00,Australian Grand Prix,,,zhou,ZHO,sauber,Kick Sauber,19,15,0.0,fastf1
2024,3,2024-03-24 00:00:00,Australian Grand Prix,,,ocon,OCO,alpine,Alpine,15,16,0.0,fastf1
2024,3,2024-03-24 00:00:00,Australian Grand Prix,,,russell,RUS,mercedes,Mercedes,7,17,0.0,fastf1
2024,3,2024-03-24 00:00:00,Australian Grand Prix,,,hamilton,HAM,mercedes,Mercedes,11,18,0.0,fastf1
2024,3,2024-03-24 00:00:00,Australian Grand Prix,,,max_verstappen,VER,red_bull,Red Bull Racing,1,19,0.0,fastf1
2025,9,2025-06-01 00:00:00,Spanish Grand Prix,,,piastri,PIA,mclaren,McLaren,1,1,25.0,fastf1
2025,9,2025-06-01 00:00:00,Spanish Grand Prix,,,norris,NOR,mclaren,McLaren,2,2,18.0,fastf1
2025,9,2025-06-01 00:00:00,Spanish Grand Prix,,,leclerc,LEC,ferrari,Ferrari,7,3,15.0,fastf1
2025,9,2025-06-01 00:00:00,Spanish Grand Prix,,,russell,RUS,mercedes,Mercedes,4,4,12.0,fastf1
2025,9,2025-06-01 00:00:00,Spanish Grand Prix,,,hulkenberg,HUL,sauber,Kick Sauber,15,5,10.0,fastf1
2025,9,2025-06-01 00:00:00,Spanish Grand Prix,,,hamilton,HAM,ferrari,Ferrari,5,6,8.0,fastf1
2025,9,2025-06-01 00:00:00,Spanish Grand Prix,,,hadjar,HAD,rb,Racing Bulls,9,7,6.0,fastf1
2025,9,2025-06-01 00:00:00,Spanish Grand Prix,,,gasly,GAS,alpine,Alpine,8,8,4.0,fastf1
2025,9,2025-06-01 00:00:00,Spanish Grand Prix,,,alonso,ALO,aston_martin,Aston Martin,10,9,2.0,fastf1
2025,9,2025-06-01 00:00:00,Spanish Grand Prix,,,max_verstappen,VER,red_bull,Red Bull Racing,3,10,1.0,fastf1
2025,9,2025-06-01 00:00:00,Spanish Grand Prix,,,lawson,LAW,rb,Racing Bulls,13,11,0.0,fastf1
2025,9,2025-06-01 00:00:00,Spanish Grand Prix,,,bortoleto,BOR,sauber,Kick Sauber,12,12,0.0,fastf1
2025,9,2025-06-01 00:00:00,Spanish Grand Prix,,,tsunoda,TSU,red_bull,Red Bull Racing,19,13,0.0,fastf1
2025,9,2025-06-01 00:00:00,Spanish Grand Prix,,,sainz,SAI,williams,Williams,17,14,0.0,fastf1
2025,9,2025-06-01 00:00:00,Spanish Grand Prix,,,colapinto,COL,alpine,Alpine,18,15,0.0,fastf1
2025,9,2025-06-01 00:00:00,Spanish Grand Prix,,,ocon,OCO,haas,Haas F1 Team,16,16,0.0,fastf1
2025,9,2025-06-01 00:00:00,Spanish Grand Prix,,,bearman,BEA,haas,Haas F1 Team,14,17,0.0,fastf1
2025,9,2025-06-01 00:00:00,Spanish Grand Prix,,,antonelli,ANT,mercedes,Mercedes,6,18,0.0,fastf1
2025,9,2025-06-01 00:00:00,Spanish Grand Prix,,,albon,ALB,williams,Williams,11,19,0.0,fastf1
