season,round,race_name,circuit_id,circuit_name,driver_id,constructor_id,grid_position,quali_gap_to_pole,grid_position_weighted,current_points,current_position,avg_points_per_race,avg_finish_position,races_completed,wins,podiums,poles,recent_top3_rate,last_race_finish,last_race_points,momentum,constructor_avg_finish,constructor_avg_points,driver_track_history,constructor_development_rate,track_overtaking_index,season_weight,finish_position,points,dnf_flag
2021,1,Bahrain Grand Prix,,Bahrain Grand Prix,hamilton,mercedes,2.0,,0.3999999999999999,0.0,999,,,0,0,0,0,,,,,,,6.271929824561403,,0.8,0.2,1.0,25.0,
2021,1,Bahrain Grand Prix,,Bahrain Grand Prix,max_verstappen,red_bull,1.0,,0.19999999999999996,0.0,999,,,0,0,0,0,,,,,,,3.254385964912281,,0.8,0.2,2.0,18.0,
2021,1,Bahrain Grand Prix,,Bahrain Grand Prix,bottas,mercedes,3.0,,0.5999999999999999,0.0,999,,,0,0,0,0,,,,,,,12.4,,0.8,0.2,3.0,16.0,
2021,1,Bahrain Grand Prix,,Bahrain Grand Prix,norris,mclaren,7.0,,1.3999999999999997,0.0,999,,,0,0,0,0,,,,,,,6.385964912280702,,0.8,0.2,4.0,12.0,
2021,1,Bahrain Grand Prix,,Bahrain Grand Prix,perez,red_bull,,,,0.0,999,,,0,0,0,0,,,,,,,7.166666666666667,,0.8,0.2,5.0,10.0,
2021,1,Bahrain Grand Prix,,Bahrain Grand Prix,leclerc,ferrari,4.0,,0.7999999999999998,0.0,999,,,0,0,0,0,,,,,,,6.517543859649122,,0.8,0.2,6.0,8.0,
2021,1,Bahrain Grand Prix,,Bahrain Grand Prix,ricciardo,mclaren,6.0,,1.1999999999999997,0.0,999,,,0,0,0,0,,,,,,,11.507246376811594,,0.8,0.2,7.0,6.0,
2021,1,Bahrain Grand Prix,,Bahrain Grand Prix,sainz,ferrari,8.0,,1.5999999999999996,0.0,999,,,0,0,0,0,,,,,,,8.0,,0.8,0.2,8.0,4.0,
2021,1,Bahrain Grand Prix,,Bahrain Grand Prix,tsunoda,alphatauri,13.0,,2.5999999999999996,0.0,999,,,0,0,0,0,,,,,,,13.324561403508772,,0.8,0.2,9.0,2.0,
2021,1,Bahrain Grand Prix,,Bahrain Grand Prix,stroll,aston_martin,10.0,,1.9999999999999996,0.0,999,,,0,0,0,0,,,,,,,12.410714285714286,,0.8,0.2,10.0,1.0,
2021,1,Bahrain Grand Prix,,Bahrain Grand Prix,raikkonen,alfa,14.0,,2.7999999999999994,0.0,999,,,0,0,0,0,,,,,,,13.2,,0.8,0.2,11.0,0.0,
2021,1,Bahrain Grand Prix,,Bahrain Grand Prix,giovinazzi,alfa,12.0,,2.3999999999999995,0.0,999,,,0,0,0,0,,,,,,,13.090909090909092,,0.8,0.2,12.0,0.0,
2021,1,Bahrain Grand Prix,,Bahrain Grand Prix,ocon,alpine,16.0,,3.1999999999999993,0.0,999,,,0,0,0,0,,,,,,,11.539823008849558,,0.8,0.2,13.0,0.0,
2021,1,Bahrain Grand Prix,,Bahrain Grand Prix,russell,williams,15.0,,2.999999999999999,0.0,999,,,0,0,0,0,,,,,,,7.587719298245614,,0.8,0.2,14.0,0.0,
2021,1,Bahrain Grand Prix,,Bahrain Grand Prix,vettel,aston_martin,20.0,,3.999999999999999,0.0,999,,,0,0,0,0,,,,,,,11.761904761904763,,0.8,0.2,15.0,0.0,
2021,1,Bahrain Grand Prix,,Bahrain Grand Prix,mick_schumacher,haas,18.0,,3.599999999999999,0.0,999,,,0,0,0,0,,,,,,,15.55813953488372,,0.8,0.2,16.0,0.0,
2021,1,Bahrain Grand Prix,,Bahrain Grand Prix,gasly,alphatauri,5.0,,0.9999999999999998,0.0,999,,,0,0,0,0,,,,,,,12.052631578947368,,0.8,0.2,17.0,0.0,
2021,1,Bahrain Grand Prix,,Bahrain Grand Prix,latifi,williams,17.0,,3.3999999999999995,0.0,999,,,0,0,0,0,,,,,,,15.886363636363637,,0.8,0.2,18.0,0.0,
2021,1,Bahrain Grand Prix,,Bahrain Grand Prix,alonso,alpine,9.0,,1.7999999999999996,0.0,999,,,0,0,0,0,,,,,,,9.929824561403509,,0.8,0.2,19.0,0.0,
2021,1,Bahrain Grand Prix,,Bahrain Grand Prix,mazepin,haas,19.0,,3.799999999999999,0.0,999,,,0,0,0,0,,,,,,,17.761904761904763,,0.8,0.2,20.0,0.0,
2021,2,Emilia Romagna Grand Prix,,Emilia Romagna Grand Prix,max_verstappen,red_bull,3.0,,1.5,18.0,2,18.0,2.0,1,0,1,1,1.0,2.0,18.0,,3.5,14.0,3.254385964912281,,0.5,0.2,1.0,25.0,
2021,2,Emilia Romagna Grand Prix,,Emilia Romagna Grand Prix,hamilton,mercedes,1.0,,0.5,25.0,1,25.0,1.0,1,1,1,0,1.0,1.0,25.0,,2.0,20.5,6.271929824561403,,0.5,0.2,2.0,19.0,
2021,2,Emilia Romagna Grand Prix,,Emilia Romagna Grand Prix,norris,mclaren,7.0,,3.5,12.0,4,12.0,4.0,1,0,0,0,0.0,4.0,12.0,,5.5,9.0,6.385964912280702,,0.5,0.2,3.0,15.0,
2021,2,Emilia Romagna Grand Prix,,Emilia Romagna Grand Prix,leclerc,ferrari,4.0,,2.0,8.0,6,8.0,6.0,1,0,0,0,0.0,6.0,8.0,,7.0,6.0,6.517543859649122,,0.5,0.2,4.0,12.0,
2021,2,Emilia Romagna Grand Prix,,Emilia Romagna Grand Prix,sainz,ferrari,11.0,,5.5,4.0,8,4.0,8.0,1,0,0,0,0.0,8.0,4.0,,7.0,6.0,8.0,,0.5,0.2,5.0,10.0,
2021,2,Emilia Romagna Grand Prix,,Emilia Romagna Grand Prix,ricciardo,mclaren,6.0,,3.0,6.0,7,6.0,7.0,1,0,0,0,0.0,7.0,6.0,,5.5,9.0,11.507246376811594,,0.5,0.2,6.0,8.0,
2021,2,Emilia Romagna Grand Prix,,Emilia Romagna Grand Prix,gasly,alphatauri,5.0,,2.5,0.0,17,0.0,17.0,1,0,0,0,0.0,17.0,0.0,,13.0,1.0,12.052631578947368,,0.5,0.2,7.0,6.0,
2021,2,Emilia Romagna Grand Prix,,Emilia Romagna Grand Prix,stroll,aston_martin,10.0,,5.0,1.0,10,1.0,10.0,1,0,0,0,0.0,10.0,1.0,,12.5,0.5,12.410714285714286,,0.5,0.2,8.0,4.0,
2021,2,Emilia Romagna Grand Prix,,Emilia Romagna Grand Prix,ocon,alpine,9.0,,4.5,0.0,13,0.0,13.0,1,0,0,0,0.0,13.0,0.0,,16.0,0.0,11.539823008849558,,0.5,0.2,9.0,2.0,
2021,2,Emilia Romagna Grand Prix,,Emilia Romagna Grand Prix,alonso,alpine,15.0,,7.5,0.0,19,0.0,19.0,1,0,0,0,0.0,19.0,0.0,,16.0,0.0,9.929824561403509,,0.5,0.2,10.0,1.0,
2021,2,Emilia Romagna Grand Prix,,Emilia Romagna Grand Prix,perez,red_bull,2.0,,1.0,10.0,5,10.0,5.0,1,0,0,0,0.0,5.0,10.0,,3.5,14.0,7.166666666666667,,0.5,0.2,11.0,0.0,
2021,2,Emilia Romagna Grand Prix,,Emilia Romagna Grand Prix,tsunoda,alphatauri,20.0,,10.0,2.0,9,2.0,9.0,1,0,0,0,0.0,9.0,2.0,,13.0,1.0,13.324561403508772,,0.5,0.2,12.0,0.0,
2021,2,Emilia Romagna Grand Prix,,Emilia Romagna Grand Prix,raikkonen,alfa,16.0,,8.0,0.0,11,0.0,11.0,1,0,0,0,0.0,11.0,0.0,,11.5,0.0,13.2,,0.5,0.2,13.0,0.0,
2021,2,Emilia Romagna Grand Prix,,Emilia Romagna Grand Prix,giovinazzi,alfa,17.0,,8.5,0.0,12,0.0,12.0,1,0,0,0,0.0,12.0,0.0,,11.5,0.0,13.090909090909092,,0.5,0.2,14.0,0.0,
2021,2,Emilia Romagna Grand Prix,,Emilia Romagna Grand Prix,vettel,aston_martin,,,,0.0,15,0.0,15.0,1,0,0,0,0.0,15.0,0.0,,12.5,0.5,11.761904761904763,,0.5,0.2,15.0,0.0,
2021,2,Emilia Romagna Grand Prix,,Emilia Romagna Grand Prix,mick_schumacher,haas,18.0,,9.0,0.0,16,0.0,16.0,1,0,0,0,0.0,16.0,0.0,,18.0,0.0,15.55813953488372,,0.5,0.2,16.0,0.0,
2021,2,Emilia Romagna Grand Prix,,Emilia Romagna Grand Prix,mazepin,haas,19.0,,9.5,0.0,20,0.0,20.0,1,0,0,0,0.0,20.0,0.0,,18.0,0.0,17.761904761904763,,0.5,0.2,17.0,0.0,
2021,2,Emilia Romagna Grand Prix,,Emilia Romagna Grand Prix,bottas,mercedes,8.0,,4.0,16.0,3,16.0,3.0,1,0,1,0,1.0,3.0,16.0,,2.0,20.5,12.4,,0.5,0.2,18.0,0.0,
2021,2,Emilia Romagna Grand Prix,,Emilia Romagna Grand Prix,russell,williams,12.0,,6.0,0.0,14,0.0,14.0,1,0,0,0,0.0,14.0,0.0,,16.0,0.0,7.587719298245614,,0.5,0.2,19.0,0.0,
2021,2,Emilia Romagna Grand Prix,,Emilia Romagna Grand Prix,latifi,williams,14.0,,7.0,0.0,18,0.0,18.0,1,0,0,0,0.0,18.0,0.0,,16.0,0.0,15.886363636363637,,0.5,0.2,20.0,0.0,
2021,3,Portuguese Grand Prix,,Portuguese Grand Prix,hamilton,mercedes,2.0,,1.0,44.0,1,22.0,1.5,2,1,2,1,1.0,2.0,19.0,-6.0,6.0,15.0,6.271929824561403,30.0,0.5,0.2,1.0,25.0,
2021,3,Portuguese Grand Prix,,Portuguese Grand Prix,max_verstappen,red_bull,3.0,,1.5,43.0,2,21.5,1.5,2,1,2,1,1.0,1.0,25.0,7.0,4.75,13.25,3.254385964912281,26.5,0.5,0.2,2.0,18.0,
2021,3,Portuguese Grand Prix,,Portuguese Grand Prix,bottas,mercedes,1.0,,0.5,16.0,5,8.0,10.5,2,0,1,0,0.5,18.0,0.0,-16.0,6.0,15.0,12.4,30.0,0.5,0.2,3.0,16.0,
2021,3,Portuguese Grand Prix,,Portuguese Grand Prix,perez,red_bull,4.0,,2.0,10.0,8,5.0,8.0,2,0,0,0,0.0,11.0,0.0,-10.0,4.75,13.25,7.166666666666667,26.5,0.5,0.2,4.0,12.0,
2021,3,Portuguese Grand Prix,,Portuguese Grand Prix,norris,mclaren,7.0,,3.5,27.0,3,13.5,3.5,2,0,1,0,0.5,3.0,15.0,3.0,5.0,10.25,6.385964912280702,20.5,0.5,0.2,5.0,10.0,
2021,3,Portuguese Grand Prix,,Portuguese Grand Prix,leclerc,ferrari,8.0,,4.0,20.0,4,10.0,5.0,2,0,0,0,0.0,4.0,12.0,4.0,5.75,8.5,6.517543859649122,17.0,0.5,0.2,6.0,8.0,
2021,3,Portuguese Grand Prix,,Portuguese Grand Prix,ocon,alpine,6.0,,3.0,2.0,12,1.0,11.0,2,0,0,0,0.0,9.0,2.0,2.0,12.75,0.75,11.539823008849558,1.5,0.5,0.2,7.0,6.0,
2021,3,Portuguese Grand Prix,,Portuguese Grand Prix,alonso,alpine,13.0,,6.5,1.0,13,0.5,14.5,2,0,0,0,0.0,10.0,1.0,1.0,12.75,0.75,9.929824561403509,1.5,0.5,0.2,8.0,4.0,
2021,3,Portuguese Grand Prix,,Portuguese Grand Prix,ricciardo,mclaren,16.0,,8.0,14.0,6,7.0,6.5,2,0,0,0,0.0,6.0,8.0,2.0,5.0,10.25,11.507246376811594,20.5,0.5,0.2,9.0,2.0,
2021,3,Portuguese Grand Prix,,Portuguese Grand Prix,gasly,alphatauri,9.0,,4.5,6.0,9,3.0,12.0,2,0,0,0,0.0,7.0,6.0,6.0,11.25,2.0,12.052631578947368,4.0,0.5,0.2,10.0,1.0,
2021,3,Portuguese Grand Prix,,Portuguese Grand Prix,sainz,ferrari,5.0,,2.5,14.0,7,7.0,6.5,2,0,0,0,0.0,5.0,10.0,6.0,5.75,8.5,8.0,17.0,0.5,0.2,11.0,0.0,
2021,3,Portuguese Grand Prix,,Portuguese Grand Prix,giovinazzi,alfa,12.0,,6.0,0.0,15,0.0,13.0,2,0,0,0,0.0,14.0,0.0,0.0,12.5,0.0,13.090909090909092,0.0,0.5,0.2,12.0,0.0,
2021,3,Portuguese Grand Prix,,Portuguese Grand Prix,vettel,aston_martin,10.0,,5.0,0.0,16,0.0,15.0,2,0,0,0,0.0,15.0,0.0,0.0,12.0,1.25,11.761904761904763,2.5,0.5,0.2,13.0,0.0,
2021,3,Portuguese Grand Prix,,Portuguese Grand Prix,stroll,aston_martin,17.0,,8.5,5.0,10,2.5,9.0,2,0,0,0,0.0,8.0,4.0,3.0,12.0,1.25,12.410714285714286,2.5,0.5,0.2,14.0,0.0,
2021,3,Portuguese Grand Prix,,Portuguese Grand Prix,tsunoda,alphatauri,14.0,,7.0,2.0,11,1.0,10.5,2,0,0,0,0.0,12.0,0.0,-2.0,11.25,2.0,13.324561403508772,4.0,0.5,0.2,15.0,0.0,
2021,3,Portuguese Grand Prix,,Portuguese Grand Prix,russell,williams,11.0,,5.5,0.0,18,0.0,16.5,2,0,0,0,0.0,19.0,0.0,0.0,17.75,0.0,7.587719298245614,0.0,0.5,0.2,16.0,0.0,
2021,3,Portuguese Grand Prix,,Portuguese Grand Prix,mick_schumacher,haas,19.0,,9.5,0.0,17,0.0,16.0,2,0,0,0,0.0,16.0,0.0,0.0,17.25,0.0,15.55813953488372,0.0,0.5,0.2,17.0,0.0,
2021,3,Portuguese Grand Prix,,Portuguese Grand Prix,latifi,williams,18.0,,9.0,0.0,20,0.0,19.0,2,0,0,0,0.0,20.0,0.0,0.0,17.75,0.0,15.886363636363637,0.0,0.5,0.2,18.0,0.0,
2021,3,Portuguese Grand Prix,,Portuguese Grand Prix,mazepin,haas,20.0,,10.0,0.0,19,0.0,18.5,2,0,0,0,0.0,17.0,0.0,0.0,17.25,0.0,17.761904761904763,0.0,0.5,0.2,19.0,0.0,
2021,3,Portuguese Grand Prix,,Portuguese Grand Prix,raikkonen,alfa,15.0,,7.5,0.0,14,0.0,12.0,2,0,0,0,0.0,13.0,0.0,0.0,12.5,0.0,13.2,0.0,0.5,0.2,20.0,0.0,
2021,4,Spanish Grand Prix,,Spanish Grand Prix,hamilton,mercedes,1.0,,0.6,69.0,1,23.0,1.3333333333333333,3,2,3,1,1.0,1.0,25.0,0.0,4.666666666666667,16.833333333333332,6.271929824561403,33.666666666666664,0.4,0.2,1.0,25.0,
2021,4,Spanish Grand Prix,,Spanish Grand Prix,max_verstappen,red_bull,2.0,,1.2,61.0,2,20.333333333333332,1.6666666666666667,3,1,3,1,1.0,2.0,18.0,0.0,4.166666666666667,13.833333333333334,3.254385964912281,27.666666666666668,0.4,0.2,2.0,19.0,
2021,4,Spanish Grand Prix,,Spanish Grand Prix,bottas,mercedes,3.0,,1.7999999999999998,32.0,4,10.666666666666666,8.0,3,0,2,1,0.6666666666666666,3.0,16.0,0.0,4.666666666666667,16.833333333333332,12.4,33.666666666666664,0.4,0.2,3.0,15.0,
2021,4,Spanish Grand Prix,,Spanish Grand Prix,leclerc,ferrari,4.0,,2.4,28.0,5,9.333333333333334,5.333333333333333,3,0,0,0,0.0,6.0,8.0,0.0,6.666666666666667,7.0,6.517543859649122,14.0,0.4,0.2,4.0,12.0,
2021,4,Spanish Grand Prix,,Spanish Grand Prix,perez,red_bull,8.0,,4.8,22.0,6,7.333333333333333,6.666666666666667,3,0,0,0,0.0,4.0,12.0,2.0,4.166666666666667,13.833333333333334,7.166666666666667,27.666666666666668,0.4,0.2,5.0,10.0,
2021,4,Spanish Grand Prix,,Spanish Grand Prix,ricciardo,mclaren,7.0,,4.2,16.0,7,5.333333333333333,7.333333333333333,3,0,0,0,0.0,9.0,2.0,-4.0,5.666666666666667,8.833333333333334,11.507246376811594,17.666666666666668,0.4,0.2,6.0,8.0,
2021,4,Spanish Grand Prix,,Spanish Grand Prix,sainz,ferrari,6.0,,3.5999999999999996,14.0,8,4.666666666666667,8.0,3,0,0,0,0.0,11.0,0.0,-4.0,6.666666666666667,7.0,8.0,14.0,0.4,0.2,7.0,6.0,
2021,4,Spanish Grand Prix,,Spanish Grand Prix,norris,mclaren,9.0,,5.3999999999999995,37.0,3,12.333333333333334,4.0,3,0,1,0,0.3333333333333333,5.0,10.0,-2.0,5.666666666666667,8.833333333333334,6.385964912280702,17.666666666666668,0.4,0.2,8.0,4.0,
2021,4,Spanish Grand Prix,,Spanish Grand Prix,ocon,alpine,5.0,,3.0,8.0,9,2.6666666666666665,9.666666666666666,3,0,0,0,0.0,7.0,6.0,6.0,11.0,2.1666666666666665,11.539823008849558,4.333333333333333,0.4,0.2,9.0,2.0,
2021,4,Spanish Grand Prix,,Spanish Grand Prix,gasly,alphatauri,12.0,,7.199999999999999,7.0,10,2.3333333333333335,11.333333333333334,3,0,0,0,0.0,10.0,1.0,1.0,11.666666666666666,1.5,12.052631578947368,3.0,0.4,0.2,10.0,1.0,
2021,4,Spanish Grand Prix,,Spanish Grand Prix,stroll,aston_martin,11.0,,6.6,5.0,11,1.6666666666666667,10.666666666666666,3,0,0,0,0.0,14.0,0.0,-1.0,12.5,0.8333333333333334,12.410714285714286,1.6666666666666667,0.4,0.2,11.0,0.0,
2021,4,Spanish Grand Prix,,Spanish Grand Prix,raikkonen,alfa,17.0,,10.2,0.0,16,0.0,14.666666666666666,3,0,0,0,0.0,20.0,0.0,0.0,13.666666666666666,0.0,13.2,0.0,0.4,0.2,12.0,0.0,
2021,4,Spanish Grand Prix,,Spanish Grand Prix,vettel,aston_martin,13.0,,7.8,0.0,15,0.0,14.333333333333334,3,0,0,0,0.0,13.0,0.0,0.0,12.5,0.8333333333333334,11.761904761904763,1.6666666666666667,0.4,0.2,13.0,0.0,
2021,4,Spanish Grand Prix,,Spanish Grand Prix,russell,williams,15.0,,9.0,0.0,18,0.0,16.333333333333332,3,0,0,0,0.0,16.0,0.0,0.0,17.5,0.0,7.587719298245614,0.0,0.4,0.2,14.0,0.0,
2021,4,Spanish Grand Prix,,Spanish Grand Prix,giovinazzi,alfa,14.0,,8.4,0.0,14,0.0,12.666666666666666,3,0,0,0,0.0,12.0,0.0,0.0,13.666666666666666,0.0,13.090909090909092,0.0,0.4,0.2,15.0,0.0,
2021,4,Spanish Grand Prix,,Spanish Grand Prix,latifi,williams,19.0,,11.4,0.0,19,0.0,18.666666666666668,3,0,0,0,0.0,18.0,0.0,0.0,17.5,0.0,15.886363636363637,0.0,0.4,0.2,16.0,0.0,
2021,4,Spanish Grand Prix,,Spanish Grand Prix,alonso,alpine,10.0,,6.0,5.0,12,1.6666666666666667,12.333333333333334,3,0,0,0,0.0,8.0,4.0,4.0,11.0,2.1666666666666665,9.929824561403509,4.333333333333333,0.4,0.2,17.0,0.0,
2021,4,Spanish Grand Prix,,Spanish Grand Prix,mick_schumacher,haas,18.0,,10.799999999999999,0.0,17,0.0,16.333333333333332,3,0,0,0,0.0,17.0,0.0,0.0,17.5,0.0,15.55813953488372,0.0,0.4,0.2,18.0,0.0,
2021,4,Spanish Grand Prix,,Spanish Grand Prix,mazepin,haas,20.0,,12.0,0.0,20,0.0,18.666666666666668,3,0,0,0,0.0,19.0,0.0,0.0,17.5,0.0,17.761904761904763,0.0,0.4,0.2,19.0,0.0,
2021,4,Spanish Grand Prix,,Spanish Grand Prix,tsunoda,alphatauri,16.0,,9.6,2.0,13,0.6666666666666666,12.0,3,0,0,0,0.0,15.0,0.0,-2.0,11.666666666666666,1.5,13.324561403508772,3.0,0.4,0.2,20.0,0.0,
2021,5,Monaco Grand Prix,,Monaco Grand Prix,max_verstappen,red_bull,2.0,,1.6,80.0,2,20.0,1.75,4,1,4,1,1.0,2.0,19.0,1.0,4.0,14.0,3.254385964912281,0.0,0.2,0.2,1.0,25.0,
2021,5,Monaco Grand Prix,,Monaco Grand Prix,sainz,ferrari,4.0,,3.2,20.0,8,5.0,7.75,4,0,0,0,0.0,7.0,6.0,2.0,6.375,7.5,8.0,4.0,0.2,0.2,2.0,18.0,
2021,5,Monaco Grand Prix,,Monaco Grand Prix,norris,mclaren,5.0,,4.0,41.0,4,10.25,5.0,4,0,1,0,0.25,8.0,4.0,-8.0,6.0,8.125,6.385964912280702,-2.333333333333334,0.2,0.2,3.0,15.0,
2021,5,Monaco Grand Prix,,Monaco Grand Prix,perez,red_bull,9.0,,7.2,32.0,6,8.0,6.25,4,0,0,0,0.0,5.0,10.0,0.0,4.0,14.0,7.166666666666667,0.0,0.2,0.2,4.0,12.0,
2021,5,Monaco Grand Prix,,Monaco Grand Prix,vettel,aston_martin,8.0,,6.4,0.0,16,0.0,14.0,4,0,0,0,0.0,13.0,0.0,0.0,12.375,0.625,11.761904761904763,0.33333333333333326,0.2,0.2,5.0,10.0,
2021,5,Monaco Grand Prix,,Monaco Grand Prix,gasly,alphatauri,6.0,,4.800000000000001,8.0,10,2.0,11.0,4,0,0,0,0.0,10.0,1.0,1.0,12.5,1.25,12.052631578947368,0.6666666666666665,0.2,0.2,6.0,8.0,
2021,5,Monaco Grand Prix,,Monaco Grand Prix,hamilton,mercedes,7.0,,5.6000000000000005,94.0,1,23.5,1.25,4,3,4,2,1.0,1.0,25.0,0.0,4.0,17.625,6.271929824561403,-7.666666666666664,0.2,0.2,7.0,7.0,
2021,5,Monaco Grand Prix,,Monaco Grand Prix,stroll,aston_martin,13.0,,10.4,5.0,11,1.25,10.75,4,0,0,0,0.0,11.0,0.0,-1.0,12.375,0.625,12.410714285714286,0.33333333333333326,0.2,0.2,8.0,4.0,
2021,5,Monaco Grand Prix,,Monaco Grand Prix,ocon,alpine,11.0,,8.8,10.0,9,2.5,9.5,4,0,0,0,0.0,9.0,2.0,2.0,11.5,1.875,11.539823008849558,5.0,0.2,0.2,9.0,2.0,
2021,5,Monaco Grand Prix,,Monaco Grand Prix,giovinazzi,alfa,10.0,,8.0,0.0,14,0.0,13.25,4,0,0,0,0.0,15.0,0.0,0.0,13.625,0.0,13.090909090909092,0.0,0.2,0.2,10.0,1.0,
2021,5,Monaco Grand Prix,,Monaco Grand Prix,raikkonen,alfa,14.0,,11.200000000000001,0.0,15,0.0,14.0,4,0,0,0,0.0,12.0,0.0,0.0,13.625,0.0,13.2,0.0,0.2,0.2,11.0,0.0,
2021,5,Monaco Grand Prix,,Monaco Grand Prix,ricciardo,mclaren,12.0,,9.600000000000001,24.0,7,6.0,7.0,4,0,0,0,0.0,6.0,8.0,2.0,6.0,8.125,11.507246376811594,-2.333333333333334,0.2,0.2,12.0,0.0,
2021,5,Monaco Grand Prix,,Monaco Grand Prix,alonso,alpine,17.0,,13.600000000000001,5.0,12,1.25,13.5,4,0,0,0,0.0,17.0,0.0,0.0,11.5,1.875,9.929824561403509,5.0,0.2,0.2,13.0,0.0,
2021,5,Monaco Grand Prix,,Monaco Grand Prix,russell,williams,15.0,,12.0,0.0,17,0.0,15.75,4,0,0,0,0.0,14.0,0.0,0.0,16.875,0.0,7.587719298245614,0.0,0.2,0.2,14.0,0.0,
2021,5,Monaco Grand Prix,,Monaco Grand Prix,latifi,williams,18.0,,14.4,0.0,19,0.0,18.0,4,0,0,0,0.0,16.0,0.0,0.0,16.875,0.0,15.886363636363637,0.0,0.2,0.2,15.0,0.0,
2021,5,Monaco Grand Prix,,Monaco Grand Prix,tsunoda,alphatauri,16.0,,12.8,2.0,13,0.5,14.0,4,0,0,0,0.0,20.0,0.0,-2.0,12.5,1.25,13.324561403508772,0.6666666666666665,0.2,0.2,16.0,0.0,
2021,5,Monaco Grand Prix,,Monaco Grand Prix,mazepin,haas,19.0,,15.200000000000001,0.0,20,0.0,18.75,4,0,0,0,0.0,19.0,0.0,0.0,17.75,0.0,17.761904761904763,0.0,0.2,0.2,17.0,0.0,
2021,5,Monaco Grand Prix,,Monaco Grand Prix,mick_schumacher,haas,20.0,,16.0,0.0,18,0.0,16.75,4,0,0,0,0.0,18.0,0.0,0.0,17.75,0.0,15.55813953488372,0.0,0.2,0.2,18.0,0.0,
2021,5,Monaco Grand Prix,,Monaco Grand Prix,bottas,mercedes,3.0,,2.4000000000000004,47.0,3,11.75,6.75,4,0,3,1,0.75,3.0,15.0,-1.0,4.0,17.625,12.4,-7.666666666666664,0.2,0.2,19.0,0.0,
2021,5,Monaco Grand Prix,,Monaco Grand Prix,leclerc,ferrari,1.0,,0.8,40.0,5,10.0,5.0,4,0,0,0,0.0,4.0,12.0,4.0,6.375,7.5,6.517543859649122,4.0,0.2,0.2,20.0,0.0,
2021,6,Azerbaijan Grand Prix,,Azerbaijan Grand Prix,perez,red_bull,6.0,,1.8000000000000003,44.0,5,8.8,5.8,5,0,0,0,0.0,4.0,12.0,2.0,3.7,14.9,7.166666666666667,5.5,0.7,0.2,1.0,25.0,
2021,6,Azerbaijan Grand Prix,,Azerbaijan Grand Prix,vettel,aston_martin,11.0,,3.3000000000000007,10.0,11,2.0,12.2,5,0,0,0,0.0,5.0,10.0,10.0,11.2,1.9,11.761904761904763,2.166666666666667,0.7,0.2,2.0,18.0,
2021,6,Azerbaijan Grand Prix,,Azerbaijan Grand Prix,gasly,alphatauri,4.0,,1.2000000000000002,16.0,9,3.2,10.0,5,0,0,0,0.0,6.0,8.0,8.0,12.2,1.8,12.052631578947368,-0.6666666666666665,0.7,0.2,3.0,15.0,
2021,6,Azerbaijan Grand Prix,,Azerbaijan Grand Prix,leclerc,ferrari,1.0,,0.30000000000000004,40.0,6,8.0,8.0,5,0,0,1,0.0,20.0,0.0,-8.0,7.3,7.8,6.517543859649122,-2.333333333333334,0.7,0.2,4.0,12.0,
2021,6,Azerbaijan Grand Prix,,Azerbaijan Grand Prix,norris,mclaren,9.0,,2.7,56.0,3,11.2,4.6,5,0,2,0,0.4,3.0,15.0,3.0,6.3,8.0,6.385964912280702,-7.5,0.7,0.2,5.0,10.0,
2021,6,Azerbaijan Grand Prix,,Azerbaijan Grand Prix,alonso,alpine,8.0,,2.4000000000000004,5.0,13,1.0,13.4,5,0,0,0,0.0,13.0,0.0,0.0,11.4,1.7,9.929824561403509,3.166666666666667,0.7,0.2,6.0,8.0,
2021,6,Azerbaijan Grand Prix,,Azerbaijan Grand Prix,tsunoda,alphatauri,7.0,,2.1000000000000005,2.0,14,0.4,14.4,5,0,0,0,0.0,16.0,0.0,-2.0,12.2,1.8,13.324561403508772,-0.6666666666666665,0.7,0.2,7.0,6.0,
2021,6,Azerbaijan Grand Prix,,Azerbaijan Grand Prix,sainz,ferrari,5.0,,1.5000000000000002,38.0,7,7.6,6.6,5,0,1,0,0.2,2.0,18.0,14.0,7.3,7.8,8.0,-2.333333333333334,0.7,0.2,8.0,4.0,
2021,6,Azerbaijan Grand Prix,,Azerbaijan Grand Prix,ricciardo,mclaren,13.0,,3.9000000000000004,24.0,8,4.8,8.0,5,0,0,0,0.0,12.0,0.0,-6.0,6.3,8.0,11.507246376811594,-7.5,0.7,0.2,9.0,2.0,
2021,6,Azerbaijan Grand Prix,,Azerbaijan Grand Prix,raikkonen,alfa,14.0,,4.200000000000001,0.0,16,0.0,13.4,5,0,0,0,0.0,11.0,0.0,0.0,13.0,0.1,13.2,0.3333333333333333,0.7,0.2,10.0,1.0,
2021,6,Azerbaijan Grand Prix,,Azerbaijan Grand Prix,giovinazzi,alfa,20.0,,6.000000000000001,1.0,15,0.2,12.6,5,0,0,0,0.0,10.0,1.0,1.0,13.0,0.1,13.090909090909092,0.3333333333333333,0.7,0.2,11.0,0.0,
2021,6,Azerbaijan Grand Prix,,Azerbaijan Grand Prix,bottas,mercedes,10.0,,3.0000000000000004,47.0,4,9.4,9.2,5,0,3,1,0.6,19.0,0.0,-16.0,5.8,14.8,12.4,-0.6666666666666679,0.7,0.2,12.0,0.0,
2021,6,Azerbaijan Grand Prix,,Azerbaijan Grand Prix,mick_schumacher,haas,17.0,,5.1000000000000005,0.0,18,0.0,17.0,5,0,0,0,0.0,18.0,0.0,0.0,17.7,0.0,15.55813953488372,0.0,0.7,0.2,13.0,0.0,
2021,6,Azerbaijan Grand Prix,,Azerbaijan Grand Prix,mazepin,haas,18.0,,5.4,0.0,20,0.0,18.4,5,0,0,0,0.0,17.0,0.0,0.0,17.7,0.0,17.761904761904763,0.0,0.7,0.2,14.0,0.0,
2021,6,Azerbaijan Grand Prix,,Azerbaijan Grand Prix,hamilton,mercedes,2.0,,0.6000000000000001,101.0,2,20.2,2.4,5,3,4,2,0.8,7.0,7.0,-18.0,5.8,14.8,6.271929824561403,-0.6666666666666679,0.7,0.2,15.0,0.0,
2021,6,Azerbaijan Grand Prix,,Azerbaijan Grand Prix,latifi,williams,16.0,,4.800000000000001,0.0,19,0.0,17.4,5,0,0,0,0.0,15.0,0.0,0.0,16.4,0.0,15.886363636363637,0.0,0.7,0.2,16.0,0.0,
2021,6,Azerbaijan Grand Prix,,Azerbaijan Grand Prix,russell,williams,15.0,,4.500000000000001,0.0,17,0.0,15.4,5,0,0,0,0.0,14.0,0.0,0.0,16.4,0.0,7.587719298245614,0.0,0.7,0.2,17.0,0.0,
2021,6,Azerbaijan Grand Prix,,Azerbaijan Grand Prix,max_verstappen,red_bull,3.0,,0.9000000000000001,105.0,1,21.0,1.6,5,2,5,1,1.0,1.0,25.0,7.0,3.7,14.9,3.254385964912281,5.5,0.7,0.2,18.0,0.0,
2021,6,Azerbaijan Grand Prix,,Azerbaijan Grand Prix,stroll,aston_martin,19.0,,5.700000000000001,9.0,12,1.8,10.2,5,0,0,0,0.0,8.0,4.0,3.0,11.2,1.9,12.410714285714286,2.166666666666667,0.7,0.2,19.0,0.0,
2021,6,Azerbaijan Grand Prix,,Azerbaijan Grand Prix,ocon,alpine,12.0,,3.6000000000000005,12.0,10,2.4,9.4,5,0,0,0,0.0,9.0,2.0,2.0,11.4,1.7,11.539823008849558,3.166666666666667,0.7,0.2,20.0,0.0,
2021,7,French Grand Prix,,French Grand Prix,max_verstappen,red_bull,1.0,,0.5,105.0,1,17.5,4.333333333333333,6,2,5,1,0.8333333333333334,18.0,0.0,-18.0,4.666666666666667,14.5,3.254385964912281,2.6666666666666643,0.5,0.2,1.0,26.0,
2021,7,French Grand Prix,,French Grand Prix,hamilton,mercedes,2.0,,1.0,101.0,2,16.833333333333332,4.5,6,3,4,2,0.6666666666666666,15.0,0.0,-25.0,7.083333333333333,12.333333333333334,6.271929824561403,-18.0,0.5,0.2,2.0,18.0,
2021,7,French Grand Prix,,French Grand Prix,perez,red_bull,4.0,,2.0,69.0,3,11.5,5.0,6,1,1,0,0.16666666666666666,1.0,25.0,15.0,4.666666666666667,14.5,7.166666666666667,2.6666666666666643,0.5,0.2,3.0,15.0,
2021,7,French Grand Prix,,French Grand Prix,bottas,mercedes,3.0,,1.5,47.0,6,7.833333333333333,9.666666666666666,6,0,3,1,0.5,12.0,0.0,-16.0,7.083333333333333,12.333333333333334,12.4,-18.0,0.5,0.2,4.0,12.0,
2021,7,French Grand Prix,,French Grand Prix,norris,mclaren,8.0,,4.0,66.0,4,11.0,4.666666666666667,6,0,2,0,0.3333333333333333,5.0,10.0,-2.0,6.416666666666667,7.666666666666667,6.385964912280702,-4.666666666666668,0.5,0.2,5.0,10.0,
2021,7,French Grand Prix,,French Grand Prix,ricciardo,mclaren,10.0,,5.0,26.0,10,4.333333333333333,8.166666666666666,6,0,0,0,0.0,9.0,2.0,-4.0,6.416666666666667,7.666666666666667,11.507246376811594,-4.666666666666668,0.5,0.2,6.0,8.0,
2021,7,French Grand Prix,,French Grand Prix,gasly,alphatauri,6.0,,3.0,31.0,8,5.166666666666667,8.833333333333334,6,0,1,0,0.16666666666666666,3.0,15.0,15.0,11.0,3.25,12.052631578947368,7.0,0.5,0.2,7.0,6.0,
2021,7,French Grand Prix,,French Grand Prix,alonso,alpine,9.0,,4.5,13.0,11,2.1666666666666665,12.166666666666666,6,0,0,0,0.0,6.0,8.0,8.0,11.666666666666666,2.0833333333333335,9.929824561403509,-0.33333333333333304,0.5,0.2,8.0,4.0,
2021,7,French Grand Prix,,French Grand Prix,vettel,aston_martin,12.0,,6.0,28.0,9,4.666666666666667,10.5,6,0,1,0,0.16666666666666666,2.0,18.0,18.0,11.083333333333334,3.0833333333333335,11.761904761904763,9.0,0.5,0.2,9.0,2.0,
2021,7,French Grand Prix,,French Grand Prix,stroll,aston_martin,19.0,,9.5,9.0,13,1.5,11.666666666666666,6,0,0,0,0.0,19.0,0.0,-1.0,11.083333333333334,3.0833333333333335,12.410714285714286,9.0,0.5,0.2,10.0,1.0,
2021,7,French Grand Prix,,French Grand Prix,sainz,ferrari,5.0,,2.5,42.0,7,7.0,6.833333333333333,6,0,1,0,0.16666666666666666,8.0,4.0,0.0,7.083333333333333,7.833333333333333,8.0,3.333333333333332,0.5,0.2,11.0,0.0,
2021,7,French Grand Prix,,French Grand Prix,russell,williams,14.0,,7.0,0.0,17,0.0,15.666666666666666,6,0,0,0,0.0,17.0,0.0,0.0,16.416666666666668,0.0,7.587719298245614,0.0,0.5,0.2,12.0,0.0,
2021,7,French Grand Prix,,French Grand Prix,tsunoda,alphatauri,,,,8.0,14,1.3333333333333333,13.166666666666666,6,0,0,0,0.0,7.0,6.0,4.0,11.0,3.25,13.324561403508772,7.0,0.5,0.2,13.0,0.0,
2021,7,French Grand Prix,,French Grand Prix,ocon,alpine,11.0,,5.5,12.0,12,2.0,11.166666666666666,6,0,0,0,0.0,20.0,0.0,0.0,11.666666666666666,2.0833333333333335,11.539823008849558,-0.33333333333333304,0.5,0.2,14.0,0.0,
2021,7,French Grand Prix,,French Grand Prix,giovinazzi,alfa,13.0,,6.5,1.0,15,0.16666666666666666,12.333333333333334,6,0,0,0,0.0,11.0,0.0,0.0,12.583333333333334,0.16666666666666666,13.090909090909092,0.6666666666666666,0.5,0.2,15.0,0.0,
2021,7,French Grand Prix,,French Grand Prix,leclerc,ferrari,7.0,,3.5,52.0,5,8.666666666666666,7.333333333333333,6,0,0,2,0.0,4.0,12.0,4.0,7.083333333333333,7.833333333333333,6.517543859649122,3.333333333333332,0.5,0.2,16.0,0.0,
2021,7,French Grand Prix,,French Grand Prix,raikkonen,alfa,17.0,,8.5,1.0,16,0.16666666666666666,12.833333333333334,6,0,0,0,0.0,10.0,1.0,1.0,12.583333333333334,0.16666666666666666,13.2,0.6666666666666666,0.5,0.2,17.0,0.0,
2021,7,French Grand Prix,,French Grand Prix,latifi,williams,16.0,,8.0,0.0,19,0.0,17.166666666666668,6,0,0,0,0.0,16.0,0.0,0.0,16.416666666666668,0.0,15.886363636363637,0.0,0.5,0.2,18.0,0.0,
2021,7,French Grand Prix,,French Grand Prix,mick_schumacher,haas,15.0,,7.5,0.0,18,0.0,16.333333333333332,6,0,0,0,0.0,13.0,0.0,0.0,17.0,0.0,15.55813953488372,0.0,0.5,0.2,19.0,0.0,
2021,7,French Grand Prix,,French Grand Prix,mazepin,haas,18.0,,9.0,0.0,20,0.0,17.666666666666668,6,0,0,0,0.0,14.0,0.0,0.0,17.0,0.0,17.761904761904763,0.0,0.5,0.2,20.0,0.0,
2021,8,Styrian Grand Prix,,Styrian Grand Prix,max_verstappen,red_bull,1.0,,0.5,131.0,1,18.714285714285715,3.857142857142857,7,3,6,2,0.8571428571428571,1.0,26.0,8.0,4.285714285714286,15.357142857142858,3.254385964912281,6.333333333333336,0.5,0.2,1.0,25.0,
2021,8,Styrian Grand Prix,,Styrian Grand Prix,hamilton,mercedes,2.0,,1.0,119.0,2,17.0,4.142857142857143,7,3,5,2,0.7142857142857143,2.0,18.0,-7.0,6.5,12.714285714285714,6.271929824561403,-21.0,0.5,0.2,2.0,19.0,
2021,8,Styrian Grand Prix,,Styrian Grand Prix,bottas,mercedes,5.0,,2.5,59.0,5,8.428571428571429,8.857142857142858,7,0,3,1,0.42857142857142855,4.0,12.0,-4.0,6.5,12.714285714285714,12.4,-21.0,0.5,0.2,3.0,15.0,
2021,8,Styrian Grand Prix,,Styrian Grand Prix,perez,red_bull,4.0,,2.0,84.0,3,12.0,4.714285714285714,7,1,2,0,0.2857142857142857,3.0,15.0,5.0,4.285714285714286,15.357142857142858,7.166666666666667,6.333333333333336,0.5,0.2,4.0,12.0,
2021,8,Styrian Grand Prix,,Styrian Grand Prix,norris,mclaren,3.0,,1.5,76.0,4,10.857142857142858,4.714285714285714,7,0,2,0,0.2857142857142857,5.0,10.0,-2.0,6.285714285714286,7.857142857142857,6.385964912280702,-0.6666666666666661,0.5,0.2,5.0,10.0,
2021,8,Styrian Grand Prix,,Styrian Grand Prix,sainz,ferrari,12.0,,6.0,42.0,7,6.0,7.428571428571429,7,0,1,0,0.14285714285714285,11.0,0.0,-4.0,8.0,6.714285714285714,8.0,-4.666666666666666,0.5,0.2,6.0,8.0,
2021,8,Styrian Grand Prix,,Styrian Grand Prix,leclerc,ferrari,7.0,,3.5,52.0,6,7.428571428571429,8.571428571428571,7,0,0,2,0.0,16.0,0.0,-8.0,8.0,6.714285714285714,6.517543859649122,-4.666666666666666,0.5,0.2,7.0,6.0,
2021,8,Styrian Grand Prix,,Styrian Grand Prix,stroll,aston_martin,9.0,,4.5,10.0,13,1.4285714285714286,11.428571428571429,7,0,0,0,0.0,10.0,1.0,0.0,10.857142857142858,2.857142857142857,12.410714285714286,10.333333333333332,0.5,0.2,8.0,4.0,
2021,8,Styrian Grand Prix,,Styrian Grand Prix,alonso,alpine,8.0,,4.0,17.0,11,2.4285714285714284,11.571428571428571,7,0,0,0,0.0,8.0,4.0,4.0,11.571428571428571,2.0714285714285716,9.929824561403509,-0.33333333333333304,0.5,0.2,9.0,2.0,
2021,8,Styrian Grand Prix,,Styrian Grand Prix,tsunoda,alphatauri,11.0,,5.5,8.0,14,1.1428571428571428,13.142857142857142,7,0,0,0,0.0,13.0,0.0,-2.0,10.857142857142858,3.2142857142857144,13.324561403508772,9.0,0.5,0.2,10.0,1.0,
2021,8,Styrian Grand Prix,,Styrian Grand Prix,raikkonen,alfa,18.0,,9.0,1.0,16,0.14285714285714285,13.428571428571429,7,0,0,0,0.0,17.0,0.0,0.0,13.071428571428571,0.14285714285714285,13.2,0.6666666666666666,0.5,0.2,11.0,0.0,
2021,8,Styrian Grand Prix,,Styrian Grand Prix,vettel,aston_martin,14.0,,7.0,30.0,10,4.285714285714286,10.285714285714286,7,0,1,0,0.14285714285714285,9.0,2.0,2.0,10.857142857142858,2.857142857142857,11.761904761904763,10.333333333333332,0.5,0.2,12.0,0.0,
2021,8,Styrian Grand Prix,,Styrian Grand Prix,ricciardo,mclaren,13.0,,6.5,34.0,9,4.857142857142857,7.857142857142857,7,0,0,0,0.0,6.0,8.0,2.0,6.285714285714286,7.857142857142857,11.507246376811594,-0.6666666666666661,0.5,0.2,13.0,0.0,
2021,8,Styrian Grand Prix,,Styrian Grand Prix,ocon,alpine,17.0,,8.5,12.0,12,1.7142857142857142,11.571428571428571,7,0,0,0,0.0,14.0,0.0,0.0,11.571428571428571,2.0714285714285716,11.539823008849558,-0.33333333333333304,0.5,0.2,14.0,0.0,
2021,8,Styrian Grand Prix,,Styrian Grand Prix,giovinazzi,alfa,15.0,,7.5,1.0,15,0.14285714285714285,12.714285714285714,7,0,0,0,0.0,15.0,0.0,0.0,13.071428571428571,0.14285714285714285,13.090909090909092,0.6666666666666666,0.5,0.2,15.0,0.0,
2021,8,Styrian Grand Prix,,Styrian Grand Prix,mick_schumacher,haas,19.0,,9.5,0.0,18,0.0,16.714285714285715,7,0,0,0,0.0,19.0,0.0,0.0,17.357142857142858,0.0,15.55813953488372,0.0,0.5,0.2,16.0,0.0,
2021,8,Styrian Grand Prix,,Styrian Grand Prix,latifi,williams,16.0,,8.0,0.0,19,0.0,17.285714285714285,7,0,0,0,0.0,18.0,0.0,0.0,16.214285714285715,0.0,15.886363636363637,0.0,0.5,0.2,17.0,0.0,
2021,8,Styrian Grand Prix,,Styrian Grand Prix,mazepin,haas,20.0,,10.0,0.0,20,0.0,18.0,7,0,0,0,0.0,20.0,0.0,0.0,17.357142857142858,0.0,17.761904761904763,0.0,0.5,0.2,18.0,0.0,
2021,8,Styrian Grand Prix,,Styrian Grand Prix,russell,williams,10.0,,5.0,0.0,17,0.0,15.142857142857142,7,0,0,0,0.0,12.0,0.0,0.0,16.214285714285715,0.0,7.587719298245614,0.0,0.5,0.2,19.0,0.0,
2021,8,Styrian Grand Prix,,Styrian Grand Prix,gasly,alphatauri,6.0,,3.0,37.0,8,5.285714285714286,8.571428571428571,7,0,1,0,0.14285714285714285,7.0,6.0,6.0,10.857142857142858,3.2142857142857144,12.052631578947368,9.0,0.5,0.2,20.0,0.0,
2021,9,Austrian Grand Prix,,Austrian Grand Prix,max_verstappen,red_bull,1.0,,0.4,156.0,1,19.5,3.5,8,4,7,3,0.875,1.0,25.0,7.0,4.0625,15.75,3.254385964912281,2.3333333333333357,0.6,0.2,1.0,26.0,
2021,9,Austrian Grand Prix,,Austrian Grand Prix,bottas,mercedes,5.0,,2.0,74.0,5,9.25,8.125,8,0,4,1,0.5,3.0,15.0,-1.0,6.0,13.25,12.4,-8.0,0.6,0.2,2.0,18.0,
2021,9,Austrian Grand Prix,,Austrian Grand Prix,norris,mclaren,2.0,,0.8,86.0,4,10.75,4.75,8,0,2,0,0.25,5.0,10.0,-2.0,6.625,7.5,6.385964912280702,0.3333333333333339,0.6,0.2,3.0,15.0,
2021,9,Austrian Grand Prix,,Austrian Grand Prix,hamilton,mercedes,4.0,,1.6,138.0,2,17.25,3.875,8,3,6,2,0.75,2.0,19.0,-6.0,6.0,13.25,6.271929824561403,-8.0,0.6,0.2,4.0,12.0,
2021,9,Austrian Grand Prix,,Austrian Grand Prix,sainz,ferrari,10.0,,4.0,50.0,7,6.25,7.25,8,0,1,0,0.125,6.0,8.0,4.0,7.8125,6.75,8.0,-4.666666666666666,0.6,0.2,5.0,10.0,
2021,9,Austrian Grand Prix,,Austrian Grand Prix,perez,red_bull,3.0,,1.2000000000000002,96.0,3,12.0,4.625,8,1,2,0,0.25,4.0,12.0,2.0,4.0625,15.75,7.166666666666667,2.3333333333333357,0.6,0.2,6.0,8.0,
2021,9,Austrian Grand Prix,,Austrian Grand Prix,ricciardo,mclaren,13.0,,5.2,34.0,9,4.25,8.5,8,0,0,0,0.0,13.0,0.0,-6.0,6.625,7.5,11.507246376811594,0.3333333333333339,0.6,0.2,7.0,6.0,
2021,9,Austrian Grand Prix,,Austrian Grand Prix,leclerc,ferrari,12.0,,4.800000000000001,58.0,6,7.25,8.375,8,0,0,2,0.0,7.0,6.0,-2.0,7.8125,6.75,6.517543859649122,-4.666666666666666,0.6,0.2,8.0,4.0,
2021,9,Austrian Grand Prix,,Austrian Grand Prix,gasly,alphatauri,6.0,,2.4000000000000004,37.0,8,4.625,10.0,8,0,1,0,0.125,20.0,0.0,0.0,11.375,2.875,12.052631578947368,6.0,0.6,0.2,9.0,2.0,
2021,9,Austrian Grand Prix,,Austrian Grand Prix,alonso,alpine,14.0,,5.6000000000000005,19.0,11,2.375,11.25,8,0,0,0,0.0,9.0,2.0,2.0,11.5625,1.9375,9.929824561403509,0.0,0.6,0.2,10.0,1.0,
2021,9,Austrian Grand Prix,,Austrian Grand Prix,russell,williams,8.0,,3.2,0.0,17,0.0,15.625,8,0,0,0,0.0,19.0,0.0,0.0,16.4375,0.0,7.587719298245614,0.0,0.6,0.2,11.0,0.0,
2021,9,Austrian Grand Prix,,Austrian Grand Prix,tsunoda,alphatauri,7.0,,2.8000000000000003,9.0,14,1.125,12.75,8,0,0,0,0.0,10.0,1.0,-1.0,11.375,2.875,13.324561403508772,6.0,0.6,0.2,12.0,0.0,
2021,9,Austrian Grand Prix,,Austrian Grand Prix,stroll,aston_martin,9.0,,3.6,14.0,12,1.75,11.0,8,0,0,0,0.0,8.0,4.0,3.0,10.75,2.75,12.410714285714286,3.666666666666667,0.6,0.2,13.0,0.0,
2021,9,Austrian Grand Prix,,Austrian Grand Prix,giovinazzi,alfa,15.0,,6.0,1.0,15,0.125,13.0,8,0,0,0,0.0,15.0,0.0,0.0,13.0625,0.125,13.090909090909092,0.0,0.6,0.2,14.0,0.0,
2021,9,Austrian Grand Prix,,Austrian Grand Prix,raikkonen,alfa,16.0,,6.4,1.0,16,0.125,13.125,8,0,0,0,0.0,11.0,0.0,0.0,13.0625,0.125,13.2,0.0,0.6,0.2,15.0,0.0,
2021,9,Austrian Grand Prix,,Austrian Grand Prix,latifi,williams,18.0,,7.2,0.0,19,0.0,17.25,8,0,0,0,0.0,17.0,0.0,0.0,16.4375,0.0,15.886363636363637,0.0,0.6,0.2,16.0,0.0,
2021,9,Austrian Grand Prix,,Austrian Grand Prix,vettel,aston_martin,11.0,,4.4,30.0,10,3.75,10.5,8,0,1,0,0.125,12.0,0.0,0.0,10.75,2.75,11.761904761904763,3.666666666666667,0.6,0.2,17.0,0.0,
2021,9,Austrian Grand Prix,,Austrian Grand Prix,mick_schumacher,haas,19.0,,7.6000000000000005,0.0,18,0.0,16.625,8,0,0,0,0.0,16.0,0.0,0.0,17.3125,0.0,15.55813953488372,0.0,0.6,0.2,18.0,0.0,
2021,9,Austrian Grand Prix,,Austrian Grand Prix,mazepin,haas,20.0,,8.0,0.0,20,0.0,18.0,8,0,0,0,0.0,18.0,0.0,0.0,17.3125,0.0,17.761904761904763,0.0,0.6,0.2,19.0,0.0,
2021,9,Austrian Grand Prix,,Austrian Grand Prix,ocon,alpine,17.0,,6.800000000000001,12.0,13,1.5,11.875,8,0,0,0,0.0,14.0,0.0,0.0,11.5625,1.9375,11.539823008849558,0.0,0.6,0.2,20.0,0.0,
2021,10,British Grand Prix,,British Grand Prix,hamilton,mercedes,2.0,,0.6000000000000001,150.0,2,16.666666666666668,3.888888888888889,9,3,6,2,0.6666666666666666,4.0,12.0,-13.0,5.666666666666667,13.444444444444445,6.271929824561403,15.666666666666666,0.7,0.2,1.0,25.0,
2021,10,British Grand Prix,,British Grand Prix,leclerc,ferrari,4.0,,1.2000000000000002,62.0,6,6.888888888888889,8.333333333333334,9,0,0,2,0.0,8.0,4.0,-4.0,7.666666666666667,6.777777777777778,6.517543859649122,-7.999999999999998,0.7,0.2,2.0,18.0,
2021,10,British Grand Prix,,British Grand Prix,bottas,mercedes,3.0,,0.9000000000000001,92.0,5,10.222222222222221,7.444444444444445,9,0,5,1,0.5555555555555556,2.0,18.0,2.0,5.666666666666667,13.444444444444445,12.4,15.666666666666666,0.7,0.2,3.0,15.0,
2021,10,British Grand Prix,,British Grand Prix,norris,mclaren,5.0,,1.5000000000000002,101.0,4,11.222222222222221,4.555555555555555,9,0,3,0,0.3333333333333333,3.0,15.0,3.0,6.444444444444445,7.833333333333333,6.385964912280702,3.333333333333332,0.7,0.2,4.0,12.0,
2021,10,British Grand Prix,,British Grand Prix,ricciardo,mclaren,6.0,,1.8000000000000003,40.0,8,4.444444444444445,8.333333333333334,9,0,0,0,0.0,7.0,6.0,0.0,6.444444444444445,7.833333333333333,11.507246376811594,3.333333333333332,0.7,0.2,5.0,10.0,
2021,10,British Grand Prix,,British Grand Prix,sainz,ferrari,10.0,,3.0000000000000004,60.0,7,6.666666666666667,7.0,9,0,1,0,0.1111111111111111,5.0,10.0,6.0,7.666666666666667,6.777777777777778,8.0,-7.999999999999998,0.7,0.2,6.0,8.0,
2021,10,British Grand Prix,,British Grand Prix,alonso,alpine,7.0,,2.1000000000000005,20.0,11,2.2222222222222223,11.11111111111111,9,0,0,0,0.0,10.0,1.0,1.0,11.944444444444445,1.7777777777777777,9.929824561403509,-1.6666666666666665,0.7,0.2,7.0,6.0,
2021,10,British Grand Prix,,British Grand Prix,stroll,aston_martin,14.0,,4.200000000000001,14.0,12,1.5555555555555556,11.222222222222221,9,0,0,0,0.0,13.0,0.0,-1.0,11.222222222222221,2.4444444444444446,12.410714285714286,-8.333333333333332,0.7,0.2,8.0,4.0,
2021,10,British Grand Prix,,British Grand Prix,ocon,alpine,9.0,,2.7,12.0,13,1.3333333333333333,12.777777777777779,9,0,0,0,0.0,20.0,0.0,0.0,11.944444444444445,1.7777777777777777,11.539823008849558,-1.6666666666666665,0.7,0.2,9.0,2.0,
2021,10,British Grand Prix,,British Grand Prix,tsunoda,alphatauri,16.0,,4.800000000000001,9.0,14,1.0,12.666666666666666,9,0,0,0,0.0,12.0,0.0,-2.0,11.277777777777779,2.6666666666666665,13.324561403508772,-7.0,0.7,0.2,10.0,1.0,
2021,10,British Grand Prix,,British Grand Prix,gasly,alphatauri,11.0,,3.3000000000000007,39.0,9,4.333333333333333,9.88888888888889,9,0,1,0,0.1111111111111111,9.0,2.0,2.0,11.277777777777779,2.6666666666666665,12.052631578947368,-7.0,0.7,0.2,11.0,0.0,
2021,10,British Grand Prix,,British Grand Prix,russell,williams,12.0,,3.6000000000000005,0.0,17,0.0,15.11111111111111,9,0,0,0,0.0,11.0,0.0,0.0,16.11111111111111,0.0,7.587719298245614,0.0,0.7,0.2,12.0,0.0,
2021,10,British Grand Prix,,British Grand Prix,giovinazzi,alfa,15.0,,4.500000000000001,1.0,15,0.1111111111111111,13.11111111111111,9,0,0,0,0.0,14.0,0.0,0.0,13.222222222222221,0.1111111111111111,13.090909090909092,-0.6666666666666666,0.7,0.2,13.0,0.0,
2021,10,British Grand Prix,,British Grand Prix,latifi,williams,17.0,,5.1000000000000005,0.0,19,0.0,17.11111111111111,9,0,0,0,0.0,16.0,0.0,0.0,16.11111111111111,0.0,15.886363636363637,0.0,0.7,0.2,14.0,0.0,
2021,10,British Grand Prix,,British Grand Prix,raikkonen,alfa,13.0,,3.9000000000000004,1.0,16,0.1111111111111111,13.333333333333334,9,0,0,0,0.0,15.0,0.0,0.0,13.222222222222221,0.1111111111111111,13.2,-0.6666666666666666,0.7,0.2,15.0,0.0,
2021,10,British Grand Prix,,British Grand Prix,perez,red_bull,,,,104.0,3,11.555555555555555,4.777777777777778,9,1,2,0,0.2222222222222222,6.0,8.0,-2.0,4.0,15.88888888888889,7.166666666666667,7.0000000000000036,0.7,0.2,16.0,0.0,
2021,10,British Grand Prix,,British Grand Prix,mazepin,haas,19.0,,5.700000000000001,0.0,20,0.0,18.11111111111111,9,0,0,0,0.0,19.0,0.0,0.0,17.444444444444443,0.0,17.761904761904763,0.0,0.7,0.2,17.0,0.0,
2021,10,British Grand Prix,,British Grand Prix,mick_schumacher,haas,18.0,,5.4,0.0,18,0.0,16.77777777777778,9,0,0,0,0.0,18.0,0.0,0.0,17.444444444444443,0.0,15.55813953488372,0.0,0.7,0.2,18.0,0.0,
2021,10,British Grand Prix,,British Grand Prix,vettel,aston_martin,8.0,,2.4000000000000004,30.0,10,3.3333333333333335,11.222222222222221,9,0,1,0,0.1111111111111111,17.0,0.0,0.0,11.222222222222221,2.4444444444444446,11.761904761904763,-8.333333333333332,0.7,0.2,19.0,0.0,
2021,10,British Grand Prix,,British Grand Prix,max_verstappen,red_bull,1.0,,0.30000000000000004,182.0,1,20.22222222222222,3.2222222222222223,9,5,8,4,0.8888888888888888,1.0,26.0,8.0,4.0,15.88888888888889,3.254385964912281,7.0000000000000036,0.7,0.2,20.0,0.0,
2021,11,Hungarian Grand Prix,,Hungarian Grand Prix,ocon,alpine,8.0,,5.6,14.0,13,1.4,12.4,10,0,0,0,0.0,9.0,2.0,2.0,11.55,2.0,11.539823008849558,-1.0000000000000004,0.3,0.2,1.0,25.0,
2021,11,Hungarian Grand Prix,,Hungarian Grand Prix,hamilton,mercedes,1.0,,0.7,175.0,2,17.5,3.6,10,4,7,2,0.7,1.0,25.0,0.0,5.3,14.1,6.271929824561403,22.33333333333333,0.3,0.2,2.0,18.0,
2021,11,Hungarian Grand Prix,,Hungarian Grand Prix,sainz,ferrari,15.0,,10.5,68.0,7,6.8,6.9,10,0,1,0,0.1,6.0,8.0,4.0,7.3,7.4,8.0,6.666666666666666,0.3,0.2,3.0,15.0,
2021,11,Hungarian Grand Prix,,Hungarian Grand Prix,alonso,alpine,9.0,,6.3,26.0,11,2.6,10.7,10,0,0,0,0.0,7.0,6.0,6.0,11.55,2.0,9.929824561403509,-1.0000000000000004,0.3,0.2,4.0,12.0,
2021,11,Hungarian Grand Prix,,Hungarian Grand Prix,gasly,alphatauri,5.0,,3.5,39.0,9,3.9,10.0,10,0,1,0,0.1,11.0,0.0,0.0,11.2,2.45,12.052631578947368,-10.333333333333332,0.3,0.2,5.0,11.0,
2021,11,Hungarian Grand Prix,,Hungarian Grand Prix,tsunoda,alphatauri,16.0,,11.2,10.0,14,1.0,12.4,10,0,0,0,0.0,10.0,1.0,-1.0,11.2,2.45,13.324561403508772,-10.333333333333332,0.3,0.2,6.0,8.0,
2021,11,Hungarian Grand Prix,,Hungarian Grand Prix,latifi,williams,18.0,,12.6,0.0,18,0.0,16.8,10,0,0,0,0.0,14.0,0.0,0.0,15.8,0.0,15.886363636363637,0.0,0.3,0.2,7.0,6.0,
2021,11,Hungarian Grand Prix,,Hungarian Grand Prix,russell,williams,17.0,,11.899999999999999,0.0,17,0.0,14.8,10,0,0,0,0.0,12.0,0.0,0.0,15.8,0.0,7.587719298245614,0.0,0.3,0.2,8.0,4.0,
2021,11,Hungarian Grand Prix,,Hungarian Grand Prix,max_verstappen,red_bull,3.0,,2.0999999999999996,182.0,1,18.2,4.9,10,5,8,5,0.8,20.0,0.0,-18.0,5.4,14.3,3.254385964912281,-10.666666666666668,0.3,0.2,9.0,2.0,
2021,11,Hungarian Grand Prix,,Hungarian Grand Prix,raikkonen,alfa,13.0,,9.1,1.0,16,0.1,13.5,10,0,0,0,0.0,15.0,0.0,0.0,13.3,0.1,13.2,-0.6666666666666666,0.3,0.2,10.0,1.0,
2021,11,Hungarian Grand Prix,,Hungarian Grand Prix,ricciardo,mclaren,11.0,,7.699999999999999,50.0,8,5.0,8.0,10,0,0,0,0.0,5.0,10.0,4.0,6.25,8.15,11.507246376811594,2.666666666666668,0.3,0.2,11.0,0.0,
2021,11,Hungarian Grand Prix,,Hungarian Grand Prix,mick_schumacher,haas,20.0,,14.0,0.0,19,0.0,16.9,10,0,0,0,0.0,18.0,0.0,0.0,17.45,0.0,15.55813953488372,0.0,0.3,0.2,12.0,0.0,
2021,11,Hungarian Grand Prix,,Hungarian Grand Prix,giovinazzi,alfa,,,,1.0,15,0.1,13.1,10,0,0,0,0.0,13.0,0.0,0.0,13.3,0.1,13.090909090909092,-0.6666666666666666,0.3,0.2,13.0,0.0,
2021,11,Hungarian Grand Prix,,Hungarian Grand Prix,mazepin,haas,19.0,,13.299999999999999,0.0,20,0.0,18.0,10,0,0,0,0.0,17.0,0.0,0.0,17.45,0.0,17.761904761904763,0.0,0.3,0.2,14.0,0.0,
2021,11,Hungarian Grand Prix,,Hungarian Grand Prix,norris,mclaren,6.0,,4.199999999999999,113.0,3,11.3,4.5,10,0,3,0,0.3,4.0,12.0,0.0,6.25,8.15,6.385964912280702,2.666666666666668,0.3,0.2,15.0,0.0,
2021,11,Hungarian Grand Prix,,Hungarian Grand Prix,bottas,mercedes,2.0,,1.4,107.0,4,10.7,7.0,10,0,6,1,0.6,3.0,15.0,-1.0,5.3,14.1,12.4,22.33333333333333,0.3,0.2,16.0,0.0,
2021,11,Hungarian Grand Prix,,Hungarian Grand Prix,perez,red_bull,4.0,,2.8,104.0,5,10.4,5.9,10,1,2,0,0.2,16.0,0.0,-10.0,5.4,14.3,7.166666666666667,-10.666666666666668,0.3,0.2,17.0,0.0,
2021,11,Hungarian Grand Prix,,Hungarian Grand Prix,leclerc,ferrari,7.0,,4.8999999999999995,80.0,6,8.0,7.7,10,0,1,2,0.1,2.0,18.0,10.0,7.3,7.4,6.517543859649122,6.666666666666666,0.3,0.2,18.0,0.0,
2021,11,Hungarian Grand Prix,,Hungarian Grand Prix,stroll,aston_martin,12.0,,8.399999999999999,18.0,12,1.8,10.9,10,0,0,0,0.0,8.0,4.0,3.0,11.45,2.4,12.410714285714286,-9.0,0.3,0.2,19.0,0.0,
2021,11,Hungarian Grand Prix,,Hungarian Grand Prix,vettel,aston_martin,10.0,,7.0,30.0,10,3.0,12.0,10,0,1,0,0.1,19.0,0.0,0.0,11.45,2.4,11.761904761904763,-9.0,0.3,0.2,20.0,0.0,
2021,12,Belgian Grand Prix,,Belgian Grand Prix,max_verstappen,red_bull,1.0,,0.19999999999999996,184.0,2,16.727272727272727,5.2727272727272725,11,5,8,5,0.7272727272727273,9.0,2.0,-16.0,6.090909090909091,13.090909090909092,3.254385964912281,-22.333333333333336,0.8,0.2,1.0,12.5,
2021,12,Belgian Grand Prix,,Belgian Grand Prix,russell,williams,2.0,,0.3999999999999999,4.0,16,0.36363636363636365,14.181818181818182,11,0,0,0,0.0,8.0,4.0,4.0,15.045454545454545,0.45454545454545453,7.587719298245614,3.3333333333333335,0.8,0.2,2.0,9.0,
2021,12,Belgian Grand Prix,,Belgian Grand Prix,hamilton,mercedes,3.0,,0.5999999999999999,193.0,1,17.545454545454547,3.4545454545454546,11,4,8,3,0.7272727272727273,2.0,18.0,-7.0,5.636363636363637,13.636363636363637,6.271929824561403,8.0,0.8,0.2,3.0,7.5,
2021,12,Belgian Grand Prix,,Belgian Grand Prix,ricciardo,mclaren,4.0,,0.7999999999999998,50.0,9,4.545454545454546,8.272727272727273,11,0,0,0,0.0,11.0,0.0,-6.0,6.863636363636363,7.409090909090909,11.507246376811594,1.0,0.8,0.2,4.0,6.0,
2021,12,Belgian Grand Prix,,Belgian Grand Prix,vettel,aston_martin,5.0,,0.9999999999999998,30.0,12,2.727272727272727,12.727272727272727,11,0,1,0,0.09090909090909091,20.0,0.0,0.0,12.181818181818182,2.1818181818181817,11.761904761904763,-7.000000000000001,0.8,0.2,5.0,5.0,
2021,12,Belgian Grand Prix,,Belgian Grand Prix,gasly,alphatauri,6.0,,1.1999999999999997,50.0,8,4.545454545454546,9.545454545454545,11,0,1,0,0.09090909090909091,5.0,11.0,11.0,10.681818181818182,3.090909090909091,12.052631578947368,-2.000000000000001,0.8,0.2,6.0,4.0,
2021,12,Belgian Grand Prix,,Belgian Grand Prix,ocon,alpine,8.0,,1.5999999999999996,39.0,10,3.5454545454545454,11.363636363636363,11,1,1,0,0.09090909090909091,1.0,25.0,25.0,10.727272727272727,3.5,11.539823008849558,10.666666666666668,0.8,0.2,7.0,3.0,
2021,12,Belgian Grand Prix,,Belgian Grand Prix,leclerc,ferrari,9.0,,1.7999999999999996,80.0,7,7.2727272727272725,8.636363636363637,11,0,1,2,0.09090909090909091,18.0,0.0,-8.0,7.590909090909091,7.409090909090909,6.517543859649122,8.333333333333332,0.8,0.2,8.0,2.0,
2021,12,Belgian Grand Prix,,Belgian Grand Prix,latifi,williams,10.0,,1.9999999999999996,6.0,15,0.5454545454545454,15.909090909090908,11,0,0,0,0.0,7.0,6.0,6.0,15.045454545454545,0.45454545454545453,15.886363636363637,3.3333333333333335,0.8,0.2,9.0,1.0,
2021,12,Belgian Grand Prix,,Belgian Grand Prix,sainz,ferrari,11.0,,2.1999999999999993,83.0,6,7.545454545454546,6.545454545454546,11,0,2,0,0.18181818181818182,3.0,15.0,11.0,7.590909090909091,7.409090909090909,8.0,8.333333333333332,0.8,0.2,10.0,0.5,
2021,12,Belgian Grand Prix,,Belgian Grand Prix,alonso,alpine,12.0,,2.3999999999999995,38.0,11,3.4545454545454546,10.090909090909092,11,0,0,0,0.0,4.0,12.0,12.0,10.727272727272727,3.5,9.929824561403509,10.666666666666668,0.8,0.2,11.0,0.0,
2021,12,Belgian Grand Prix,,Belgian Grand Prix,bottas,mercedes,13.0,,2.5999999999999996,107.0,4,9.727272727272727,7.818181818181818,11,0,6,1,0.5454545454545454,16.0,0.0,-16.0,5.636363636363637,13.636363636363637,12.4,8.0,0.8,0.2,12.0,0.0,
2021,12,Belgian Grand Prix,,Belgian Grand Prix,giovinazzi,alfa,14.0,,2.7999999999999994,1.0,18,0.09090909090909091,13.090909090909092,11,0,0,0,0.0,13.0,0.0,0.0,13.136363636363637,0.13636363636363635,13.090909090909092,0.0,0.8,0.2,13.0,0.0,
2021,12,Belgian Grand Prix,,Belgian Grand Prix,norris,mclaren,15.0,,2.999999999999999,113.0,3,10.272727272727273,5.454545454545454,11,0,3,0,0.2727272727272727,15.0,0.0,-12.0,6.863636363636363,7.409090909090909,6.385964912280702,1.0,0.8,0.2,14.0,0.0,
2021,12,Belgian Grand Prix,,Belgian Grand Prix,tsunoda,alphatauri,16.0,,3.1999999999999993,18.0,14,1.6363636363636365,11.818181818181818,11,0,0,0,0.0,6.0,8.0,6.0,10.681818181818182,3.090909090909091,13.324561403508772,-2.000000000000001,0.8,0.2,15.0,0.0,
2021,12,Belgian Grand Prix,,Belgian Grand Prix,mick_schumacher,haas,17.0,,3.3999999999999995,0.0,19,0.0,16.454545454545453,11,0,0,0,0.0,12.0,0.0,0.0,17.045454545454547,0.0,15.55813953488372,0.0,0.8,0.2,16.0,0.0,
2021,12,Belgian Grand Prix,,Belgian Grand Prix,mazepin,haas,18.0,,3.599999999999999,0.0,20,0.0,17.636363636363637,11,0,0,0,0.0,14.0,0.0,0.0,17.045454545454547,0.0,17.761904761904763,0.0,0.8,0.2,17.0,0.0,
2021,12,Belgian Grand Prix,,Belgian Grand Prix,raikkonen,alfa,,,,2.0,17,0.18181818181818182,13.181818181818182,11,0,0,0,0.0,10.0,1.0,1.0,13.136363636363637,0.13636363636363635,13.2,0.0,0.8,0.2,18.0,0.0,
2021,12,Belgian Grand Prix,,Belgian Grand Prix,perez,red_bull,,,,104.0,5,9.454545454545455,6.909090909090909,11,1,2,0,0.18181818181818182,17.0,0.0,-10.0,6.090909090909091,13.090909090909092,7.166666666666667,-22.333333333333336,0.8,0.2,19.0,0.0,
2021,12,Belgian Grand Prix,,Belgian Grand Prix,stroll,aston_martin,19.0,,3.799999999999999,18.0,13,1.6363636363636365,11.636363636363637,11,0,0,0,0.0,19.0,0.0,-1.0,12.181818181818182,2.1818181818181817,12.410714285714286,-7.000000000000001,0.8,0.2,20.0,0.0,
2021,13,Dutch Grand Prix,,Dutch Grand Prix,max_verstappen,red_bull,1.0,,0.7,196.5,2,16.375,4.916666666666667,12,6,9,6,0.75,1.0,12.5,-5.5,6.416666666666667,12.520833333333334,3.254385964912281,-32.5,0.3,0.2,1.0,25.0,
2021,13,Dutch Grand Prix,,Dutch Grand Prix,hamilton,mercedes,2.0,,1.4,200.5,1,16.708333333333332,3.4166666666666665,12,4,9,3,0.75,3.0,7.5,-17.5,5.791666666666667,12.8125,6.271929824561403,-9.5,0.3,0.2,2.0,19.0,
2021,13,Dutch Grand Prix,,Dutch Grand Prix,bottas,mercedes,3.0,,2.0999999999999996,107.0,4,8.916666666666666,8.166666666666666,12,0,6,1,0.5,12.0,0.0,-16.0,5.791666666666667,12.8125,12.4,-9.5,0.3,0.2,3.0,15.0,
2021,13,Dutch Grand Prix,,Dutch Grand Prix,gasly,alphatauri,4.0,,2.8,54.0,9,4.5,9.25,12,0,1,0,0.08333333333333333,6.0,4.0,4.0,10.666666666666666,3.0,12.052631578947368,5.0,0.3,0.2,4.0,12.0,
2021,13,Dutch Grand Prix,,Dutch Grand Prix,leclerc,ferrari,5.0,,3.5,82.0,7,6.833333333333333,8.583333333333334,12,0,1,2,0.08333333333333333,8.0,2.0,-6.0,7.708333333333333,6.895833333333333,6.517543859649122,5.166666666666666,0.3,0.2,5.0,10.0,
2021,13,Dutch Grand Prix,,Dutch Grand Prix,alonso,alpine,9.0,,6.3,38.0,11,3.1666666666666665,10.166666666666666,12,0,0,0,0.0,11.0,0.0,0.0,10.583333333333334,3.3333333333333335,9.929824561403509,13.666666666666666,0.3,0.2,6.0,8.0,
2021,13,Dutch Grand Prix,,Dutch Grand Prix,sainz,ferrari,6.0,,4.199999999999999,83.5,6,6.958333333333333,6.833333333333333,12,0,2,0,0.16666666666666666,10.0,0.5,-3.5,7.708333333333333,6.895833333333333,8.0,5.166666666666666,0.3,0.2,7.0,6.0,
2021,13,Dutch Grand Prix,,Dutch Grand Prix,perez,red_bull,,,,104.0,5,8.666666666666666,7.916666666666667,12,1,2,0,0.16666666666666666,19.0,0.0,-10.0,6.416666666666667,12.520833333333334,7.166666666666667,-32.5,0.3,0.2,8.0,4.0,
2021,13,Dutch Grand Prix,,Dutch Grand Prix,ocon,alpine,8.0,,5.6,42.0,10,3.5,11.0,12,1,1,0,0.08333333333333333,7.0,3.0,3.0,10.583333333333334,3.3333333333333335,11.539823008849558,13.666666666666666,0.3,0.2,9.0,2.0,
2021,13,Dutch Grand Prix,,Dutch Grand Prix,norris,mclaren,13.0,,9.1,113.0,3,9.416666666666666,6.166666666666667,12,0,3,0,0.25,14.0,0.0,-12.0,7.041666666666667,7.041666666666667,6.385964912280702,-6.999999999999998,0.3,0.2,10.0,1.0,
2021,13,Dutch Grand Prix,,Dutch Grand Prix,ricciardo,mclaren,10.0,,7.0,56.0,8,4.666666666666667,7.916666666666667,12,0,0,0,0.0,4.0,6.0,0.0,7.041666666666667,7.041666666666667,11.507246376811594,-6.999999999999998,0.3,0.2,11.0,0.0,
2021,13,Dutch Grand Prix,,Dutch Grand Prix,stroll,aston_martin,12.0,,8.399999999999999,18.0,14,1.5,12.333333333333334,12,0,0,0,0.0,20.0,0.0,-1.0,12.208333333333334,2.2083333333333335,12.410714285714286,0.6666666666666665,0.3,0.2,12.0,0.0,
2021,13,Dutch Grand Prix,,Dutch Grand Prix,vettel,aston_martin,15.0,,10.5,35.0,12,2.9166666666666665,12.083333333333334,12,0,1,0,0.08333333333333333,5.0,5.0,5.0,12.208333333333334,2.2083333333333335,11.761904761904763,0.6666666666666665,0.3,0.2,13.0,0.0,
2021,13,Dutch Grand Prix,,Dutch Grand Prix,giovinazzi,alfa,7.0,,4.8999999999999995,1.0,18,0.08333333333333333,13.083333333333334,12,0,0,0,0.0,13.0,0.0,0.0,13.333333333333334,0.125,13.090909090909092,0.3333333333333333,0.3,0.2,14.0,0.0,
2021,13,Dutch Grand Prix,,Dutch Grand Prix,kubica,alfa,16.0,,11.2,0.0,999,,,0,0,0,0,,,,,13.333333333333334,0.125,14.5,0.3333333333333333,0.3,0.2,15.0,0.0,
2021,13,Dutch Grand Prix,,Dutch Grand Prix,latifi,williams,,,,7.0,16,0.5833333333333334,15.333333333333334,12,0,0,0,0.0,9.0,1.0,1.0,14.25,0.8333333333333334,15.886363636363637,6.666666666666667,0.3,0.2,16.0,0.0,
2021,13,Dutch Grand Prix,,Dutch Grand Prix,russell,williams,11.0,,7.699999999999999,13.0,15,1.0833333333333333,13.166666666666666,12,0,1,0,0.08333333333333333,2.0,9.0,9.0,14.25,0.8333333333333334,7.587719298245614,6.666666666666667,0.3,0.2,17.0,0.0,
2021,13,Dutch Grand Prix,,Dutch Grand Prix,mick_schumacher,haas,17.0,,11.899999999999999,0.0,19,0.0,16.416666666666668,12,0,0,0,0.0,16.0,0.0,0.0,17.0,0.0,15.55813953488372,0.0,0.3,0.2,18.0,0.0,
2021,13,Dutch Grand Prix,,Dutch Grand Prix,tsunoda,alphatauri,14.0,,9.799999999999999,18.0,13,1.5,12.083333333333334,12,0,0,0,0.0,15.0,0.0,-2.0,10.666666666666666,3.0,13.324561403508772,5.0,0.3,0.2,19.0,0.0,
2021,13,Dutch Grand Prix,,Dutch Grand Prix,mazepin,haas,18.0,,12.6,0.0,20,0.0,17.583333333333332,12,0,0,0,0.0,17.0,0.0,0.0,17.0,0.0,17.761904761904763,0.0,0.3,0.2,20.0,0.0,
2021,14,Italian Grand Prix,,Italian Grand Prix,ricciardo,mclaren,2.0,,0.19999999999999996,56.0,9,4.3076923076923075,8.153846153846153,13,0,0,0,0.0,11.0,0.0,-6.0,7.3076923076923075,6.538461538461538,11.507246376811594,-15.333333333333334,0.9,0.2,1.0,26.0,
2021,14,Italian Grand Prix,,Italian Grand Prix,norris,mclaren,3.0,,0.29999999999999993,114.0,4,8.76923076923077,6.461538461538462,13,0,3,0,0.23076923076923078,10.0,1.0,-11.0,7.3076923076923075,6.538461538461538,6.385964912280702,-15.333333333333334,0.9,0.2,2.0,18.0,
2021,14,Italian Grand Prix,,Italian Grand Prix,bottas,mercedes,19.0,,1.8999999999999995,122.0,3,9.384615384615385,7.769230769230769,13,0,7,1,0.5384615384615384,3.0,15.0,-1.0,5.538461538461538,13.134615384615385,12.4,-14.833333333333332,0.9,0.2,3.0,15.0,
2021,14,Italian Grand Prix,,Italian Grand Prix,leclerc,ferrari,5.0,,0.4999999999999999,92.0,6,7.076923076923077,8.307692307692308,13,0,1,2,0.07692307692307693,5.0,10.0,2.0,7.576923076923077,6.980769230769231,6.517543859649122,-6.833333333333334,0.9,0.2,4.0,12.0,
2021,14,Italian Grand Prix,,Italian Grand Prix,perez,red_bull,8.0,,0.7999999999999998,108.0,5,8.307692307692308,7.923076923076923,13,1,2,0,0.15384615384615385,8.0,4.0,-6.0,6.269230769230769,12.673076923076923,7.166666666666667,-9.166666666666668,0.9,0.2,5.0,10.0,
2021,14,Italian Grand Prix,,Italian Grand Prix,sainz,ferrari,6.0,,0.5999999999999999,89.5,7,6.884615384615385,6.846153846153846,13,0,2,0,0.15384615384615385,7.0,6.0,2.0,7.576923076923077,6.980769230769231,8.0,-6.833333333333334,0.9,0.2,6.0,8.0,
2021,14,Italian Grand Prix,,Italian Grand Prix,stroll,aston_martin,9.0,,0.8999999999999998,18.0,13,1.3846153846153846,12.307692307692308,13,0,0,0,0.0,12.0,0.0,-1.0,12.23076923076923,2.0384615384615383,12.410714285714286,-0.9999999999999998,0.9,0.2,7.0,6.0,
2021,14,Italian Grand Prix,,Italian Grand Prix,alonso,alpine,10.0,,0.9999999999999998,46.0,10,3.5384615384615383,9.846153846153847,13,0,0,0,0.0,6.0,8.0,8.0,10.346153846153847,3.4615384615384617,9.929824561403509,13.000000000000002,0.9,0.2,8.0,4.0,
2021,14,Italian Grand Prix,,Italian Grand Prix,russell,williams,14.0,,1.3999999999999997,13.0,15,1.0,13.461538461538462,13,0,1,0,0.07692307692307693,17.0,0.0,0.0,14.423076923076923,0.7692307692307693,7.587719298245614,6.666666666666667,0.9,0.2,9.0,2.0,
2021,14,Italian Grand Prix,,Italian Grand Prix,ocon,alpine,12.0,,1.1999999999999997,44.0,11,3.3846153846153846,10.846153846153847,13,1,1,0,0.07692307692307693,9.0,2.0,2.0,10.346153846153847,3.4615384615384617,11.539823008849558,13.000000000000002,0.9,0.2,10.0,1.0,
2021,14,Italian Grand Prix,,Italian Grand Prix,latifi,williams,13.0,,1.2999999999999998,7.0,16,0.5384615384615384,15.384615384615385,13,0,0,0,0.0,16.0,0.0,0.0,14.423076923076923,0.7692307692307693,15.886363636363637,6.666666666666667,0.9,0.2,11.0,0.0,
2021,14,Italian Grand Prix,,Italian Grand Prix,vettel,aston_martin,11.0,,1.0999999999999996,35.0,12,2.6923076923076925,12.153846153846153,13,0,1,0,0.07692307692307693,13.0,0.0,0.0,12.23076923076923,2.0384615384615383,11.761904761904763,-0.9999999999999998,0.9,0.2,12.0,0.0,
2021,14,Italian Grand Prix,,Italian Grand Prix,giovinazzi,alfa,7.0,,0.6999999999999998,1.0,18,0.07692307692307693,13.153846153846153,13,0,0,0,0.0,14.0,0.0,0.0,13.423076923076923,0.11538461538461539,13.090909090909092,0.3333333333333333,0.9,0.2,13.0,0.0,
2021,14,Italian Grand Prix,,Italian Grand Prix,kubica,alfa,17.0,,1.6999999999999997,0.0,19,0.0,15.0,1,0,0,0,0.0,15.0,0.0,,13.423076923076923,0.11538461538461539,14.5,0.3333333333333333,0.9,0.2,14.0,0.0,
2021,14,Italian Grand Prix,,Italian Grand Prix,mick_schumacher,haas,18.0,,1.7999999999999996,0.0,20,0.0,16.53846153846154,13,0,0,0,0.0,18.0,0.0,0.0,17.153846153846153,0.0,15.55813953488372,0.0,0.9,0.2,15.0,0.0,
2021,14,Italian Grand Prix,,Italian Grand Prix,mazepin,haas,16.0,,1.5999999999999996,0.0,21,0.0,17.76923076923077,13,0,0,0,0.0,20.0,0.0,0.0,17.153846153846153,0.0,17.761904761904763,0.0,0.9,0.2,16.0,0.0,
2021,14,Italian Grand Prix,,Italian Grand Prix,hamilton,mercedes,4.0,,0.3999999999999999,219.5,2,16.884615384615383,3.3076923076923075,13,4,10,3,0.7692307692307693,2.0,19.0,-6.0,5.538461538461538,13.134615384615385,6.271929824561403,-14.833333333333332,0.9,0.2,17.0,0.0,
2021,14,Italian Grand Prix,,Italian Grand Prix,max_verstappen,red_bull,1.0,,0.09999999999999998,221.5,1,17.03846153846154,4.615384615384615,13,7,10,7,0.7692307692307693,1.0,25.0,7.0,6.269230769230769,12.673076923076923,3.254385964912281,-9.166666666666668,0.9,0.2,18.0,0.0,
2021,14,Italian Grand Prix,,Italian Grand Prix,gasly,alphatauri,,,,66.0,8,5.076923076923077,8.846153846153847,13,0,1,0,0.07692307692307693,4.0,12.0,12.0,10.73076923076923,3.230769230769231,12.052631578947368,10.333333333333332,0.9,0.2,19.0,0.0,
2021,14,Italian Grand Prix,,Italian Grand Prix,tsunoda,alphatauri,,,,18.0,14,1.3846153846153846,12.615384615384615,13,0,0,0,0.0,19.0,0.0,-2.0,10.73076923076923,3.230769230769231,13.324561403508772,10.333333333333332,0.9,0.2,20.0,0.0,
2021,15,Russian Grand Prix,,Russian Grand Prix,hamilton,mercedes,4.0,,2.0,219.5,2,15.678571428571429,4.285714285714286,14,4,10,3,0.7142857142857143,17.0,0.0,-25.0,5.857142857142857,12.732142857142858,6.271929824561403,-10.5,0.5,0.2,1.0,25.0,
2021,15,Russian Grand Prix,,Russian Grand Prix,max_verstappen,red_bull,20.0,,10.0,221.5,1,15.821428571428571,5.571428571428571,14,7,10,8,0.7142857142857143,18.0,0.0,-18.0,6.642857142857143,12.125,3.254385964912281,5.166666666666668,0.5,0.2,2.0,18.0,
2021,15,Russian Grand Prix,,Russian Grand Prix,sainz,ferrari,2.0,,1.0,97.5,7,6.964285714285714,6.785714285714286,14,0,2,0,0.14285714285714285,6.0,8.0,4.0,7.392857142857143,7.196428571428571,8.0,-5.499999999999998,0.5,0.2,3.0,15.0,
2021,15,Russian Grand Prix,,Russian Grand Prix,ricciardo,mclaren,5.0,,2.5,82.0,8,5.857142857142857,7.642857142857143,14,1,1,0,0.07142857142857142,1.0,26.0,20.0,6.892857142857143,7.642857142857143,11.507246376811594,2.666666666666666,0.5,0.2,4.0,12.0,
2021,15,Russian Grand Prix,,Russian Grand Prix,bottas,mercedes,16.0,,8.0,137.0,3,9.785714285714286,7.428571428571429,14,0,8,1,0.5714285714285714,3.0,15.0,-1.0,5.857142857142857,12.732142857142858,12.4,-10.5,0.5,0.2,5.0,10.0,
2021,15,Russian Grand Prix,,Russian Grand Prix,alonso,alpine,6.0,,3.0,50.0,10,3.5714285714285716,9.714285714285714,14,0,0,0,0.0,8.0,4.0,4.0,10.25,3.392857142857143,9.929824561403509,-9.333333333333334,0.5,0.2,6.0,8.0,
2021,15,Russian Grand Prix,,Russian Grand Prix,norris,mclaren,1.0,,0.5,132.0,4,9.428571428571429,6.142857142857143,14,0,4,0,0.2857142857142857,2.0,18.0,6.0,6.892857142857143,7.642857142857143,6.385964912280702,2.666666666666666,0.5,0.2,7.0,7.0,
2021,15,Russian Grand Prix,,Russian Grand Prix,raikkonen,alfa,13.0,,6.5,2.0,17,0.16666666666666666,13.583333333333334,12,0,0,0,0.0,18.0,0.0,0.0,13.428571428571429,0.10714285714285714,13.2,-0.3333333333333333,0.5,0.2,8.0,4.0,
2021,15,Russian Grand Prix,,Russian Grand Prix,perez,red_bull,8.0,,4.0,118.0,5,8.428571428571429,7.714285714285714,14,1,2,0,0.14285714285714285,5.0,10.0,0.0,6.642857142857143,12.125,7.166666666666667,5.166666666666668,0.5,0.2,9.0,2.0,
2021,15,Russian Grand Prix,,Russian Grand Prix,russell,williams,3.0,,1.5,15.0,15,1.0714285714285714,13.142857142857142,14,0,1,0,0.07142857142857142,9.0,2.0,2.0,14.107142857142858,0.7857142857142857,7.587719298245614,0.6666666666666665,0.5,0.2,10.0,1.0,
2021,15,Russian Grand Prix,,Russian Grand Prix,stroll,aston_martin,7.0,,3.5,24.0,13,1.7142857142857142,11.928571428571429,14,0,0,0,0.0,7.0,6.0,5.0,12.035714285714286,2.107142857142857,12.410714285714286,2.333333333333333,0.5,0.2,11.0,0.0,
2021,15,Russian Grand Prix,,Russian Grand Prix,vettel,aston_martin,10.0,,5.0,35.0,12,2.5,12.142857142857142,14,0,1,0,0.07142857142857142,12.0,0.0,0.0,12.035714285714286,2.107142857142857,11.761904761904763,2.333333333333333,0.5,0.2,12.0,0.0,
2021,15,Russian Grand Prix,,Russian Grand Prix,gasly,alphatauri,11.0,,5.5,66.0,9,4.714285714285714,9.571428571428571,14,0,1,0,0.07142857142857142,19.0,0.0,0.0,11.357142857142858,3.0,12.052631578947368,-2.0,0.5,0.2,13.0,0.0,
2021,15,Russian Grand Prix,,Russian Grand Prix,ocon,alpine,9.0,,4.5,45.0,11,3.2142857142857144,10.785714285714286,14,1,1,0,0.07142857142857142,10.0,1.0,1.0,10.25,3.392857142857143,11.539823008849558,-9.333333333333334,0.5,0.2,14.0,0.0,
2021,15,Russian Grand Prix,,Russian Grand Prix,leclerc,ferrari,19.0,,9.5,104.0,6,7.428571428571429,8.0,14,0,1,2,0.07142857142857142,4.0,12.0,4.0,7.392857142857143,7.196428571428571,6.517543859649122,-5.499999999999998,0.5,0.2,15.0,0.0,
2021,15,Russian Grand Prix,,Russian Grand Prix,giovinazzi,alfa,17.0,,8.5,1.0,18,0.07142857142857142,13.142857142857142,14,0,0,0,0.0,13.0,0.0,0.0,13.428571428571429,0.10714285714285714,13.090909090909092,-0.3333333333333333,0.5,0.2,16.0,0.0,
2021,15,Russian Grand Prix,,Russian Grand Prix,tsunoda,alphatauri,12.0,,6.0,18.0,14,1.2857142857142858,13.142857142857142,14,0,0,0,0.0,20.0,0.0,-2.0,11.357142857142858,3.0,13.324561403508772,-2.0,0.5,0.2,17.0,0.0,
2021,15,Russian Grand Prix,,Russian Grand Prix,mazepin,haas,15.0,,7.5,0.0,21,0.0,17.642857142857142,14,0,0,0,0.0,16.0,0.0,0.0,17.035714285714285,0.0,17.761904761904763,0.0,0.5,0.2,18.0,0.0,
2021,15,Russian Grand Prix,,Russian Grand Prix,latifi,williams,18.0,,9.0,7.0,16,0.5,15.071428571428571,14,0,0,0,0.0,11.0,0.0,0.0,14.107142857142858,0.7857142857142857,15.886363636363637,0.6666666666666665,0.5,0.2,19.0,0.0,
2021,15,Russian Grand Prix,,Russian Grand Prix,mick_schumacher,haas,14.0,,7.0,0.0,20,0.0,16.428571428571427,14,0,0,0,0.0,15.0,0.0,0.0,17.035714285714285,0.0,15.55813953488372,0.0,0.5,0.2,20.0,0.0,
2021,16,Turkish Grand Prix,,Turkish Grand Prix,bottas,mercedes,1.0,,0.5,147.0,3,9.8,7.266666666666667,15,0,8,1,0.5333333333333333,5.0,10.0,-6.0,5.666666666666667,13.05,12.4,6.166666666666668,0.5,0.2,1.0,26.0,
2021,16,Turkish Grand Prix,,Turkish Grand Prix,max_verstappen,red_bull,2.0,,1.0,239.5,2,15.966666666666667,5.333333333333333,15,7,11,8,0.7333333333333333,2.0,18.0,0.0,6.566666666666666,11.983333333333333,3.254385964912281,14.833333333333336,0.5,0.2,2.0,18.0,
2021,16,Turkish Grand Prix,,Turkish Grand Prix,perez,red_bull,6.0,,3.0,120.0,5,8.0,7.8,15,1,2,0,0.13333333333333333,9.0,2.0,-8.0,6.566666666666666,11.983333333333333,7.166666666666667,14.833333333333336,0.5,0.2,3.0,15.0,
2021,16,Turkish Grand Prix,,Turkish Grand Prix,leclerc,ferrari,3.0,,1.5,104.0,7,6.933333333333334,8.466666666666667,15,0,1,2,0.06666666666666667,15.0,0.0,-8.0,7.5,7.216666666666667,6.517543859649122,2.5,0.5,0.2,4.0,12.0,
2021,16,Turkish Grand Prix,,Turkish Grand Prix,hamilton,mercedes,11.0,,5.5,244.5,1,16.3,4.066666666666666,15,5,11,3,0.7333333333333333,1.0,25.0,0.0,5.666666666666667,13.05,6.271929824561403,6.166666666666668,0.5,0.2,5.0,10.0,
2021,16,Turkish Grand Prix,,Turkish Grand Prix,gasly,alphatauri,4.0,,2.0,66.0,9,4.4,9.8,15,0,1,0,0.06666666666666667,13.0,0.0,0.0,11.6,2.8,12.052631578947368,-4.0,0.5,0.2,6.0,8.0,
2021,16,Turkish Grand Prix,,Turkish Grand Prix,norris,mclaren,7.0,,3.5,139.0,4,9.266666666666667,6.2,15,0,4,1,0.26666666666666666,7.0,7.0,-5.0,6.8,7.766666666666667,6.385964912280702,11.999999999999998,0.5,0.2,7.0,6.0,
2021,16,Turkish Grand Prix,,Turkish Grand Prix,sainz,ferrari,19.0,,9.5,112.5,6,7.5,6.533333333333333,15,0,3,0,0.2,3.0,15.0,11.0,7.5,7.216666666666667,8.0,2.5,0.5,0.2,8.0,4.0,
2021,16,Turkish Grand Prix,,Turkish Grand Prix,stroll,aston_martin,8.0,,4.0,24.0,13,1.6,11.866666666666667,15,0,0,0,0.0,11.0,0.0,-1.0,12.0,1.9666666666666666,12.410714285714286,-1.0,0.5,0.2,9.0,2.0,
2021,16,Turkish Grand Prix,,Turkish Grand Prix,ocon,alpine,12.0,,6.0,45.0,11,3.0,11.0,15,1,1,0,0.06666666666666667,14.0,0.0,0.0,10.233333333333333,3.433333333333333,11.539823008849558,-8.333333333333332,0.5,0.2,10.0,1.0,
2021,16,Turkish Grand Prix,,Turkish Grand Prix,giovinazzi,alfa,16.0,,8.0,1.0,18,0.06666666666666667,13.333333333333334,15,0,0,0,0.0,16.0,0.0,0.0,13.333333333333334,0.23333333333333334,13.090909090909092,1.0,0.5,0.2,11.0,0.0,
2021,16,Turkish Grand Prix,,Turkish Grand Prix,raikkonen,alfa,17.0,,8.5,6.0,17,0.46153846153846156,13.153846153846153,13,0,0,0,0.0,8.0,4.0,4.0,13.333333333333334,0.23333333333333334,13.2,1.0,0.5,0.2,12.0,0.0,
2021,16,Turkish Grand Prix,,Turkish Grand Prix,ricciardo,mclaren,20.0,,10.0,94.0,8,6.266666666666667,7.4,15,1,1,0,0.06666666666666667,4.0,12.0,6.0,6.8,7.766666666666667,11.507246376811594,11.999999999999998,0.5,0.2,13.0,0.0,
2021,16,Turkish Grand Prix,,Turkish Grand Prix,tsunoda,alphatauri,9.0,,4.5,18.0,14,1.2,13.4,15,0,0,0,0.0,17.0,0.0,-2.0,11.6,2.8,13.324561403508772,-4.0,0.5,0.2,14.0,0.0,
2021,16,Turkish Grand Prix,,Turkish Grand Prix,russell,williams,13.0,,6.5,16.0,15,1.0666666666666667,12.933333333333334,15,0,1,0,0.06666666666666667,10.0,1.0,1.0,14.133333333333333,0.7666666666666667,7.587719298245614,-5.666666666666667,0.5,0.2,15.0,0.0,
2021,16,Turkish Grand Prix,,Turkish Grand Prix,alonso,alpine,5.0,,2.5,58.0,10,3.8666666666666667,9.466666666666667,15,0,0,0,0.0,6.0,8.0,8.0,10.233333333333333,3.433333333333333,9.929824561403509,-8.333333333333332,0.5,0.2,16.0,0.0,
2021,16,Turkish Grand Prix,,Turkish Grand Prix,latifi,williams,15.0,,7.5,7.0,16,0.4666666666666667,15.333333333333334,15,0,0,0,0.0,19.0,0.0,0.0,14.133333333333333,0.7666666666666667,15.886363636363637,-5.666666666666667,0.5,0.2,17.0,0.0,
2021,16,Turkish Grand Prix,,Turkish Grand Prix,vettel,aston_martin,10.0,,5.0,35.0,12,2.3333333333333335,12.133333333333333,15,0,1,0,0.06666666666666667,12.0,0.0,0.0,12.0,1.9666666666666666,11.761904761904763,-1.0,0.5,0.2,18.0,0.0,
2021,16,Turkish Grand Prix,,Turkish Grand Prix,mick_schumacher,haas,14.0,,7.0,0.0,20,0.0,16.666666666666668,15,0,0,0,0.0,20.0,0.0,0.0,17.166666666666668,0.0,15.55813953488372,0.0,0.5,0.2,19.0,0.0,
2021,16,Turkish Grand Prix,,Turkish Grand Prix,mazepin,haas,18.0,,9.0,0.0,21,0.0,17.666666666666668,15,0,0,0,0.0,18.0,0.0,0.0,17.166666666666668,0.0,17.761904761904763,0.0,0.5,0.2,20.0,0.0,
2021,17,United States Grand Prix,,United States Grand Prix,max_verstappen,red_bull,1.0,,0.30000000000000004,257.5,1,16.09375,5.125,16,7,12,8,0.75,2.0,18.0,0.0,6.3125,12.265625,3.254385964912281,6.5,0.7,0.2,1.0,25.0,
2021,17,United States Grand Prix,,United States Grand Prix,hamilton,mercedes,2.0,,0.6000000000000001,254.5,2,15.90625,4.125,16,5,11,3,0.6875,5.0,10.0,-15.0,5.5,13.359375,6.271929824561403,8.833333333333336,0.7,0.2,2.0,19.0,
2021,17,United States Grand Prix,,United States Grand Prix,perez,red_bull,3.0,,0.9000000000000001,135.0,5,8.4375,7.5,16,1,3,0,0.1875,3.0,15.0,5.0,6.3125,12.265625,7.166666666666667,6.5,0.7,0.2,3.0,15.0,
2021,17,United States Grand Prix,,United States Grand Prix,leclerc,ferrari,4.0,,1.2000000000000002,116.0,7,7.25,8.1875,16,0,1,2,0.0625,4.0,12.0,4.0,7.40625,7.265625,6.517543859649122,5.833333333333334,0.7,0.2,4.0,12.0,
2021,17,United States Grand Prix,,United States Grand Prix,ricciardo,mclaren,6.0,,1.8000000000000003,94.0,8,5.875,7.75,16,1,1,0,0.0625,13.0,0.0,-6.0,7.0,7.46875,11.507246376811594,20.666666666666668,0.7,0.2,5.0,10.0,
2021,17,United States Grand Prix,,United States Grand Prix,bottas,mercedes,9.0,,2.7,173.0,3,10.8125,6.875,16,1,9,2,0.5625,1.0,26.0,10.0,5.5,13.359375,12.4,8.833333333333336,0.7,0.2,6.0,8.0,
2021,17,United States Grand Prix,,United States Grand Prix,sainz,ferrari,5.0,,1.5000000000000002,116.5,6,7.28125,6.625,16,0,3,0,0.1875,8.0,4.0,0.0,7.40625,7.265625,8.0,5.833333333333334,0.7,0.2,7.0,6.0,
2021,17,United States Grand Prix,,United States Grand Prix,norris,mclaren,7.0,,2.1000000000000005,145.0,4,9.0625,6.25,16,0,4,1,0.25,7.0,6.0,-6.0,7.0,7.46875,6.385964912280702,20.666666666666668,0.7,0.2,8.0,4.0,
2021,17,United States Grand Prix,,United States Grand Prix,tsunoda,alphatauri,10.0,,3.0000000000000004,18.0,14,1.125,13.4375,16,0,0,0,0.0,14.0,0.0,-2.0,11.5,2.875,13.324561403508772,-9.0,0.7,0.2,9.0,2.0,
2021,17,United States Grand Prix,,United States Grand Prix,vettel,aston_martin,18.0,,5.4,35.0,12,2.1875,12.5,16,0,1,0,0.0625,18.0,0.0,0.0,12.09375,1.90625,11.761904761904763,0.9999999999999998,0.7,0.2,10.0,1.0,
2021,17,United States Grand Prix,,United States Grand Prix,giovinazzi,alfa,12.0,,3.6000000000000005,1.0,18,0.0625,13.1875,16,0,0,0,0.0,11.0,0.0,0.0,13.21875,0.21875,13.090909090909092,1.0,0.7,0.2,11.0,0.0,
2021,17,United States Grand Prix,,United States Grand Prix,stroll,aston_martin,13.0,,3.9000000000000004,26.0,13,1.625,11.6875,16,0,0,0,0.0,9.0,2.0,1.0,12.09375,1.90625,12.410714285714286,0.9999999999999998,0.7,0.2,12.0,0.0,
2021,17,United States Grand Prix,,United States Grand Prix,raikkonen,alfa,15.0,,4.500000000000001,6.0,17,0.42857142857142855,13.071428571428571,14,0,0,0,0.0,12.0,0.0,0.0,13.21875,0.21875,13.2,1.0,0.7,0.2,13.0,0.0,
2021,17,United States Grand Prix,,United States Grand Prix,russell,williams,20.0,,6.000000000000001,16.0,15,1.0,13.0625,16,0,1,0,0.0625,15.0,0.0,0.0,14.25,0.71875,7.587719298245614,-5.666666666666667,0.7,0.2,14.0,0.0,
2021,17,United States Grand Prix,,United States Grand Prix,latifi,williams,14.0,,4.200000000000001,7.0,16,0.4375,15.4375,16,0,0,0,0.0,17.0,0.0,0.0,14.25,0.71875,15.886363636363637,-5.666666666666667,0.7,0.2,15.0,0.0,
2021,17,United States Grand Prix,,United States Grand Prix,mick_schumacher,haas,16.0,,4.800000000000001,0.0,20,0.0,16.8125,16,0,0,0,0.0,19.0,0.0,0.0,17.3125,0.0,15.55813953488372,0.0,0.7,0.2,16.0,0.0,
2021,17,United States Grand Prix,,United States Grand Prix,mazepin,haas,17.0,,5.1000000000000005,0.0,21,0.0,17.8125,16,0,0,0,0.0,20.0,0.0,0.0,17.3125,0.0,17.761904761904763,0.0,0.7,0.2,17.0,0.0,
2021,17,United States Grand Prix,,United States Grand Prix,alonso,alpine,19.0,,5.700000000000001,58.0,10,3.625,9.875,16,0,0,0,0.0,16.0,0.0,0.0,10.40625,3.25,9.929824561403509,-12.0,0.7,0.2,18.0,0.0,
2021,17,United States Grand Prix,,United States Grand Prix,ocon,alpine,11.0,,3.3000000000000007,46.0,11,2.875,10.9375,16,1,1,0,0.0625,10.0,1.0,1.0,10.40625,3.25,11.539823008849558,-12.0,0.7,0.2,19.0,0.0,
2021,17,United States Grand Prix,,United States Grand Prix,gasly,alphatauri,8.0,,2.4000000000000004,74.0,9,4.625,9.5625,16,0,1,0,0.0625,6.0,8.0,8.0,11.5,2.875,12.052631578947368,-9.0,0.7,0.2,20.0,0.0,
2021,18,Mexico City Grand Prix,,Mexico City Grand Prix,max_verstappen,red_bull,3.0,,1.2000000000000002,282.5,1,16.61764705882353,4.882352941176471,17,8,13,9,0.7647058823529411,1.0,25.0,7.0,6.0588235294117645,12.720588235294118,3.254385964912281,13.833333333333332,0.6,0.2,1.0,25.0,
2021,18,Mexico City Grand Prix,,Mexico City Grand Prix,hamilton,mercedes,2.0,,0.8,273.5,2,16.08823529411765,4.0,17,5,12,3,0.7058823529411765,2.0,19.0,-6.0,5.411764705882353,13.367647058823529,6.271929824561403,13.833333333333332,0.6,0.2,2.0,18.0,
2021,18,Mexico City Grand Prix,,Mexico City Grand Prix,perez,red_bull,4.0,,1.6,150.0,4,8.823529411764707,7.235294117647059,17,1,4,0,0.23529411764705882,3.0,15.0,5.0,6.0588235294117645,12.720588235294118,7.166666666666667,13.833333333333332,0.6,0.2,3.0,15.0,
2021,18,Mexico City Grand Prix,,Mexico City Grand Prix,gasly,alphatauri,5.0,,2.0,74.0,9,4.352941176470588,10.176470588235293,17,0,1,0,0.058823529411764705,20.0,0.0,0.0,11.676470588235293,2.764705882352941,12.052631578947368,-1.9999999999999996,0.6,0.2,4.0,12.0,
2021,18,Mexico City Grand Prix,,Mexico City Grand Prix,leclerc,ferrari,8.0,,3.2,128.0,6,7.529411764705882,7.9411764705882355,17,0,1,2,0.058823529411764705,4.0,12.0,4.0,7.294117647058823,7.367647058823529,6.517543859649122,3.4999999999999982,0.6,0.2,5.0,10.0,
2021,18,Mexico City Grand Prix,,Mexico City Grand Prix,sainz,ferrari,6.0,,2.4000000000000004,122.5,7,7.205882352941177,6.647058823529412,17,0,3,0,0.17647058823529413,7.0,6.0,2.0,7.294117647058823,7.367647058823529,8.0,3.4999999999999982,0.6,0.2,6.0,8.0,
2021,18,Mexico City Grand Prix,,Mexico City Grand Prix,vettel,aston_martin,9.0,,3.6,36.0,12,2.1176470588235294,12.352941176470589,17,0,1,0,0.058823529411764705,10.0,1.0,1.0,12.029411764705882,1.8235294117647058,11.761904761904763,-2.6666666666666665,0.6,0.2,7.0,6.0,
2021,18,Mexico City Grand Prix,,Mexico City Grand Prix,raikkonen,alfa,10.0,,4.0,6.0,17,0.4,13.066666666666666,15,0,0,0,0.0,13.0,0.0,0.0,13.147058823529411,0.20588235294117646,13.2,1.3333333333333333,0.6,0.2,8.0,4.0,
2021,18,Mexico City Grand Prix,,Mexico City Grand Prix,alonso,alpine,12.0,,4.800000000000001,58.0,10,3.411764705882353,10.352941176470589,17,0,0,0,0.0,18.0,0.0,0.0,10.882352941176471,3.0588235294117645,9.929824561403509,-3.0,0.6,0.2,9.0,2.0,
2021,18,Mexico City Grand Prix,,Mexico City Grand Prix,norris,mclaren,18.0,,7.2,149.0,5,8.764705882352942,6.352941176470588,17,0,4,1,0.23529411764705882,8.0,4.0,-8.0,6.970588235294118,7.4411764705882355,6.385964912280702,-4.0,0.6,0.2,10.0,1.0,
2021,18,Mexico City Grand Prix,,Mexico City Grand Prix,giovinazzi,alfa,11.0,,4.4,1.0,18,0.058823529411764705,13.058823529411764,17,0,0,0,0.0,11.0,0.0,0.0,13.147058823529411,0.20588235294117646,13.090909090909092,1.3333333333333333,0.6,0.2,11.0,0.0,
2021,18,Mexico City Grand Prix,,Mexico City Grand Prix,ricciardo,mclaren,7.0,,2.8000000000000003,104.0,8,6.117647058823529,7.588235294117647,17,1,1,0,0.058823529411764705,5.0,10.0,4.0,6.970588235294118,7.4411764705882355,11.507246376811594,-4.0,0.6,0.2,12.0,0.0,
2021,18,Mexico City Grand Prix,,Mexico City Grand Prix,ocon,alpine,19.0,,7.6000000000000005,46.0,11,2.7058823529411766,11.411764705882353,17,1,1,0,0.058823529411764705,19.0,0.0,0.0,10.882352941176471,3.0588235294117645,11.539823008849558,-3.0,0.6,0.2,13.0,0.0,
2021,18,Mexico City Grand Prix,,Mexico City Grand Prix,stroll,aston_martin,20.0,,8.0,26.0,13,1.5294117647058822,11.705882352941176,17,0,0,0,0.0,12.0,0.0,-1.0,12.029411764705882,1.8235294117647058,12.410714285714286,-2.6666666666666665,0.6,0.2,14.0,0.0,
2021,18,Mexico City Grand Prix,,Mexico City Grand Prix,bottas,mercedes,1.0,,0.4,181.0,3,10.647058823529411,6.823529411764706,17,1,9,2,0.5294117647058824,6.0,8.0,-8.0,5.411764705882353,13.367647058823529,12.4,13.833333333333332,0.6,0.2,15.0,0.0,
2021,18,Mexico City Grand Prix,,Mexico City Grand Prix,russell,williams,16.0,,6.4,16.0,15,0.9411764705882353,13.117647058823529,17,0,1,0,0.058823529411764705,14.0,0.0,0.0,14.264705882352942,0.6764705882352942,7.587719298245614,-3.6666666666666665,0.6,0.2,16.0,0.0,
2021,18,Mexico City Grand Prix,,Mexico City Grand Prix,latifi,williams,13.0,,5.2,7.0,16,0.4117647058823529,15.411764705882353,17,0,0,0,0.0,15.0,0.0,0.0,14.264705882352942,0.6764705882352942,15.886363636363637,-3.6666666666666665,0.6,0.2,17.0,0.0,
2021,18,Mexico City Grand Prix,,Mexico City Grand Prix,mazepin,haas,15.0,,6.0,0.0,21,0.0,17.764705882352942,17,0,0,0,0.0,17.0,0.0,0.0,17.264705882352942,0.0,17.761904761904763,0.0,0.6,0.2,18.0,0.0,
2021,18,Mexico City Grand Prix,,Mexico City Grand Prix,mick_schumacher,haas,14.0,,5.6000000000000005,0.0,20,0.0,16.764705882352942,17,0,0,0,0.0,16.0,0.0,0.0,17.264705882352942,0.0,15.55813953488372,0.0,0.6,0.2,19.0,0.0,
2021,18,Mexico City Grand Prix,,Mexico City Grand Prix,tsunoda,alphatauri,17.0,,6.800000000000001,20.0,14,1.1764705882352942,13.176470588235293,17,0,0,0,0.0,9.0,2.0,0.0,11.676470588235293,2.764705882352941,13.324561403508772,-1.9999999999999996,0.6,0.2,20.0,0.0,
2021,19,São Paulo Grand Prix,,Sao Paulo Grand Prix,hamilton,mercedes,10.0,,4.0,291.5,2,16.194444444444443,3.888888888888889,18,5,13,3,0.7222222222222222,2.0,18.0,-7.0,5.583333333333333,13.125,6.271929824561403,-1.0,0.6,0.2,1.0,25.0,
2021,19,São Paulo Grand Prix,,Sao Paulo Grand Prix,max_verstappen,red_bull,2.0,,0.8,307.5,1,17.083333333333332,4.666666666666667,18,9,14,9,0.7777777777777778,1.0,25.0,7.0,5.833333333333333,13.125,3.254385964912281,17.999999999999996,0.6,0.2,2.0,18.0,
2021,19,São Paulo Grand Prix,,Sao Paulo Grand Prix,bottas,mercedes,1.0,,0.4,181.0,3,10.055555555555555,7.277777777777778,18,1,9,3,0.5,15.0,0.0,-16.0,5.583333333333333,13.125,12.4,-1.0,0.6,0.2,3.0,15.0,
2021,19,São Paulo Grand Prix,,Sao Paulo Grand Prix,perez,red_bull,4.0,,1.6,165.0,4,9.166666666666666,7.0,18,1,5,0,0.2777777777777778,3.0,15.0,5.0,5.833333333333333,13.125,7.166666666666667,17.999999999999996,0.6,0.2,4.0,13.0,
2021,19,São Paulo Grand Prix,,Sao Paulo Grand Prix,leclerc,ferrari,6.0,,2.4000000000000004,138.0,6,7.666666666666667,7.777777777777778,18,0,1,2,0.05555555555555555,5.0,10.0,2.0,7.194444444444445,7.458333333333333,6.517543859649122,0.33333333333333215,0.6,0.2,5.0,10.0,
2021,19,São Paulo Grand Prix,,Sao Paulo Grand Prix,sainz,ferrari,3.0,,1.2000000000000002,130.5,7,7.25,6.611111111111111,18,0,3,0,0.16666666666666666,6.0,8.0,4.0,7.194444444444445,7.458333333333333,8.0,0.33333333333333215,0.6,0.2,6.0,8.0,
2021,19,São Paulo Grand Prix,,Sao Paulo Grand Prix,gasly,alphatauri,7.0,,2.8000000000000003,86.0,9,4.777777777777778,9.833333333333334,18,0,1,0,0.05555555555555555,4.0,12.0,12.0,11.694444444444445,2.9444444444444446,12.052631578947368,3.333333333333333,0.6,0.2,7.0,6.0,
2021,19,São Paulo Grand Prix,,Sao Paulo Grand Prix,ocon,alpine,8.0,,3.2,46.0,11,2.5555555555555554,11.5,18,1,1,0,0.05555555555555555,13.0,0.0,0.0,10.88888888888889,2.9444444444444446,11.539823008849558,-6.666666666666667,0.6,0.2,8.0,4.0,
2021,19,São Paulo Grand Prix,,Sao Paulo Grand Prix,alonso,alpine,12.0,,4.800000000000001,60.0,10,3.3333333333333335,10.277777777777779,18,0,0,0,0.0,9.0,2.0,2.0,10.88888888888889,2.9444444444444446,9.929824561403509,-6.666666666666667,0.6,0.2,9.0,2.0,
2021,19,São Paulo Grand Prix,,Sao Paulo Grand Prix,norris,mclaren,5.0,,2.0,150.0,5,8.333333333333334,6.555555555555555,18,0,4,1,0.2222222222222222,10.0,1.0,-11.0,7.194444444444445,7.055555555555555,6.385964912280702,-14.333333333333332,0.6,0.2,10.0,1.0,
2021,19,São Paulo Grand Prix,,Sao Paulo Grand Prix,vettel,aston_martin,9.0,,3.6,42.0,12,2.3333333333333335,12.055555555555555,18,0,1,0,0.05555555555555555,7.0,6.0,6.0,11.944444444444445,1.8888888888888888,11.761904761904763,1.0,0.6,0.2,11.0,0.0,
2021,19,São Paulo Grand Prix,,Sao Paulo Grand Prix,raikkonen,alfa,,,,10.0,16,0.625,12.75,16,0,0,0,0.0,8.0,4.0,4.0,12.944444444444445,0.3055555555555556,13.2,0.0,0.6,0.2,12.0,0.0,
2021,19,São Paulo Grand Prix,,Sao Paulo Grand Prix,russell,williams,17.0,,6.800000000000001,16.0,15,0.8888888888888888,13.277777777777779,18,0,1,0,0.05555555555555555,16.0,0.0,0.0,14.38888888888889,0.6388888888888888,7.587719298245614,-1.0,0.6,0.2,13.0,0.0,
2021,19,São Paulo Grand Prix,,Sao Paulo Grand Prix,giovinazzi,alfa,13.0,,5.2,1.0,18,0.05555555555555555,12.944444444444445,18,0,0,0,0.0,11.0,0.0,0.0,12.944444444444445,0.3055555555555556,13.090909090909092,0.0,0.6,0.2,14.0,0.0,
2021,19,São Paulo Grand Prix,,Sao Paulo Grand Prix,tsunoda,alphatauri,15.0,,6.0,20.0,14,1.1111111111111112,13.555555555555555,18,0,0,0,0.0,20.0,0.0,-2.0,11.694444444444445,2.9444444444444446,13.324561403508772,3.333333333333333,0.6,0.2,15.0,0.0,
2021,19,São Paulo Grand Prix,,Sao Paulo Grand Prix,latifi,williams,16.0,,6.4,7.0,17,0.3888888888888889,15.5,18,0,0,0,0.0,17.0,0.0,0.0,14.38888888888889,0.6388888888888888,15.886363636363637,-1.0,0.6,0.2,16.0,0.0,
2021,19,São Paulo Grand Prix,,Sao Paulo Grand Prix,mazepin,haas,19.0,,7.6000000000000005,0.0,21,0.0,17.77777777777778,18,0,0,0,0.0,18.0,0.0,0.0,17.333333333333332,0.0,17.761904761904763,0.0,0.6,0.2,17.0,0.0,
2021,19,São Paulo Grand Prix,,Sao Paulo Grand Prix,mick_schumacher,haas,18.0,,7.2,0.0,20,0.0,16.88888888888889,18,0,0,0,0.0,19.0,0.0,0.0,17.333333333333332,0.0,15.55813953488372,0.0,0.6,0.2,18.0,0.0,
2021,19,São Paulo Grand Prix,,Sao Paulo Grand Prix,ricciardo,mclaren,11.0,,4.4,104.0,8,5.777777777777778,7.833333333333333,18,1,1,0,0.05555555555555555,12.0,0.0,-6.0,7.194444444444445,7.055555555555555,11.507246376811594,-14.333333333333332,0.6,0.2,19.0,0.0,
2021,19,São Paulo Grand Prix,,Sao Paulo Grand Prix,stroll,aston_martin,14.0,,5.6000000000000005,26.0,13,1.4444444444444444,11.833333333333334,18,0,0,0,0.0,14.0,0.0,-1.0,11.944444444444445,1.8888888888888888,12.410714285714286,1.0,0.6,0.2,20.0,0.0,
2021,20,Qatar Grand Prix,,Qatar Grand Prix,hamilton,mercedes,1.0,,0.5,316.5,2,16.657894736842106,3.736842105263158,19,6,14,3,0.7368421052631579,1.0,25.0,0.0,5.394736842105263,13.486842105263158,6.271929824561403,-0.3333333333333357,0.5,0.2,1.0,25.0,
2021,20,Qatar Grand Prix,,Qatar Grand Prix,max_verstappen,red_bull,7.0,,3.5,325.5,1,17.13157894736842,4.526315789473684,19,9,15,9,0.7894736842105263,2.0,18.0,0.0,5.684210526315789,13.25,3.254385964912281,16.0,0.5,0.2,2.0,19.0,
2021,20,Qatar Grand Prix,,Qatar Grand Prix,alonso,alpine,3.0,,1.5,62.0,10,3.263157894736842,10.210526315789474,19,0,0,0,0.0,9.0,2.0,2.0,10.763157894736842,2.9473684210526314,9.929824561403509,-2.0000000000000004,0.5,0.2,3.0,15.0,
2021,20,Qatar Grand Prix,,Qatar Grand Prix,perez,red_bull,11.0,,5.5,178.0,4,9.368421052631579,6.842105263157895,19,1,5,0,0.2631578947368421,4.0,13.0,3.0,5.684210526315789,13.25,7.166666666666667,16.0,0.5,0.2,4.0,12.0,
2021,20,Qatar Grand Prix,,Qatar Grand Prix,ocon,alpine,9.0,,4.5,50.0,11,2.6315789473684212,11.31578947368421,19,1,1,0,0.05263157894736842,8.0,4.0,4.0,10.763157894736842,2.9473684210526314,11.539823008849558,-2.0000000000000004,0.5,0.2,5.0,10.0,
2021,20,Qatar Grand Prix,,Qatar Grand Prix,stroll,aston_martin,12.0,,6.0,26.0,13,1.368421052631579,12.263157894736842,19,0,0,0,0.0,20.0,0.0,-1.0,12.131578947368421,1.7894736842105263,12.410714285714286,-0.33333333333333304,0.5,0.2,6.0,8.0,
2021,20,Qatar Grand Prix,,Qatar Grand Prix,sainz,ferrari,5.0,,2.5,138.5,7,7.2894736842105265,6.578947368421052,19,0,3,0,0.15789473684210525,6.0,8.0,4.0,7.105263157894737,7.5394736842105265,8.0,1.0,0.5,0.2,7.0,6.0,
2021,20,Qatar Grand Prix,,Qatar Grand Prix,leclerc,ferrari,13.0,,6.5,148.0,6,7.7894736842105265,7.631578947368421,19,0,1,2,0.05263157894736842,5.0,10.0,2.0,7.105263157894737,7.5394736842105265,6.517543859649122,1.0,0.5,0.2,8.0,4.0,
2021,20,Qatar Grand Prix,,Qatar Grand Prix,norris,mclaren,4.0,,2.0,151.0,5,7.947368421052632,6.7368421052631575,19,0,4,1,0.21052631578947367,10.0,1.0,-11.0,7.578947368421052,6.7105263157894735,6.385964912280702,-17.666666666666668,0.5,0.2,9.0,2.0,
2021,20,Qatar Grand Prix,,Qatar Grand Prix,vettel,aston_martin,10.0,,5.0,42.0,12,2.210526315789474,12.0,19,0,1,0,0.05263157894736842,11.0,0.0,0.0,12.131578947368421,1.7894736842105263,11.761904761904763,-0.33333333333333304,0.5,0.2,10.0,1.0,
2021,20,Qatar Grand Prix,,Qatar Grand Prix,gasly,alphatauri,2.0,,1.0,92.0,9,4.842105263157895,9.68421052631579,19,0,1,0,0.05263157894736842,7.0,6.0,6.0,11.657894736842104,2.9473684210526314,12.052631578947368,4.0,0.5,0.2,11.0,0.0,
2021,20,Qatar Grand Prix,,Qatar Grand Prix,ricciardo,mclaren,14.0,,7.0,104.0,8,5.473684210526316,8.421052631578947,19,1,1,0,0.05263157894736842,19.0,0.0,-6.0,7.578947368421052,6.7105263157894735,11.507246376811594,-17.666666666666668,0.5,0.2,12.0,0.0,
2021,20,Qatar Grand Prix,,Qatar Grand Prix,tsunoda,alphatauri,8.0,,4.0,20.0,14,1.0526315789473684,13.631578947368421,19,0,0,0,0.0,15.0,0.0,-2.0,11.657894736842104,2.9473684210526314,13.324561403508772,4.0,0.5,0.2,13.0,0.0,
2021,20,Qatar Grand Prix,,Qatar Grand Prix,raikkonen,alfa,16.0,,8.0,10.0,16,0.5882352941176471,12.705882352941176,17,0,0,0,0.0,12.0,0.0,0.0,12.947368421052632,0.2894736842105263,13.2,0.0,0.5,0.2,14.0,0.0,
2021,20,Qatar Grand Prix,,Qatar Grand Prix,giovinazzi,alfa,18.0,,9.0,1.0,18,0.05263157894736842,13.0,19,0,0,0,0.0,14.0,0.0,0.0,12.947368421052632,0.2894736842105263,13.090909090909092,0.0,0.5,0.2,15.0,0.0,
2021,20,Qatar Grand Prix,,Qatar Grand Prix,mick_schumacher,haas,19.0,,9.5,0.0,20,0.0,16.94736842105263,19,0,0,0,0.0,18.0,0.0,0.0,17.342105263157894,0.0,15.55813953488372,0.0,0.5,0.2,16.0,0.0,
2021,20,Qatar Grand Prix,,Qatar Grand Prix,russell,williams,15.0,,7.5,16.0,15,0.8421052631578947,13.263157894736842,19,0,1,0,0.05263157894736842,13.0,0.0,0.0,14.394736842105264,0.6052631578947368,7.587719298245614,-1.0,0.5,0.2,17.0,0.0,
2021,20,Qatar Grand Prix,,Qatar Grand Prix,mazepin,haas,20.0,,10.0,0.0,21,0.0,17.736842105263158,19,0,0,0,0.0,17.0,0.0,0.0,17.342105263157894,0.0,17.761904761904763,0.0,0.5,0.2,18.0,0.0,
2021,20,Qatar Grand Prix,,Qatar Grand Prix,latifi,williams,17.0,,8.5,7.0,17,0.3684210526315789,15.526315789473685,19,0,0,0,0.0,16.0,0.0,0.0,14.394736842105264,0.6052631578947368,15.886363636363637,-1.0,0.5,0.2,19.0,0.0,
2021,20,Qatar Grand Prix,,Qatar Grand Prix,bottas,mercedes,6.0,,3.0,196.0,3,10.31578947368421,7.052631578947368,19,1,10,4,0.5263157894736842,3.0,15.0,-1.0,5.394736842105263,13.486842105263158,12.4,-0.3333333333333357,0.5,0.2,20.0,0.0,
2021,21,Saudi Arabian Grand Prix,,Saudi Arabian Grand Prix,hamilton,mercedes,1.0,,0.4,341.5,2,17.075,3.6,20,7,15,4,0.75,1.0,25.0,0.0,5.65,13.4375,6.271929824561403,-4.9999999999999964,0.6,0.2,1.0,26.0,
2021,21,Saudi Arabian Grand Prix,,Saudi Arabian Grand Prix,max_verstappen,red_bull,3.0,,1.2000000000000002,344.5,1,17.225,4.4,20,9,16,9,0.8,2.0,19.0,1.0,5.55,13.3625,3.254385964912281,3.0,0.6,0.2,2.0,18.0,
2021,21,Saudi Arabian Grand Prix,,Saudi Arabian Grand Prix,bottas,mercedes,2.0,,0.8,196.0,3,9.8,7.7,20,1,10,4,0.5,20.0,0.0,-16.0,5.65,13.4375,12.4,-4.9999999999999964,0.6,0.2,3.0,15.0,
2021,21,Saudi Arabian Grand Prix,,Saudi Arabian Grand Prix,ocon,alpine,9.0,,3.6,60.0,11,3.0,11.0,20,1,1,0,0.05,5.0,10.0,10.0,10.425,3.425,11.539823008849558,8.0,0.6,0.2,4.0,12.0,
2021,21,Saudi Arabian Grand Prix,,Saudi Arabian Grand Prix,ricciardo,mclaren,11.0,,4.4,104.0,8,5.2,8.6,20,1,1,0,0.05,12.0,0.0,-6.0,7.725,6.425,11.507246376811594,-11.666666666666666,0.6,0.2,5.0,10.0,
2021,21,Saudi Arabian Grand Prix,,Saudi Arabian Grand Prix,gasly,alphatauri,6.0,,2.4000000000000004,92.0,9,4.6,9.75,20,0,1,0,0.05,11.0,0.0,0.0,11.675,2.8,12.052631578947368,2.6666666666666665,0.6,0.2,6.0,8.0,
2021,21,Saudi Arabian Grand Prix,,Saudi Arabian Grand Prix,leclerc,ferrari,4.0,,1.6,152.0,6,7.6,7.65,20,0,1,2,0.05,8.0,4.0,-4.0,7.125,7.4125,6.517543859649122,-0.9999999999999982,0.6,0.2,7.0,6.0,
2021,21,Saudi Arabian Grand Prix,,Saudi Arabian Grand Prix,sainz,ferrari,15.0,,6.0,144.5,7,7.225,6.6,20,0,3,0,0.15,7.0,6.0,2.0,7.125,7.4125,8.0,-0.9999999999999982,0.6,0.2,8.0,4.0,
2021,21,Saudi Arabian Grand Prix,,Saudi Arabian Grand Prix,giovinazzi,alfa,10.0,,4.0,1.0,18,0.05,13.1,20,0,0,0,0.0,15.0,0.0,0.0,13.025,0.275,13.090909090909092,0.0,0.6,0.2,9.0,2.0,
2021,21,Saudi Arabian Grand Prix,,Saudi Arabian Grand Prix,norris,mclaren,7.0,,2.8000000000000003,153.0,5,7.65,6.85,20,0,4,1,0.2,9.0,2.0,-10.0,7.725,6.425,6.385964912280702,-11.666666666666666,0.6,0.2,10.0,1.0,
2021,21,Saudi Arabian Grand Prix,,Saudi Arabian Grand Prix,stroll,aston_martin,18.0,,7.2,34.0,13,1.7,11.95,20,0,0,0,0.0,6.0,8.0,7.0,11.925,1.925,12.410714285714286,4.0,0.6,0.2,11.0,0.0,
2021,21,Saudi Arabian Grand Prix,,Saudi Arabian Grand Prix,latifi,williams,16.0,,6.4,7.0,17,0.35,15.7,20,0,0,0,0.0,19.0,0.0,0.0,14.575,0.575,15.886363636363637,-0.3333333333333333,0.6,0.2,12.0,0.0,
2021,21,Saudi Arabian Grand Prix,,Saudi Arabian Grand Prix,alonso,alpine,13.0,,5.2,77.0,10,3.85,9.85,20,0,1,0,0.05,3.0,15.0,15.0,10.425,3.425,9.929824561403509,8.0,0.6,0.2,13.0,0.0,
2021,21,Saudi Arabian Grand Prix,,Saudi Arabian Grand Prix,tsunoda,alphatauri,8.0,,3.2,20.0,14,1.0,13.6,20,0,0,0,0.0,13.0,0.0,-2.0,11.675,2.8,13.324561403508772,2.6666666666666665,0.6,0.2,14.0,0.0,
2021,21,Saudi Arabian Grand Prix,,Saudi Arabian Grand Prix,raikkonen,alfa,12.0,,4.800000000000001,10.0,16,0.5555555555555556,12.777777777777779,18,0,0,0,0.0,14.0,0.0,0.0,13.025,0.275,13.2,0.0,0.6,0.2,15.0,0.0,
2021,21,Saudi Arabian Grand Prix,,Saudi Arabian Grand Prix,vettel,aston_martin,17.0,,6.800000000000001,43.0,12,2.15,11.9,20,0,1,0,0.05,10.0,1.0,1.0,11.925,1.925,11.761904761904763,4.0,0.6,0.2,16.0,0.0,
2021,21,Saudi Arabian Grand Prix,,Saudi Arabian Grand Prix,perez,red_bull,5.0,,2.0,190.0,4,9.5,6.7,20,1,5,0,0.25,4.0,12.0,2.0,5.55,13.3625,7.166666666666667,3.0,0.6,0.2,17.0,0.0,
2021,21,Saudi Arabian Grand Prix,,Saudi Arabian Grand Prix,mazepin,haas,20.0,,8.0,0.0,21,0.0,17.75,20,0,0,0,0.0,18.0,0.0,0.0,17.325,0.0,17.761904761904763,0.0,0.6,0.2,18.0,0.0,
2021,21,Saudi Arabian Grand Prix,,Saudi Arabian Grand Prix,russell,williams,14.0,,5.6000000000000005,16.0,15,0.8,13.45,20,0,1,0,0.05,17.0,0.0,0.0,14.575,0.575,7.587719298245614,-0.3333333333333333,0.6,0.2,19.0,0.0,
2021,21,Saudi Arabian Grand Prix,,Saudi Arabian Grand Prix,mick_schumacher,haas,19.0,,7.6000000000000005,0.0,20,0.0,16.9,20,0,0,0,0.0,16.0,0.0,0.0,17.325,0.0,15.55813953488372,0.0,0.6,0.2,20.0,0.0,
2021,22,Abu Dhabi Grand Prix,,Abu Dhabi Grand Prix,max_verstappen,red_bull,1.0,,0.5,362.5,2,17.261904761904763,4.285714285714286,21,9,17,9,0.8095238095238095,2.0,18.0,0.0,5.738095238095238,13.154761904761905,3.254385964912281,-10.999999999999996,0.5,0.2,1.0,26.0,
2021,22,Abu Dhabi Grand Prix,,Abu Dhabi Grand Prix,hamilton,mercedes,2.0,,1.0,367.5,1,17.5,3.4761904761904763,21,8,16,5,0.7619047619047619,1.0,26.0,1.0,5.476190476190476,13.773809523809524,6.271929824561403,8.333333333333336,0.5,0.2,2.0,18.0,
2021,22,Abu Dhabi Grand Prix,,Abu Dhabi Grand Prix,sainz,ferrari,5.0,,2.5,148.5,7,7.071428571428571,6.666666666666667,21,0,3,0,0.14285714285714285,8.0,4.0,0.0,7.142857142857143,7.2976190476190474,8.0,-4.666666666666666,0.5,0.2,3.0,15.0,
2021,22,Abu Dhabi Grand Prix,,Abu Dhabi Grand Prix,tsunoda,alphatauri,8.0,,4.0,20.0,14,0.9523809523809523,13.619047619047619,21,0,0,0,0.0,14.0,0.0,-2.0,11.595238095238095,2.857142857142857,13.324561403508772,-2.666666666666666,0.5,0.2,4.0,12.0,
2021,22,Abu Dhabi Grand Prix,,Abu Dhabi Grand Prix,gasly,alphatauri,12.0,,6.0,100.0,9,4.761904761904762,9.571428571428571,21,0,1,0,0.047619047619047616,6.0,8.0,8.0,11.595238095238095,2.857142857142857,12.052631578947368,-2.666666666666666,0.5,0.2,5.0,10.0,
2021,22,Abu Dhabi Grand Prix,,Abu Dhabi Grand Prix,bottas,mercedes,6.0,,3.0,211.0,3,10.047619047619047,7.476190476190476,21,1,11,4,0.5238095238095238,3.0,15.0,-1.0,5.476190476190476,13.773809523809524,12.4,8.333333333333336,0.5,0.2,6.0,8.0,
2021,22,Abu Dhabi Grand Prix,,Abu Dhabi Grand Prix,norris,mclaren,3.0,,1.5,154.0,6,7.333333333333333,7.0,21,0,4,1,0.19047619047619047,10.0,1.0,-11.0,7.714285714285714,6.380952380952381,6.385964912280702,-2.333333333333333,0.5,0.2,7.0,6.0,
2021,22,Abu Dhabi Grand Prix,,Abu Dhabi Grand Prix,alonso,alpine,11.0,,5.5,77.0,10,3.6666666666666665,10.0,21,0,1,0,0.047619047619047616,13.0,0.0,0.0,10.333333333333334,3.5476190476190474,9.929824561403509,13.333333333333334,0.5,0.2,8.0,4.0,
2021,22,Abu Dhabi Grand Prix,,Abu Dhabi Grand Prix,ocon,alpine,9.0,,4.5,72.0,11,3.4285714285714284,10.666666666666666,21,1,1,0,0.047619047619047616,4.0,12.0,12.0,10.333333333333334,3.5476190476190474,11.539823008849558,13.333333333333334,0.5,0.2,9.0,2.0,
2021,22,Abu Dhabi Grand Prix,,Abu Dhabi Grand Prix,leclerc,ferrari,7.0,,3.5,158.0,5,7.523809523809524,7.619047619047619,21,0,1,2,0.047619047619047616,7.0,6.0,-2.0,7.142857142857143,7.2976190476190474,6.517543859649122,-4.666666666666666,0.5,0.2,10.0,1.0,
2021,22,Abu Dhabi Grand Prix,,Abu Dhabi Grand Prix,vettel,aston_martin,15.0,,7.5,43.0,12,2.0476190476190474,12.095238095238095,21,0,1,0,0.047619047619047616,16.0,0.0,0.0,12.0,1.8333333333333333,11.761904761904763,0.0,0.5,0.2,11.0,0.0,
2021,22,Abu Dhabi Grand Prix,,Abu Dhabi Grand Prix,ricciardo,mclaren,10.0,,5.0,114.0,8,5.428571428571429,8.428571428571429,21,1,1,0,0.047619047619047616,5.0,10.0,4.0,7.714285714285714,6.380952380952381,11.507246376811594,-2.333333333333333,0.5,0.2,12.0,0.0,
2021,22,Abu Dhabi Grand Prix,,Abu Dhabi Grand Prix,stroll,aston_martin,13.0,,6.5,34.0,13,1.619047619047619,11.904761904761905,21,0,0,0,0.0,11.0,0.0,-1.0,12.0,1.8333333333333333,12.410714285714286,0.0,0.5,0.2,13.0,0.0,
2021,22,Abu Dhabi Grand Prix,,Abu Dhabi Grand Prix,mick_schumacher,haas,19.0,,9.5,0.0,20,0.0,17.047619047619047,21,0,0,0,0.0,20.0,0.0,0.0,17.404761904761905,0.0,15.55813953488372,0.0,0.5,0.2,14.0,0.0,
2021,22,Abu Dhabi Grand Prix,,Abu Dhabi Grand Prix,perez,red_bull,4.0,,2.0,190.0,4,9.047619047619047,7.190476190476191,21,1,5,0,0.23809523809523808,17.0,0.0,-10.0,5.738095238095238,13.154761904761905,7.166666666666667,-10.999999999999996,0.5,0.2,15.0,0.0,
2021,22,Abu Dhabi Grand Prix,,Abu Dhabi Grand Prix,latifi,williams,16.0,,8.0,7.0,17,0.3333333333333333,15.523809523809524,21,0,0,0,0.0,12.0,0.0,0.0,14.619047619047619,0.5476190476190477,15.886363636363637,0.0,0.5,0.2,16.0,0.0,
2021,22,Abu Dhabi Grand Prix,,Abu Dhabi Grand Prix,giovinazzi,alfa,14.0,,7.0,3.0,18,0.14285714285714285,12.904761904761905,21,0,0,0,0.0,9.0,2.0,2.0,12.976190476190476,0.30952380952380953,13.090909090909092,-0.6666666666666666,0.5,0.2,17.0,0.0,
2021,22,Abu Dhabi Grand Prix,,Abu Dhabi Grand Prix,russell,williams,17.0,,8.5,16.0,15,0.7619047619047619,13.714285714285714,21,0,1,0,0.047619047619047616,19.0,0.0,0.0,14.619047619047619,0.5476190476190477,7.587719298245614,0.0,0.5,0.2,18.0,0.0,
2021,22,Abu Dhabi Grand Prix,,Abu Dhabi Grand Prix,raikkonen,alfa,18.0,,9.0,10.0,16,0.5263157894736842,12.894736842105264,19,0,0,0,0.0,15.0,0.0,0.0,12.976190476190476,0.30952380952380953,13.2,-0.6666666666666666,0.5,0.2,19.0,0.0,
2021,22,Abu Dhabi Grand Prix,,Abu Dhabi Grand Prix,mazepin,haas,,,,0.0,21,0.0,17.761904761904763,21,0,0,0,0.0,18.0,0.0,0.0,17.404761904761905,0.0,17.761904761904763,0.0,0.5,0.2,,0.0,
2022,1,Bahrain Grand Prix,,Bahrain Grand Prix,leclerc,ferrari,1.0,,0.19999999999999996,0.0,999,,,0,0,0,0,,,,,,,6.517543859649122,,0.8,0.4,1.0,26.0,
2022,1,Bahrain Grand Prix,,Bahrain Grand Prix,sainz,ferrari,3.0,,0.5999999999999999,0.0,999,,,0,0,0,0,,,,,,,8.0,,0.8,0.4,2.0,18.0,
2022,1,Bahrain Grand Prix,,Bahrain Grand Prix,hamilton,mercedes,5.0,,0.9999999999999998,0.0,999,,,0,0,0,0,,,,,,,6.271929824561403,,0.8,0.4,3.0,15.0,
2022,1,Bahrain Grand Prix,,Bahrain Grand Prix,russell,mercedes,9.0,,1.7999999999999996,0.0,999,,,0,0,0,0,,,,,,,7.587719298245614,,0.8,0.4,4.0,12.0,
2022,1,Bahrain Grand Prix,,Bahrain Grand Prix,kevin_magnussen,haas,7.0,,1.3999999999999997,0.0,999,,,0,0,0,0,,,,,,,14.363636363636363,,0.8,0.4,5.0,10.0,
2022,1,Bahrain Grand Prix,,Bahrain Grand Prix,bottas,alfa,6.0,,1.1999999999999997,0.0,999,,,0,0,0,0,,,,,,,12.4,,0.8,0.4,6.0,8.0,
2022,1,Bahrain Grand Prix,,Bahrain Grand Prix,ocon,alpine,11.0,,2.1999999999999993,0.0,999,,,0,0,0,0,,,,,,,11.539823008849558,,0.8,0.4,7.0,6.0,
2022,1,Bahrain Grand Prix,,Bahrain Grand Prix,tsunoda,alphatauri,16.0,,3.1999999999999993,0.0,999,,,0,0,0,0,,,,,,,13.324561403508772,,0.8,0.4,8.0,4.0,
2022,1,Bahrain Grand Prix,,Bahrain Grand Prix,alonso,alpine,8.0,,1.5999999999999996,0.0,999,,,0,0,0,0,,,,,,,9.929824561403509,,0.8,0.4,9.0,2.0,
2022,1,Bahrain Grand Prix,,Bahrain Grand Prix,zhou,alfa,15.0,,2.999999999999999,0.0,999,,,0,0,0,0,,,,,,,14.647058823529411,,0.8,0.4,10.0,1.0,
2022,1,Bahrain Grand Prix,,Bahrain Grand Prix,mick_schumacher,haas,12.0,,2.3999999999999995,0.0,999,,,0,0,0,0,,,,,,,15.55813953488372,,0.8,0.4,11.0,0.0,
2022,1,Bahrain Grand Prix,,Bahrain Grand Prix,stroll,aston_martin,19.0,,3.799999999999999,0.0,999,,,0,0,0,0,,,,,,,12.410714285714286,,0.8,0.4,12.0,0.0,
2022,1,Bahrain Grand Prix,,Bahrain Grand Prix,albon,williams,14.0,,2.7999999999999994,0.0,999,,,0,0,0,0,,,,,,,12.956043956043956,,0.8,0.4,13.0,0.0,
2022,1,Bahrain Grand Prix,,Bahrain Grand Prix,ricciardo,mclaren,18.0,,3.599999999999999,0.0,999,,,0,0,0,0,,,,,,,11.507246376811594,,0.8,0.4,14.0,0.0,
2022,1,Bahrain Grand Prix,,Bahrain Grand Prix,norris,mclaren,13.0,,2.5999999999999996,0.0,999,,,0,0,0,0,,,,,,,6.385964912280702,,0.8,0.4,15.0,0.0,
2022,1,Bahrain Grand Prix,,Bahrain Grand Prix,latifi,williams,20.0,,3.999999999999999,0.0,999,,,0,0,0,0,,,,,,,15.886363636363637,,0.8,0.4,16.0,0.0,
2022,1,Bahrain Grand Prix,,Bahrain Grand Prix,hulkenberg,aston_martin,17.0,,3.3999999999999995,0.0,999,,,0,0,0,0,,,,,,,12.98611111111111,,0.8,0.4,17.0,0.0,
2022,1,Bahrain Grand Prix,,Bahrain Grand Prix,perez,red_bull,4.0,,0.7999999999999998,0.0,999,,,0,0,0,0,,,,,,,7.166666666666667,,0.8,0.4,18.0,0.0,
2022,1,Bahrain Grand Prix,,Bahrain Grand Prix,max_verstappen,red_bull,2.0,,0.3999999999999999,0.0,999,,,0,0,0,0,,,,,,,3.254385964912281,,0.8,0.4,19.0,0.0,
2022,1,Bahrain Grand Prix,,Bahrain Grand Prix,gasly,alphatauri,10.0,,1.9999999999999996,0.0,999,,,0,0,0,0,,,,,,,12.052631578947368,,0.8,0.4,20.0,0.0,
2022,2,Saudi Arabian Grand Prix,,Saudi Arabian Grand Prix,max_verstappen,red_bull,4.0,,1.6,0.0,19,0.0,19.0,1,0,0,0,0.0,19.0,0.0,,18.5,0.0,3.254385964912281,,0.6,0.4,1.0,25.0,
2022,2,Saudi Arabian Grand Prix,,Saudi Arabian Grand Prix,leclerc,ferrari,2.0,,0.8,26.0,1,26.0,1.0,1,1,1,1,1.0,1.0,26.0,,1.5,22.0,6.517543859649122,,0.6,0.4,2.0,19.0,
2022,2,Saudi Arabian Grand Prix,,Saudi Arabian Grand Prix,sainz,ferrari,3.0,,1.2000000000000002,18.0,2,18.0,2.0,1,0,1,0,1.0,2.0,18.0,,1.5,22.0,8.0,,0.6,0.4,3.0,15.0,
2022,2,Saudi Arabian Grand Prix,,Saudi Arabian Grand Prix,perez,red_bull,1.0,,0.4,0.0,18,0.0,18.0,1,0,0,0,0.0,18.0,0.0,,18.5,0.0,7.166666666666667,,0.6,0.4,4.0,12.0,
2022,2,Saudi Arabian Grand Prix,,Saudi Arabian Grand Prix,russell,mercedes,6.0,,2.4000000000000004,12.0,4,12.0,4.0,1,0,0,0,0.0,4.0,12.0,,3.5,13.5,7.587719298245614,,0.6,0.4,5.0,10.0,
2022,2,Saudi Arabian Grand Prix,,Saudi Arabian Grand Prix,ocon,alpine,5.0,,2.0,6.0,7,6.0,7.0,1,0,0,0,0.0,7.0,6.0,,8.0,4.0,11.539823008849558,,0.6,0.4,6.0,8.0,
2022,2,Saudi Arabian Grand Prix,,Saudi Arabian Grand Prix,norris,mclaren,11.0,,4.4,0.0,15,0.0,15.0,1,0,0,0,0.0,15.0,0.0,,14.5,0.0,6.385964912280702,,0.6,0.4,7.0,6.0,
2022,2,Saudi Arabian Grand Prix,,Saudi Arabian Grand Prix,gasly,alphatauri,9.0,,3.6,0.0,20,0.0,20.0,1,0,0,0,0.0,20.0,0.0,,14.0,2.0,12.052631578947368,,0.6,0.4,8.0,4.0,
2022,2,Saudi Arabian Grand Prix,,Saudi Arabian Grand Prix,kevin_magnussen,haas,10.0,,4.0,10.0,5,10.0,5.0,1,0,0,0,0.0,5.0,10.0,,8.0,5.0,14.363636363636363,,0.6,0.4,9.0,2.0,
2022,2,Saudi Arabian Grand Prix,,Saudi Arabian Grand Prix,hamilton,mercedes,15.0,,6.0,15.0,3,15.0,3.0,1,0,1,0,1.0,3.0,15.0,,3.5,13.5,6.271929824561403,,0.6,0.4,10.0,1.0,
2022,2,Saudi Arabian Grand Prix,,Saudi Arabian Grand Prix,zhou,alfa,12.0,,4.800000000000001,1.0,10,1.0,10.0,1,0,0,0,0.0,10.0,1.0,,8.0,4.5,14.647058823529411,,0.6,0.4,11.0,0.0,
2022,2,Saudi Arabian Grand Prix,,Saudi Arabian Grand Prix,hulkenberg,aston_martin,17.0,,6.800000000000001,0.0,17,0.0,17.0,1,0,0,0,0.0,17.0,0.0,,14.5,0.0,12.98611111111111,,0.6,0.4,12.0,0.0,
2022,2,Saudi Arabian Grand Prix,,Saudi Arabian Grand Prix,stroll,aston_martin,13.0,,5.2,0.0,12,0.0,12.0,1,0,0,0,0.0,12.0,0.0,,14.5,0.0,12.410714285714286,,0.6,0.4,13.0,0.0,
2022,2,Saudi Arabian Grand Prix,,Saudi Arabian Grand Prix,albon,williams,16.0,,6.4,0.0,13,0.0,13.0,1,0,0,0,0.0,13.0,0.0,,14.5,0.0,12.956043956043956,,0.6,0.4,14.0,0.0,
2022,2,Saudi Arabian Grand Prix,,Saudi Arabian Grand Prix,bottas,alfa,8.0,,3.2,8.0,6,8.0,6.0,1,0,0,0,0.0,6.0,8.0,,8.0,4.5,12.4,,0.6,0.4,15.0,0.0,
2022,2,Saudi Arabian Grand Prix,,Saudi Arabian Grand Prix,alonso,alpine,7.0,,2.8000000000000003,2.0,9,2.0,9.0,1,0,0,0,0.0,9.0,2.0,,8.0,4.0,9.929824561403509,,0.6,0.4,16.0,0.0,
2022,2,Saudi Arabian Grand Prix,,Saudi Arabian Grand Prix,ricciardo,mclaren,14.0,,5.6000000000000005,0.0,14,0.0,14.0,1,0,0,0,0.0,14.0,0.0,,14.5,0.0,11.507246376811594,,0.6,0.4,17.0,0.0,
2022,2,Saudi Arabian Grand Prix,,Saudi Arabian Grand Prix,latifi,williams,18.0,,7.2,0.0,16,0.0,16.0,1,0,0,0,0.0,16.0,0.0,,14.5,0.0,15.886363636363637,,0.6,0.4,18.0,0.0,
2022,2,Saudi Arabian Grand Prix,,Saudi Arabian Grand Prix,tsunoda,alphatauri,19.0,,7.6000000000000005,4.0,8,4.0,8.0,1,0,0,0,0.0,8.0,4.0,,14.0,2.0,13.324561403508772,,0.6,0.4,19.0,0.0,
2022,2,Saudi Arabian Grand Prix,,Saudi Arabian Grand Prix,mick_schumacher,haas,,,,0.0,11,0.0,11.0,1,0,0,0,0.0,11.0,0.0,,8.0,5.0,15.55813953488372,,0.6,0.4,,0.0,
2022,3,Australian Grand Prix,,Australian Grand Prix,leclerc,ferrari,1.0,,0.4,45.0,1,22.5,1.5,2,1,2,1,1.0,2.0,19.0,-7.0,2.0,19.5,6.517543859649122,39.0,0.6,0.4,1.0,26.0,
2022,3,Australian Grand Prix,,Australian Grand Prix,perez,red_bull,3.0,,1.2000000000000002,12.0,8,6.0,11.0,2,0,0,1,0.0,4.0,12.0,12.0,10.5,9.25,7.166666666666667,18.5,0.6,0.4,2.0,18.0,
2022,3,Australian Grand Prix,,Australian Grand Prix,russell,mercedes,6.0,,2.4000000000000004,22.0,4,11.0,4.5,2,0,0,0,0.0,5.0,10.0,-2.0,5.5,9.5,7.587719298245614,19.0,0.6,0.4,3.0,15.0,
2022,3,Australian Grand Prix,,Australian Grand Prix,hamilton,mercedes,5.0,,2.0,16.0,5,8.0,6.5,2,0,1,0,0.5,10.0,1.0,-14.0,5.5,9.5,6.271929824561403,19.0,0.6,0.4,4.0,12.0,
2022,3,Australian Grand Prix,,Australian Grand Prix,norris,mclaren,4.0,,1.6,6.0,10,3.0,11.0,2,0,0,0,0.0,7.0,6.0,6.0,13.25,1.5,6.385964912280702,3.0,0.6,0.4,5.0,10.0,
2022,3,Australian Grand Prix,,Australian Grand Prix,ricciardo,mclaren,7.0,,2.8000000000000003,0.0,19,0.0,15.5,2,0,0,0,0.0,17.0,0.0,0.0,13.25,1.5,11.507246376811594,3.0,0.6,0.4,6.0,8.0,
2022,3,Australian Grand Prix,,Australian Grand Prix,ocon,alpine,8.0,,3.2,14.0,6,7.0,6.5,2,0,0,0,0.0,6.0,8.0,2.0,9.5,4.0,11.539823008849558,8.0,0.6,0.4,7.0,6.0,
2022,3,Australian Grand Prix,,Australian Grand Prix,bottas,alfa,12.0,,4.800000000000001,8.0,9,4.0,10.5,2,0,0,0,0.0,15.0,0.0,-8.0,10.5,2.25,12.4,4.5,0.6,0.4,8.0,4.0,
2022,3,Australian Grand Prix,,Australian Grand Prix,gasly,alphatauri,11.0,,4.4,4.0,12,2.0,14.0,2,0,0,0,0.0,8.0,4.0,4.0,13.75,2.0,12.052631578947368,4.0,0.6,0.4,9.0,2.0,
2022,3,Australian Grand Prix,,Australian Grand Prix,albon,williams,20.0,,8.0,0.0,17,0.0,13.5,2,0,0,0,0.0,14.0,0.0,0.0,15.25,0.0,12.956043956043956,0.0,0.6,0.4,10.0,1.0,
2022,3,Australian Grand Prix,,Australian Grand Prix,zhou,alfa,14.0,,5.6000000000000005,1.0,14,0.5,10.5,2,0,0,0,0.0,11.0,0.0,-1.0,10.5,2.25,14.647058823529411,4.5,0.6,0.4,11.0,0.0,
2022,3,Australian Grand Prix,,Australian Grand Prix,stroll,aston_martin,19.0,,7.6000000000000005,0.0,16,0.0,12.5,2,0,0,0,0.0,13.0,0.0,0.0,13.5,0.0,12.410714285714286,0.0,0.6,0.4,12.0,0.0,
2022,3,Australian Grand Prix,,Australian Grand Prix,mick_schumacher,haas,15.0,,6.0,0.0,15,0.0,11.0,2,0,0,0,0.0,,0.0,0.0,8.333333333333334,3.0,15.55813953488372,6.0,0.6,0.4,13.0,0.0,
2022,3,Australian Grand Prix,,Australian Grand Prix,kevin_magnussen,haas,16.0,,6.4,12.0,7,6.0,7.0,2,0,0,0,0.0,9.0,2.0,-8.0,8.333333333333334,3.0,14.363636363636363,6.0,0.6,0.4,14.0,0.0,
2022,3,Australian Grand Prix,,Australian Grand Prix,tsunoda,alphatauri,13.0,,5.2,4.0,11,2.0,13.5,2,0,0,0,0.0,19.0,0.0,-4.0,13.75,2.0,13.324561403508772,4.0,0.6,0.4,15.0,0.0,
2022,3,Australian Grand Prix,,Australian Grand Prix,latifi,williams,18.0,,7.2,0.0,20,0.0,17.0,2,0,0,0,0.0,18.0,0.0,0.0,15.25,0.0,15.886363636363637,0.0,0.6,0.4,16.0,0.0,
2022,3,Australian Grand Prix,,Australian Grand Prix,alonso,alpine,10.0,,4.0,2.0,13,1.0,12.5,2,0,0,0,0.0,16.0,0.0,-2.0,9.5,4.0,9.929824561403509,8.0,0.6,0.4,17.0,0.0,
2022,3,Australian Grand Prix,,Australian Grand Prix,max_verstappen,red_bull,2.0,,0.8,25.0,3,12.5,10.0,2,1,1,0,0.5,1.0,25.0,25.0,10.5,9.25,3.254385964912281,18.5,0.6,0.4,18.0,0.0,
2022,3,Australian Grand Prix,,Australian Grand Prix,vettel,aston_martin,17.0,,6.800000000000001,0.0,999,,,0,0,0,0,,,,,13.5,0.0,11.761904761904763,0.0,0.6,0.4,19.0,0.0,
2022,3,Australian Grand Prix,,Australian Grand Prix,sainz,ferrari,9.0,,3.6,33.0,2,16.5,2.5,2,0,2,0,1.0,3.0,15.0,-3.0,2.0,19.5,8.0,39.0,0.6,0.4,20.0,0.0,
2022,4,Emilia Romagna Grand Prix,,Emilia Romagna Grand Prix,max_verstappen,red_bull,1.0,,0.5,25.0,6,8.333333333333334,12.666666666666666,3,1,1,0,0.3333333333333333,18.0,0.0,0.0,10.333333333333334,9.166666666666666,3.254385964912281,18.333333333333332,0.5,0.4,1.0,26.0,
2022,4,Emilia Romagna Grand Prix,,Emilia Romagna Grand Prix,perez,red_bull,3.0,,1.5,30.0,4,10.0,8.0,3,0,1,1,0.3333333333333333,2.0,18.0,18.0,10.333333333333334,9.166666666666666,7.166666666666667,18.333333333333332,0.5,0.4,2.0,18.0,
2022,4,Emilia Romagna Grand Prix,,Emilia Romagna Grand Prix,norris,mclaren,5.0,,2.5,16.0,8,5.333333333333333,9.0,3,0,0,0,0.0,5.0,10.0,10.0,10.666666666666666,4.0,6.385964912280702,8.0,0.5,0.4,3.0,15.0,
2022,4,Emilia Romagna Grand Prix,,Emilia Romagna Grand Prix,russell,mercedes,11.0,,5.5,37.0,2,12.333333333333334,4.0,3,0,1,0,0.3333333333333333,3.0,15.0,3.0,4.833333333333333,10.833333333333334,7.587719298245614,21.666666666666668,0.5,0.4,4.0,12.0,
2022,4,Emilia Romagna Grand Prix,,Emilia Romagna Grand Prix,bottas,alfa,7.0,,3.5,12.0,10,4.0,9.666666666666666,3,0,0,0,0.0,8.0,4.0,-4.0,10.166666666666666,2.1666666666666665,12.4,4.333333333333333,0.5,0.4,5.0,10.0,
2022,4,Emilia Romagna Grand Prix,,Emilia Romagna Grand Prix,leclerc,ferrari,2.0,,1.0,71.0,1,23.666666666666668,1.3333333333333333,3,2,3,2,1.0,1.0,26.0,0.0,4.833333333333333,17.333333333333332,6.517543859649122,34.666666666666664,0.5,0.4,6.0,8.0,
2022,4,Emilia Romagna Grand Prix,,Emilia Romagna Grand Prix,tsunoda,alphatauri,12.0,,6.0,4.0,13,1.3333333333333333,14.0,3,0,0,0,0.0,15.0,0.0,-4.0,13.166666666666666,1.6666666666666667,13.324561403508772,3.3333333333333335,0.5,0.4,7.0,6.0,
2022,4,Emilia Romagna Grand Prix,,Emilia Romagna Grand Prix,vettel,aston_martin,13.0,,6.5,0.0,21,0.0,19.0,1,0,0,0,0.0,19.0,0.0,,14.166666666666666,0.0,11.761904761904763,0.0,0.5,0.4,8.0,4.0,
2022,4,Emilia Romagna Grand Prix,,Emilia Romagna Grand Prix,kevin_magnussen,haas,8.0,,4.0,12.0,9,4.0,9.333333333333334,3,0,0,0,0.0,14.0,0.0,-10.0,10.4,2.0,14.363636363636363,4.0,0.5,0.4,9.0,2.0,
2022,4,Emilia Romagna Grand Prix,,Emilia Romagna Grand Prix,stroll,aston_martin,15.0,,7.5,0.0,18,0.0,12.333333333333334,3,0,0,0,0.0,12.0,0.0,0.0,14.166666666666666,0.0,12.410714285714286,0.0,0.5,0.4,10.0,1.0,
2022,4,Emilia Romagna Grand Prix,,Emilia Romagna Grand Prix,albon,williams,18.0,,9.0,1.0,16,0.3333333333333333,12.333333333333334,3,0,0,0,0.0,10.0,1.0,1.0,14.5,0.16666666666666666,12.956043956043956,0.3333333333333333,0.5,0.4,11.0,0.0,
2022,4,Emilia Romagna Grand Prix,,Emilia Romagna Grand Prix,gasly,alphatauri,17.0,,8.5,6.0,12,2.0,12.333333333333334,3,0,0,0,0.0,9.0,2.0,2.0,13.166666666666666,1.6666666666666667,12.052631578947368,3.3333333333333335,0.5,0.4,12.0,0.0,
2022,4,Emilia Romagna Grand Prix,,Emilia Romagna Grand Prix,hamilton,mercedes,14.0,,7.0,28.0,5,9.333333333333334,5.666666666666667,3,0,1,0,0.3333333333333333,4.0,12.0,-3.0,4.833333333333333,10.833333333333334,6.271929824561403,21.666666666666668,0.5,0.4,13.0,0.0,
2022,4,Emilia Romagna Grand Prix,,Emilia Romagna Grand Prix,ocon,alpine,16.0,,8.0,20.0,7,6.666666666666667,6.666666666666667,3,0,0,0,0.0,7.0,6.0,0.0,10.333333333333334,3.6666666666666665,11.539823008849558,7.333333333333333,0.5,0.4,14.0,0.0,
2022,4,Emilia Romagna Grand Prix,,Emilia Romagna Grand Prix,zhou,alfa,,,,1.0,15,0.3333333333333333,10.666666666666666,3,0,0,0,0.0,11.0,0.0,-1.0,10.166666666666666,2.1666666666666665,14.647058823529411,4.333333333333333,0.5,0.4,15.0,0.0,
2022,4,Emilia Romagna Grand Prix,,Emilia Romagna Grand Prix,latifi,williams,19.0,,9.5,0.0,20,0.0,16.666666666666668,3,0,0,0,0.0,16.0,0.0,0.0,14.5,0.16666666666666666,15.886363636363637,0.3333333333333333,0.5,0.4,16.0,0.0,
2022,4,Emilia Romagna Grand Prix,,Emilia Romagna Grand Prix,mick_schumacher,haas,10.0,,5.0,0.0,17,0.0,12.0,3,0,0,0,0.0,13.0,0.0,0.0,10.4,2.0,15.55813953488372,4.0,0.5,0.4,17.0,0.0,
2022,4,Emilia Romagna Grand Prix,,Emilia Romagna Grand Prix,ricciardo,mclaren,6.0,,3.0,8.0,11,2.6666666666666665,12.333333333333334,3,0,0,0,0.0,6.0,8.0,8.0,10.666666666666666,4.0,11.507246376811594,8.0,0.5,0.4,18.0,0.0,
2022,4,Emilia Romagna Grand Prix,,Emilia Romagna Grand Prix,alonso,alpine,9.0,,4.5,2.0,14,0.6666666666666666,14.0,3,0,0,0,0.0,17.0,0.0,-2.0,10.333333333333334,3.6666666666666665,9.929824561403509,7.333333333333333,0.5,0.4,19.0,0.0,
2022,4,Emilia Romagna Grand Prix,,Emilia Romagna Grand Prix,sainz,ferrari,4.0,,2.0,33.0,3,11.0,8.333333333333334,3,0,2,0,0.6666666666666666,20.0,0.0,-18.0,4.833333333333333,17.333333333333332,8.0,34.666666666666664,0.5,0.4,20.0,0.0,
2022,5,Miami Grand Prix,,Miami Grand Prix,max_verstappen,red_bull,3.0,,1.5,51.0,2,12.75,9.75,4,2,2,1,0.5,1.0,26.0,26.0,8.125,12.375,3.254385964912281,33.0,0.5,0.4,1.0,26.0,
2022,5,Miami Grand Prix,,Miami Grand Prix,leclerc,ferrari,1.0,,0.5,79.0,1,19.75,2.5,4,2,3,2,0.75,6.0,8.0,-18.0,6.875,14.0,6.517543859649122,-21.333333333333332,0.5,0.4,2.0,18.0,
2022,5,Miami Grand Prix,,Miami Grand Prix,sainz,ferrari,2.0,,1.0,33.0,5,8.25,11.25,4,0,2,0,0.5,20.0,0.0,-18.0,6.875,14.0,8.0,-21.333333333333332,0.5,0.4,3.0,15.0,
2022,5,Miami Grand Prix,,Miami Grand Prix,perez,red_bull,4.0,,2.0,48.0,4,12.0,6.5,4,0,2,1,0.5,2.0,18.0,18.0,8.125,12.375,7.166666666666667,33.0,0.5,0.4,4.0,12.0,
2022,5,Miami Grand Prix,,Miami Grand Prix,russell,mercedes,12.0,,6.0,49.0,3,12.25,4.0,4,0,1,0,0.25,4.0,12.0,0.0,5.75,9.625,7.587719298245614,-10.333333333333332,0.5,0.4,5.0,10.0,
2022,5,Miami Grand Prix,,Miami Grand Prix,hamilton,mercedes,6.0,,3.0,28.0,7,7.0,7.5,4,0,1,0,0.25,13.0,0.0,-15.0,5.75,9.625,6.271929824561403,-10.333333333333332,0.5,0.4,6.0,8.0,
2022,5,Miami Grand Prix,,Miami Grand Prix,bottas,alfa,5.0,,2.5,22.0,8,5.5,8.5,4,0,0,0,0.0,5.0,10.0,2.0,10.125,2.875,12.4,-4.333333333333333,0.5,0.4,7.0,6.0,
2022,5,Miami Grand Prix,,Miami Grand Prix,ocon,alpine,20.0,,10.0,20.0,9,5.0,8.5,4,0,0,0,0.0,14.0,0.0,-6.0,11.875,2.75,11.539823008849558,-3.333333333333333,0.5,0.4,8.0,4.0,
2022,5,Miami Grand Prix,,Miami Grand Prix,albon,williams,18.0,,9.0,1.0,18,0.25,12.0,4,0,0,0,0.0,11.0,0.0,0.0,14.25,0.125,12.956043956043956,0.3333333333333333,0.5,0.4,9.0,2.0,
2022,5,Miami Grand Prix,,Miami Grand Prix,stroll,aston_martin,,,,1.0,16,0.25,11.75,4,0,0,0,0.0,10.0,1.0,1.0,12.875,0.625,12.410714285714286,1.6666666666666667,0.5,0.4,10.0,1.0,
2022,5,Miami Grand Prix,,Miami Grand Prix,alonso,alpine,11.0,,5.5,2.0,15,0.5,15.25,4,0,0,0,0.0,19.0,0.0,-2.0,11.875,2.75,9.929824561403509,-3.333333333333333,0.5,0.4,11.0,0.0,
2022,5,Miami Grand Prix,,Miami Grand Prix,tsunoda,alphatauri,9.0,,4.5,10.0,11,2.5,12.25,4,0,0,0,0.0,7.0,6.0,2.0,12.25,2.0,13.324561403508772,0.0,0.5,0.4,12.0,0.0,
2022,5,Miami Grand Prix,,Miami Grand Prix,ricciardo,mclaren,14.0,,7.0,8.0,12,2.0,13.75,4,0,0,0,0.0,18.0,0.0,0.0,10.625,4.875,11.507246376811594,13.0,0.5,0.4,13.0,0.0,
2022,5,Miami Grand Prix,,Miami Grand Prix,latifi,williams,19.0,,9.5,0.0,21,0.0,16.5,4,0,0,0,0.0,16.0,0.0,0.0,14.25,0.125,15.886363636363637,0.3333333333333333,0.5,0.4,14.0,0.0,
2022,5,Miami Grand Prix,,Miami Grand Prix,mick_schumacher,haas,15.0,,7.5,0.0,19,0.0,13.666666666666666,4,0,0,0,0.0,17.0,0.0,0.0,11.142857142857142,1.75,15.55813953488372,-8.666666666666666,0.5,0.4,15.0,0.0,
2022,5,Miami Grand Prix,,Miami Grand Prix,kevin_magnussen,haas,16.0,,8.0,14.0,10,3.5,9.25,4,0,0,0,0.0,9.0,2.0,-8.0,11.142857142857142,1.75,14.363636363636363,-8.666666666666666,0.5,0.4,16.0,0.0,
2022,5,Miami Grand Prix,,Miami Grand Prix,vettel,aston_martin,,,,4.0,14,2.0,13.5,2,0,0,0,0.0,8.0,4.0,4.0,12.875,0.625,11.761904761904763,1.6666666666666667,0.5,0.4,17.0,0.0,
2022,5,Miami Grand Prix,,Miami Grand Prix,gasly,alphatauri,7.0,,3.5,6.0,13,1.5,12.25,4,0,0,0,0.0,12.0,0.0,0.0,12.25,2.0,12.052631578947368,0.0,0.5,0.4,18.0,0.0,
2022,5,Miami Grand Prix,,Miami Grand Prix,norris,mclaren,8.0,,4.0,31.0,6,7.75,7.5,4,0,1,0,0.25,3.0,15.0,15.0,10.625,4.875,6.385964912280702,13.0,0.5,0.4,19.0,0.0,
2022,5,Miami Grand Prix,,Miami Grand Prix,zhou,alfa,17.0,,8.5,1.0,17,0.25,11.75,4,0,0,0,0.0,15.0,0.0,-1.0,10.125,2.875,14.647058823529411,-4.333333333333333,0.5,0.4,20.0,0.0,
2022,6,Spanish Grand Prix,,Spanish Grand Prix,max_verstappen,red_bull,2.0,,1.2,77.0,2,15.4,8.0,5,3,3,1,0.6,1.0,26.0,26.0,7.0,13.7,3.254385964912281,14.833333333333336,0.4,0.4,1.0,25.0,
2022,6,Spanish Grand Prix,,Spanish Grand Prix,perez,red_bull,5.0,,3.0,60.0,3,12.0,6.0,5,0,2,1,0.4,4.0,12.0,12.0,7.0,13.7,7.166666666666667,14.833333333333336,0.4,0.4,2.0,19.0,
2022,6,Spanish Grand Prix,,Spanish Grand Prix,russell,mercedes,4.0,,2.4,59.0,4,11.8,4.2,5,0,1,0,0.2,5.0,10.0,-2.0,5.7,9.5,7.587719298245614,0.0,0.4,0.4,3.0,15.0,
2022,6,Spanish Grand Prix,,Spanish Grand Prix,sainz,ferrari,3.0,,1.7999999999999998,48.0,5,9.6,9.6,5,0,3,0,0.6,3.0,15.0,-3.0,6.0,14.5,8.0,-16.666666666666668,0.4,0.4,4.0,12.0,
2022,6,Spanish Grand Prix,,Spanish Grand Prix,hamilton,mercedes,6.0,,3.5999999999999996,36.0,6,7.2,7.2,5,0,1,0,0.2,6.0,8.0,-7.0,5.7,9.5,6.271929824561403,0.0,0.4,0.4,5.0,10.0,
2022,6,Spanish Grand Prix,,Spanish Grand Prix,bottas,alfa,7.0,,4.2,28.0,8,5.6,8.2,5,0,0,0,0.0,7.0,6.0,-2.0,10.8,2.9,12.4,2.166666666666667,0.4,0.4,6.0,8.0,
2022,6,Spanish Grand Prix,,Spanish Grand Prix,ocon,alpine,12.0,,7.199999999999999,24.0,9,4.8,8.4,5,0,0,0,0.0,8.0,4.0,-2.0,11.4,2.6,11.539823008849558,-4.666666666666666,0.4,0.4,7.0,6.0,
2022,6,Spanish Grand Prix,,Spanish Grand Prix,norris,mclaren,11.0,,6.6,31.0,7,6.2,9.8,5,0,1,0,0.2,19.0,0.0,0.0,11.7,3.9,6.385964912280702,8.0,0.4,0.4,8.0,4.0,
2022,6,Spanish Grand Prix,,Spanish Grand Prix,alonso,alpine,20.0,,12.0,2.0,17,0.4,14.4,5,0,0,0,0.0,11.0,0.0,-2.0,11.4,2.6,9.929824561403509,-4.666666666666666,0.4,0.4,9.0,2.0,
2022,6,Spanish Grand Prix,,Spanish Grand Prix,tsunoda,alphatauri,13.0,,7.8,10.0,11,2.0,12.2,5,0,0,0,0.0,12.0,0.0,-4.0,12.8,1.6,13.324561403508772,-1.3333333333333335,0.4,0.4,10.0,1.0,
2022,6,Spanish Grand Prix,,Spanish Grand Prix,vettel,aston_martin,16.0,,9.6,4.0,14,1.3333333333333333,14.666666666666666,3,0,0,0,0.0,17.0,0.0,0.0,13.0,0.6,11.761904761904763,2.0,0.4,0.4,11.0,0.0,
2022,6,Spanish Grand Prix,,Spanish Grand Prix,ricciardo,mclaren,9.0,,5.3999999999999995,8.0,12,1.6,13.6,5,0,0,0,0.0,13.0,0.0,0.0,11.7,3.9,11.507246376811594,8.0,0.4,0.4,12.0,0.0,
2022,6,Spanish Grand Prix,,Spanish Grand Prix,gasly,alphatauri,14.0,,8.4,6.0,13,1.2,13.4,5,0,0,0,0.0,18.0,0.0,0.0,12.8,1.6,12.052631578947368,-1.3333333333333335,0.4,0.4,13.0,0.0,
2022,6,Spanish Grand Prix,,Spanish Grand Prix,mick_schumacher,haas,10.0,,6.0,0.0,19,0.0,14.0,5,0,0,0,0.0,15.0,0.0,0.0,12.11111111111111,1.4,15.55813953488372,-5.333333333333333,0.4,0.4,14.0,0.0,
2022,6,Spanish Grand Prix,,Spanish Grand Prix,stroll,aston_martin,17.0,,10.2,2.0,16,0.4,11.4,5,0,0,0,0.0,10.0,1.0,1.0,13.0,0.6,12.410714285714286,2.0,0.4,0.4,15.0,0.0,
2022,6,Spanish Grand Prix,,Spanish Grand Prix,latifi,williams,19.0,,11.4,0.0,21,0.0,16.0,5,0,0,0,0.0,14.0,0.0,0.0,13.7,0.3,15.886363636363637,1.0,0.4,0.4,16.0,0.0,
2022,6,Spanish Grand Prix,,Spanish Grand Prix,kevin_magnussen,haas,8.0,,4.8,14.0,10,2.8,10.6,5,0,0,0,0.0,16.0,0.0,-10.0,12.11111111111111,1.4,14.363636363636363,-5.333333333333333,0.4,0.4,17.0,0.0,
2022,6,Spanish Grand Prix,,Spanish Grand Prix,albon,williams,18.0,,10.799999999999999,3.0,15,0.6,11.4,5,0,0,0,0.0,9.0,2.0,2.0,13.7,0.3,12.956043956043956,1.0,0.4,0.4,18.0,0.0,
2022,6,Spanish Grand Prix,,Spanish Grand Prix,zhou,alfa,15.0,,9.0,1.0,18,0.2,13.4,5,0,0,0,0.0,20.0,0.0,-1.0,10.8,2.9,14.647058823529411,2.166666666666667,0.4,0.4,19.0,0.0,
2022,6,Spanish Grand Prix,,Spanish Grand Prix,leclerc,ferrari,1.0,,0.6,97.0,1,19.4,2.4,5,2,4,3,0.8,2.0,18.0,-8.0,6.0,14.5,6.517543859649122,-16.666666666666668,0.4,0.4,20.0,0.0,
2022,7,Monaco Grand Prix,,Monaco Grand Prix,perez,red_bull,3.0,,2.4000000000000004,79.0,3,13.166666666666666,5.333333333333333,6,0,3,1,0.5,2.0,19.0,19.0,6.083333333333333,15.083333333333334,7.166666666666667,23.666666666666668,0.2,0.4,1.0,25.0,
2022,7,Monaco Grand Prix,,Monaco Grand Prix,sainz,ferrari,2.0,,1.6,60.0,5,10.0,8.666666666666666,6,0,3,0,0.5,4.0,12.0,-6.0,7.0,13.083333333333334,8.0,-16.999999999999996,0.2,0.4,2.0,18.0,
2022,7,Monaco Grand Prix,,Monaco Grand Prix,max_verstappen,red_bull,4.0,,3.2,102.0,1,17.0,6.833333333333333,6,4,4,1,0.6666666666666666,1.0,25.0,25.0,6.083333333333333,15.083333333333334,3.254385964912281,23.666666666666668,0.2,0.4,3.0,15.0,
2022,7,Monaco Grand Prix,,Monaco Grand Prix,leclerc,ferrari,1.0,,0.8,97.0,2,16.166666666666668,5.333333333333333,6,2,4,4,0.6666666666666666,20.0,0.0,-26.0,7.0,13.083333333333334,6.517543859649122,-16.999999999999996,0.2,0.4,4.0,12.0,
2022,7,Monaco Grand Prix,,Monaco Grand Prix,russell,mercedes,6.0,,4.800000000000001,74.0,4,12.333333333333334,4.0,6,0,2,0,0.3333333333333333,3.0,15.0,3.0,5.416666666666667,10.0,7.587719298245614,-3.3333333333333357,0.2,0.4,5.0,10.0,
2022,7,Monaco Grand Prix,,Monaco Grand Prix,norris,mclaren,5.0,,4.0,35.0,8,5.833333333333333,9.5,6,0,1,0,0.16666666666666666,8.0,4.0,4.0,11.416666666666666,3.5833333333333335,6.385964912280702,-1.666666666666667,0.2,0.4,6.0,9.0,
2022,7,Monaco Grand Prix,,Monaco Grand Prix,alonso,alpine,7.0,,5.6000000000000005,4.0,14,0.6666666666666666,13.5,6,0,0,0,0.0,9.0,2.0,0.0,10.833333333333334,2.8333333333333335,9.929824561403509,-3.333333333333333,0.2,0.4,7.0,6.0,
2022,7,Monaco Grand Prix,,Monaco Grand Prix,hamilton,mercedes,8.0,,6.4,46.0,6,7.666666666666667,6.833333333333333,6,0,1,0,0.16666666666666666,5.0,10.0,-5.0,5.416666666666667,10.0,6.271929824561403,-3.3333333333333357,0.2,0.4,8.0,4.0,
2022,7,Monaco Grand Prix,,Monaco Grand Prix,bottas,alfa,12.0,,9.600000000000001,36.0,7,6.0,7.833333333333333,6,0,0,0,0.0,6.0,8.0,0.0,11.083333333333334,3.0833333333333335,12.4,3.666666666666667,0.2,0.4,9.0,2.0,
2022,7,Monaco Grand Prix,,Monaco Grand Prix,vettel,aston_martin,9.0,,7.2,4.0,15,1.0,13.75,4,0,0,0,0.0,11.0,0.0,0.0,13.0,0.5,11.761904761904763,2.0,0.2,0.4,10.0,1.0,
2022,7,Monaco Grand Prix,,Monaco Grand Prix,gasly,alphatauri,17.0,,13.600000000000001,6.0,13,1.0,13.333333333333334,6,0,0,0,0.0,13.0,0.0,0.0,12.583333333333334,1.4166666666666667,12.052631578947368,-1.0,0.2,0.4,11.0,0.0,
2022,7,Monaco Grand Prix,,Monaco Grand Prix,ocon,alpine,10.0,,8.0,30.0,9,5.0,8.166666666666666,6,0,0,0,0.0,7.0,6.0,0.0,10.833333333333334,2.8333333333333335,11.539823008849558,-3.333333333333333,0.2,0.4,12.0,0.0,
2022,7,Monaco Grand Prix,,Monaco Grand Prix,ricciardo,mclaren,14.0,,11.200000000000001,8.0,12,1.3333333333333333,13.333333333333334,6,0,0,0,0.0,12.0,0.0,0.0,11.416666666666666,3.5833333333333335,11.507246376811594,-1.666666666666667,0.2,0.4,13.0,0.0,
2022,7,Monaco Grand Prix,,Monaco Grand Prix,stroll,aston_martin,18.0,,14.4,2.0,17,0.3333333333333333,12.0,6,0,0,0,0.0,15.0,0.0,0.0,13.0,0.5,12.410714285714286,2.0,0.2,0.4,14.0,0.0,
2022,7,Monaco Grand Prix,,Monaco Grand Prix,latifi,williams,19.0,,15.200000000000001,0.0,21,0.0,16.0,6,0,0,0,0.0,16.0,0.0,0.0,14.25,0.25,15.886363636363637,0.3333333333333333,0.2,0.4,15.0,0.0,
2022,7,Monaco Grand Prix,,Monaco Grand Prix,zhou,alfa,20.0,,16.0,1.0,18,0.16666666666666666,14.333333333333334,6,0,0,0,0.0,19.0,0.0,-1.0,11.083333333333334,3.0833333333333335,14.647058823529411,3.666666666666667,0.2,0.4,16.0,0.0,
2022,7,Monaco Grand Prix,,Monaco Grand Prix,tsunoda,alphatauri,11.0,,8.8,11.0,11,1.8333333333333333,11.833333333333334,6,0,0,0,0.0,10.0,1.0,-3.0,12.583333333333334,1.4166666666666667,13.324561403508772,-1.0,0.2,0.4,17.0,0.0,
2022,7,Monaco Grand Prix,,Monaco Grand Prix,albon,williams,16.0,,12.8,3.0,16,0.5,12.5,6,0,0,0,0.0,18.0,0.0,0.0,14.25,0.25,12.956043956043956,0.3333333333333333,0.2,0.4,18.0,0.0,
2022,7,Monaco Grand Prix,,Monaco Grand Prix,mick_schumacher,haas,15.0,,12.0,0.0,19,0.0,14.0,6,0,0,0,0.0,14.0,0.0,0.0,12.727272727272727,1.1666666666666667,15.55813953488372,-3.3333333333333335,0.2,0.4,19.0,0.0,
2022,7,Monaco Grand Prix,,Monaco Grand Prix,kevin_magnussen,haas,13.0,,10.4,14.0,10,2.3333333333333335,11.666666666666666,6,0,0,0,0.0,17.0,0.0,-10.0,12.727272727272727,1.1666666666666667,14.363636363636363,-3.3333333333333335,0.2,0.4,20.0,0.0,
2022,8,Azerbaijan Grand Prix,,Azerbaijan Grand Prix,max_verstappen,red_bull,3.0,,0.9000000000000001,117.0,1,16.714285714285715,6.285714285714286,7,4,5,1,0.7142857142857143,3.0,15.0,15.0,5.5,15.785714285714286,3.254385964912281,7.666666666666664,0.7,0.4,1.0,25.0,
2022,8,Azerbaijan Grand Prix,,Azerbaijan Grand Prix,perez,red_bull,2.0,,0.6000000000000001,104.0,3,14.857142857142858,4.714285714285714,7,1,4,1,0.5714285714285714,1.0,25.0,25.0,5.5,15.785714285714286,7.166666666666667,7.666666666666664,0.7,0.4,2.0,19.0,
2022,8,Azerbaijan Grand Prix,,Azerbaijan Grand Prix,russell,mercedes,5.0,,1.5000000000000002,84.0,4,12.0,4.142857142857143,7,0,2,0,0.2857142857142857,5.0,10.0,-2.0,5.571428571428571,9.571428571428571,7.587719298245614,2.333333333333332,0.7,0.4,3.0,15.0,
2022,8,Azerbaijan Grand Prix,,Azerbaijan Grand Prix,hamilton,mercedes,7.0,,2.1000000000000005,50.0,6,7.142857142857143,7.0,7,0,1,0,0.14285714285714285,8.0,4.0,-11.0,5.571428571428571,9.571428571428571,6.271929824561403,2.333333333333332,0.7,0.4,4.0,12.0,
2022,8,Azerbaijan Grand Prix,,Azerbaijan Grand Prix,gasly,alphatauri,6.0,,1.8000000000000003,6.0,14,0.8571428571428571,13.0,7,0,0,0,0.0,11.0,0.0,0.0,12.785714285714286,1.2142857142857142,12.052631578947368,-3.6666666666666665,0.7,0.4,5.0,10.0,
2022,8,Azerbaijan Grand Prix,,Azerbaijan Grand Prix,vettel,aston_martin,9.0,,2.7,5.0,15,1.0,13.0,5,0,0,0,0.0,10.0,1.0,1.0,12.857142857142858,0.5,11.761904761904763,-1.0,0.7,0.4,6.0,8.0,
2022,8,Azerbaijan Grand Prix,,Azerbaijan Grand Prix,alonso,alpine,10.0,,3.0000000000000004,10.0,12,1.4285714285714286,12.571428571428571,7,0,0,0,0.0,7.0,6.0,4.0,10.642857142857142,2.857142857142857,9.929824561403509,1.333333333333333,0.7,0.4,7.0,6.0,
2022,8,Azerbaijan Grand Prix,,Azerbaijan Grand Prix,ricciardo,mclaren,12.0,,3.6000000000000005,8.0,13,1.1428571428571428,13.285714285714286,7,0,0,0,0.0,13.0,0.0,0.0,11.142857142857142,3.7142857142857144,11.507246376811594,-8.666666666666668,0.7,0.4,8.0,4.0,
2022,8,Azerbaijan Grand Prix,,Azerbaijan Grand Prix,norris,mclaren,11.0,,3.3000000000000007,44.0,7,6.285714285714286,9.0,7,0,1,0,0.14285714285714285,6.0,9.0,9.0,11.142857142857142,3.7142857142857144,6.385964912280702,-8.666666666666668,0.7,0.4,9.0,2.0,
2022,8,Azerbaijan Grand Prix,,Azerbaijan Grand Prix,ocon,alpine,13.0,,3.9000000000000004,30.0,9,4.285714285714286,8.714285714285714,7,0,0,0,0.0,12.0,0.0,-6.0,10.642857142857142,2.857142857142857,11.539823008849558,1.333333333333333,0.7,0.4,10.0,1.0,
2022,8,Azerbaijan Grand Prix,,Azerbaijan Grand Prix,bottas,alfa,15.0,,4.500000000000001,38.0,8,5.428571428571429,8.0,7,0,0,0,0.0,9.0,2.0,-6.0,11.285714285714286,2.7857142857142856,12.4,0.6666666666666661,0.7,0.4,11.0,0.0,
2022,8,Azerbaijan Grand Prix,,Azerbaijan Grand Prix,albon,williams,17.0,,5.1000000000000005,3.0,16,0.42857142857142855,13.285714285714286,7,0,0,0,0.0,18.0,0.0,0.0,14.571428571428571,0.21428571428571427,12.956043956043956,0.3333333333333333,0.7,0.4,12.0,0.0,
2022,8,Azerbaijan Grand Prix,,Azerbaijan Grand Prix,tsunoda,alphatauri,8.0,,2.4000000000000004,11.0,11,1.5714285714285714,12.571428571428571,7,0,0,0,0.0,17.0,0.0,-4.0,12.785714285714286,1.2142857142857142,13.324561403508772,-3.6666666666666665,0.7,0.4,13.0,0.0,
2022,8,Azerbaijan Grand Prix,,Azerbaijan Grand Prix,mick_schumacher,haas,20.0,,6.000000000000001,0.0,20,0.0,14.833333333333334,7,0,0,0,0.0,19.0,0.0,0.0,13.76923076923077,1.0,15.55813953488372,-1.3333333333333333,0.7,0.4,14.0,0.0,
2022,8,Azerbaijan Grand Prix,,Azerbaijan Grand Prix,latifi,williams,18.0,,5.4,0.0,21,0.0,15.857142857142858,7,0,0,0,0.0,15.0,0.0,0.0,14.571428571428571,0.21428571428571427,15.886363636363637,0.3333333333333333,0.7,0.4,15.0,0.0,
2022,8,Azerbaijan Grand Prix,,Azerbaijan Grand Prix,stroll,aston_martin,19.0,,5.700000000000001,2.0,17,0.2857142857142857,12.285714285714286,7,0,0,0,0.0,14.0,0.0,0.0,12.857142857142858,0.5,12.410714285714286,-1.0,0.7,0.4,16.0,0.0,
2022,8,Azerbaijan Grand Prix,,Azerbaijan Grand Prix,kevin_magnussen,haas,16.0,,4.800000000000001,14.0,10,2.0,12.857142857142858,7,0,0,0,0.0,20.0,0.0,-10.0,13.76923076923077,1.0,14.363636363636363,-1.3333333333333333,0.7,0.4,17.0,0.0,
2022,8,Azerbaijan Grand Prix,,Azerbaijan Grand Prix,zhou,alfa,14.0,,4.200000000000001,1.0,18,0.14285714285714285,14.571428571428571,7,0,0,0,0.0,16.0,0.0,-1.0,11.285714285714286,2.7857142857142856,14.647058823529411,0.6666666666666661,0.7,0.4,18.0,0.0,
2022,8,Azerbaijan Grand Prix,,Azerbaijan Grand Prix,leclerc,ferrari,1.0,,0.30000000000000004,109.0,2,15.571428571428571,5.142857142857143,7,2,4,5,0.5714285714285714,4.0,12.0,-14.0,6.428571428571429,13.357142857142858,6.517543859649122,2.333333333333332,0.7,0.4,19.0,0.0,
2022,8,Azerbaijan Grand Prix,,Azerbaijan Grand Prix,sainz,ferrari,4.0,,1.2000000000000002,78.0,5,11.142857142857142,7.714285714285714,7,0,4,0,0.5714285714285714,2.0,18.0,0.0,6.428571428571429,13.357142857142858,8.0,2.333333333333332,0.7,0.4,20.0,0.0,
2022,9,Canadian Grand Prix,,Canadian Grand Prix,max_verstappen,red_bull,1.0,,0.30000000000000004,142.0,1,17.75,5.625,8,5,6,1,0.75,1.0,25.0,25.0,5.0,16.5625,3.254385964912281,9.333333333333329,0.7,0.4,1.0,25.0,
2022,9,Canadian Grand Prix,,Canadian Grand Prix,sainz,ferrari,3.0,,0.9000000000000001,78.0,5,9.75,9.25,8,0,4,0,0.5,20.0,0.0,-18.0,8.0625,11.6875,8.0,-8.333333333333332,0.7,0.4,2.0,19.0,
2022,9,Canadian Grand Prix,,Canadian Grand Prix,hamilton,mercedes,4.0,,1.2000000000000002,62.0,6,7.75,6.625,8,0,1,0,0.125,4.0,12.0,-3.0,5.3125,10.0625,6.271929824561403,3.0,0.7,0.4,3.0,15.0,
2022,9,Canadian Grand Prix,,Canadian Grand Prix,russell,mercedes,8.0,,2.4000000000000004,99.0,4,12.375,4.0,8,0,3,0,0.375,3.0,15.0,3.0,5.3125,10.0625,7.587719298245614,3.0,0.7,0.4,4.0,12.0,
2022,9,Canadian Grand Prix,,Canadian Grand Prix,leclerc,ferrari,19.0,,5.700000000000001,109.0,3,13.625,6.875,8,2,4,6,0.5,19.0,0.0,-26.0,8.0625,11.6875,6.517543859649122,-8.333333333333332,0.7,0.4,5.0,10.0,
2022,9,Canadian Grand Prix,,Canadian Grand Prix,ocon,alpine,7.0,,2.1000000000000005,31.0,9,3.875,8.875,8,0,0,0,0.0,10.0,1.0,-5.0,10.375,2.9375,11.539823008849558,3.6666666666666665,0.7,0.4,6.0,8.0,
2022,9,Canadian Grand Prix,,Canadian Grand Prix,bottas,alfa,11.0,,3.3000000000000007,38.0,8,4.75,8.375,8,0,0,0,0.0,11.0,0.0,-8.0,11.6875,2.4375,12.4,-3.3333333333333335,0.7,0.4,7.0,6.0,
2022,9,Canadian Grand Prix,,Canadian Grand Prix,zhou,alfa,10.0,,3.0000000000000004,1.0,18,0.125,15.0,8,0,0,0,0.0,18.0,0.0,-1.0,11.6875,2.4375,14.647058823529411,-3.3333333333333335,0.7,0.4,8.0,4.0,
2022,9,Canadian Grand Prix,,Canadian Grand Prix,alonso,alpine,2.0,,0.6000000000000001,16.0,10,2.0,11.875,8,0,0,0,0.0,7.0,6.0,4.0,10.375,2.9375,9.929824561403509,3.6666666666666665,0.7,0.4,9.0,2.0,
2022,9,Canadian Grand Prix,,Canadian Grand Prix,stroll,aston_martin,17.0,,5.1000000000000005,2.0,17,0.25,12.75,8,0,0,0,0.0,16.0,0.0,0.0,12.625,0.9375,12.410714285714286,1.0,0.7,0.4,10.0,1.0,
2022,9,Canadian Grand Prix,,Canadian Grand Prix,ricciardo,mclaren,9.0,,2.7,12.0,14,1.5,12.625,8,0,0,0,0.0,8.0,4.0,4.0,10.8125,3.625,11.507246376811594,-4.666666666666667,0.7,0.4,11.0,0.0,
2022,9,Canadian Grand Prix,,Canadian Grand Prix,vettel,aston_martin,16.0,,4.800000000000001,13.0,13,2.1666666666666665,11.833333333333334,6,0,0,0,0.0,6.0,8.0,8.0,12.625,0.9375,11.761904761904763,1.0,0.7,0.4,12.0,0.0,
2022,9,Canadian Grand Prix,,Canadian Grand Prix,albon,williams,12.0,,3.6000000000000005,3.0,16,0.375,13.125,8,0,0,0,0.0,12.0,0.0,0.0,14.4375,0.1875,12.956043956043956,-1.0,0.7,0.4,13.0,0.0,
2022,9,Canadian Grand Prix,,Canadian Grand Prix,gasly,alphatauri,15.0,,4.500000000000001,16.0,11,2.0,12.0,8,0,0,0,0.0,5.0,10.0,10.0,12.3125,1.6875,12.052631578947368,1.0,0.7,0.4,14.0,0.0,
2022,9,Canadian Grand Prix,,Canadian Grand Prix,norris,mclaren,14.0,,4.200000000000001,46.0,7,5.75,9.0,8,0,1,0,0.125,9.0,2.0,2.0,10.8125,3.625,6.385964912280702,-4.666666666666667,0.7,0.4,15.0,0.0,
2022,9,Canadian Grand Prix,,Canadian Grand Prix,latifi,williams,18.0,,5.4,0.0,21,0.0,15.75,8,0,0,0,0.0,15.0,0.0,0.0,14.4375,0.1875,15.886363636363637,-1.0,0.7,0.4,16.0,0.0,
2022,9,Canadian Grand Prix,,Canadian Grand Prix,kevin_magnussen,haas,5.0,,1.5000000000000002,14.0,12,1.75,13.375,8,0,0,0,0.0,17.0,0.0,-10.0,14.0,0.875,14.363636363636363,-0.6666666666666666,0.7,0.4,17.0,0.0,
2022,9,Canadian Grand Prix,,Canadian Grand Prix,tsunoda,alphatauri,20.0,,6.000000000000001,11.0,15,1.375,12.625,8,0,0,0,0.0,13.0,0.0,-4.0,12.3125,1.6875,13.324561403508772,1.0,0.7,0.4,18.0,0.0,
2022,9,Canadian Grand Prix,,Canadian Grand Prix,mick_schumacher,haas,6.0,,1.8000000000000003,0.0,20,0.0,14.714285714285714,8,0,0,0,0.0,14.0,0.0,0.0,14.0,0.875,15.55813953488372,-0.6666666666666666,0.7,0.4,19.0,0.0,
2022,9,Canadian Grand Prix,,Canadian Grand Prix,perez,red_bull,13.0,,3.9000000000000004,123.0,2,15.375,4.375,8,1,5,1,0.625,2.0,19.0,19.0,5.0,16.5625,7.166666666666667,9.333333333333329,0.7,0.4,20.0,0.0,
2022,10,British Grand Prix,,British Grand Prix,sainz,ferrari,1.0,,0.30000000000000004,97.0,5,10.777777777777779,8.444444444444445,9,0,5,0,0.5555555555555556,2.0,19.0,1.0,7.555555555555555,12.0,8.0,2.0,0.7,0.4,1.0,25.0,
2022,10,British Grand Prix,,British Grand Prix,perez,red_bull,4.0,,1.2000000000000002,123.0,2,13.666666666666666,6.111111111111111,9,1,5,1,0.5555555555555556,20.0,0.0,0.0,5.611111111111111,16.11111111111111,7.166666666666667,-5.666666666666664,0.7,0.4,2.0,18.0,
2022,10,British Grand Prix,,British Grand Prix,hamilton,mercedes,5.0,,1.5000000000000002,77.0,6,8.555555555555555,6.222222222222222,9,0,2,0,0.2222222222222222,3.0,15.0,0.0,5.111111111111111,10.444444444444445,6.271929824561403,4.333333333333336,0.7,0.4,3.0,16.0,
2022,10,British Grand Prix,,British Grand Prix,leclerc,ferrari,3.0,,0.9000000000000001,119.0,3,13.222222222222221,6.666666666666667,9,2,4,6,0.4444444444444444,5.0,10.0,-16.0,7.555555555555555,12.0,6.517543859649122,2.0,0.7,0.4,4.0,12.0,
2022,10,British Grand Prix,,British Grand Prix,alonso,alpine,7.0,,2.1000000000000005,18.0,10,2.0,11.555555555555555,9,0,0,0,0.0,9.0,2.0,0.0,10.055555555555555,3.1666666666666665,9.929824561403509,3.666666666666667,0.7,0.4,5.0,10.0,
2022,10,British Grand Prix,,British Grand Prix,norris,mclaren,6.0,,1.8000000000000003,46.0,7,5.111111111111111,9.666666666666666,9,0,1,0,0.1111111111111111,15.0,0.0,0.0,11.055555555555555,3.2222222222222223,6.385964912280702,-1.333333333333333,0.7,0.4,6.0,8.0,
2022,10,British Grand Prix,,British Grand Prix,max_verstappen,red_bull,2.0,,0.6000000000000001,167.0,1,18.555555555555557,5.111111111111111,9,6,7,2,0.7777777777777778,1.0,25.0,25.0,5.611111111111111,16.11111111111111,3.254385964912281,-5.666666666666664,0.7,0.4,7.0,6.0,
2022,10,British Grand Prix,,British Grand Prix,mick_schumacher,haas,19.0,,5.700000000000001,0.0,20,0.0,15.25,9,0,0,0,0.0,19.0,0.0,0.0,14.470588235294118,0.7777777777777778,15.55813953488372,-0.6666666666666666,0.7,0.4,8.0,4.0,
2022,10,British Grand Prix,,British Grand Prix,vettel,aston_martin,18.0,,5.4,13.0,13,1.8571428571428572,11.857142857142858,7,0,0,0,0.0,12.0,0.0,0.0,12.444444444444445,0.8888888888888888,11.761904761904763,1.3333333333333335,0.7,0.4,9.0,2.0,
2022,10,British Grand Prix,,British Grand Prix,kevin_magnussen,haas,17.0,,5.1000000000000005,14.0,12,1.5555555555555556,13.777777777777779,9,0,0,0,0.0,17.0,0.0,-10.0,14.470588235294118,0.7777777777777778,14.363636363636363,-0.6666666666666666,0.7,0.4,10.0,1.0,
2022,10,British Grand Prix,,British Grand Prix,stroll,aston_martin,20.0,,6.000000000000001,3.0,17,0.3333333333333333,12.444444444444445,9,0,0,0,0.0,10.0,1.0,1.0,12.444444444444445,0.8888888888888888,12.410714285714286,1.3333333333333335,0.7,0.4,11.0,0.0,
2022,10,British Grand Prix,,British Grand Prix,latifi,williams,10.0,,3.0000000000000004,0.0,21,0.0,15.777777777777779,9,0,0,0,0.0,16.0,0.0,0.0,14.444444444444445,0.16666666666666666,15.886363636363637,-0.6666666666666666,0.7,0.4,12.0,0.0,
2022,10,British Grand Prix,,British Grand Prix,ricciardo,mclaren,14.0,,4.200000000000001,12.0,14,1.3333333333333333,12.444444444444445,9,0,0,0,0.0,11.0,0.0,0.0,11.055555555555555,3.2222222222222223,11.507246376811594,-1.333333333333333,0.7,0.4,13.0,0.0,
2022,10,British Grand Prix,,British Grand Prix,tsunoda,alphatauri,13.0,,3.9000000000000004,11.0,15,1.2222222222222223,13.222222222222221,9,0,0,0,0.0,18.0,0.0,-4.0,12.722222222222221,1.5,13.324561403508772,1.0,0.7,0.4,14.0,0.0,
2022,10,British Grand Prix,,British Grand Prix,ocon,alpine,15.0,,4.500000000000001,39.0,9,4.333333333333333,8.555555555555555,9,0,0,0,0.0,6.0,8.0,2.0,10.055555555555555,3.1666666666666665,11.539823008849558,3.666666666666667,0.7,0.4,15.0,0.0,
2022,10,British Grand Prix,,British Grand Prix,gasly,alphatauri,11.0,,3.3000000000000007,16.0,11,1.7777777777777777,12.222222222222221,9,0,0,0,0.0,14.0,0.0,0.0,12.722222222222221,1.5,12.052631578947368,1.0,0.7,0.4,16.0,0.0,
2022,10,British Grand Prix,,British Grand Prix,bottas,alfa,12.0,,3.6000000000000005,44.0,8,4.888888888888889,8.222222222222221,9,0,0,0,0.0,7.0,6.0,-2.0,11.222222222222221,2.7222222222222223,12.4,-4.0,0.7,0.4,17.0,0.0,
2022,10,British Grand Prix,,British Grand Prix,russell,mercedes,8.0,,2.4000000000000004,111.0,4,12.333333333333334,4.0,9,0,3,0,0.3333333333333333,4.0,12.0,0.0,5.111111111111111,10.444444444444445,7.587719298245614,4.333333333333336,0.7,0.4,18.0,0.0,
2022,10,British Grand Prix,,British Grand Prix,zhou,alfa,9.0,,2.7,5.0,16,0.5555555555555556,14.222222222222221,9,0,0,0,0.0,8.0,4.0,3.0,11.222222222222221,2.7222222222222223,14.647058823529411,-4.0,0.7,0.4,19.0,0.0,
2022,10,British Grand Prix,,British Grand Prix,albon,williams,16.0,,4.800000000000001,3.0,18,0.3333333333333333,13.11111111111111,9,0,0,0,0.0,13.0,0.0,0.0,14.444444444444445,0.16666666666666666,12.956043956043956,-0.6666666666666666,0.7,0.4,20.0,0.0,
2022,11,Austrian Grand Prix,,Austrian Grand Prix,leclerc,ferrari,2.0,,0.8,131.0,3,13.1,6.4,10,2,4,6,0.4,4.0,12.0,-14.0,7.05,12.65,6.517543859649122,-3.0,0.6,0.4,1.0,25.0,
2022,11,Austrian Grand Prix,,Austrian Grand Prix,max_verstappen,red_bull,1.0,,0.4,173.0,1,17.3,5.3,10,6,7,2,0.7,7.0,6.0,6.0,5.5,15.7,3.254385964912281,-9.666666666666664,0.6,0.4,2.0,19.0,
2022,11,Austrian Grand Prix,,Austrian Grand Prix,hamilton,mercedes,8.0,,3.2,93.0,6,9.3,5.9,10,0,3,0,0.3,3.0,16.0,1.0,5.65,10.2,6.271929824561403,4.333333333333332,0.6,0.4,3.0,15.0,
2022,11,Austrian Grand Prix,,Austrian Grand Prix,russell,mercedes,4.0,,1.6,111.0,5,11.1,5.4,10,0,3,0,0.3,18.0,0.0,-12.0,5.65,10.2,7.587719298245614,4.333333333333332,0.6,0.4,4.0,12.0,
2022,11,Austrian Grand Prix,,Austrian Grand Prix,ocon,alpine,6.0,,2.4000000000000004,39.0,9,3.9,9.2,10,0,0,0,0.0,15.0,0.0,-6.0,10.05,3.35,11.539823008849558,3.0,0.6,0.4,5.0,10.0,
2022,11,Austrian Grand Prix,,Austrian Grand Prix,mick_schumacher,haas,9.0,,3.6,4.0,17,0.4,14.444444444444445,10,0,0,0,0.0,8.0,4.0,4.0,13.894736842105264,0.95,15.55813953488372,1.6666666666666667,0.6,0.4,6.0,8.0,
2022,11,Austrian Grand Prix,,Austrian Grand Prix,norris,mclaren,10.0,,4.0,54.0,7,5.4,9.3,10,0,1,0,0.1,6.0,8.0,8.0,10.9,3.3,6.385964912280702,0.3333333333333339,0.6,0.4,7.0,6.0,
2022,11,Austrian Grand Prix,,Austrian Grand Prix,kevin_magnussen,haas,7.0,,2.8000000000000003,15.0,13,1.5,13.4,10,0,0,0,0.0,10.0,1.0,-9.0,13.894736842105264,0.95,14.363636363636363,1.6666666666666667,0.6,0.4,8.0,4.0,
2022,11,Austrian Grand Prix,,Austrian Grand Prix,ricciardo,mclaren,11.0,,4.4,12.0,14,1.2,12.5,10,0,0,0,0.0,13.0,0.0,0.0,10.9,3.3,11.507246376811594,0.3333333333333339,0.6,0.4,9.0,2.0,
2022,11,Austrian Grand Prix,,Austrian Grand Prix,alonso,alpine,19.0,,7.6000000000000005,28.0,10,2.8,10.9,10,0,0,0,0.0,5.0,10.0,8.0,10.05,3.35,9.929824561403509,3.0,0.6,0.4,10.0,1.0,
2022,11,Austrian Grand Prix,,Austrian Grand Prix,bottas,alfa,,,,44.0,8,4.4,9.1,10,0,0,0,0.0,17.0,0.0,-8.0,11.9,2.45,12.4,-1.9999999999999996,0.6,0.4,11.0,0.0,
2022,11,Austrian Grand Prix,,Austrian Grand Prix,albon,williams,15.0,,6.0,3.0,19,0.3,13.8,10,0,0,0,0.0,20.0,0.0,0.0,14.6,0.15,12.956043956043956,-0.6666666666666666,0.6,0.4,12.0,0.0,
2022,11,Austrian Grand Prix,,Austrian Grand Prix,stroll,aston_martin,12.0,,4.800000000000001,3.0,18,0.3,12.3,10,0,0,0,0.0,11.0,0.0,0.0,12.2,0.9,12.410714285714286,3.0,0.6,0.4,13.0,0.0,
2022,11,Austrian Grand Prix,,Austrian Grand Prix,zhou,alfa,13.0,,5.2,5.0,16,0.5,14.7,10,0,0,0,0.0,19.0,0.0,-1.0,11.9,2.45,14.647058823529411,-1.9999999999999996,0.6,0.4,14.0,0.0,
2022,11,Austrian Grand Prix,,Austrian Grand Prix,gasly,alphatauri,14.0,,5.6000000000000005,16.0,11,1.6,12.6,10,0,0,0,0.0,16.0,0.0,0.0,12.95,1.35,12.052631578947368,3.0,0.6,0.4,15.0,0.0,
2022,11,Austrian Grand Prix,,Austrian Grand Prix,tsunoda,alphatauri,16.0,,6.4,11.0,15,1.1,13.3,10,0,0,0,0.0,14.0,0.0,-4.0,12.95,1.35,13.324561403508772,3.0,0.6,0.4,16.0,0.0,
2022,11,Austrian Grand Prix,,Austrian Grand Prix,vettel,aston_martin,18.0,,7.2,15.0,12,1.875,11.5,8,0,0,0,0.0,9.0,2.0,2.0,12.2,0.9,11.761904761904763,3.0,0.6,0.4,17.0,0.0,
2022,11,Austrian Grand Prix,,Austrian Grand Prix,sainz,ferrari,3.0,,1.2000000000000002,122.0,4,12.2,7.7,10,1,6,1,0.6,1.0,25.0,7.0,7.05,12.65,8.0,-3.0,0.6,0.4,18.0,0.0,
2022,11,Austrian Grand Prix,,Austrian Grand Prix,latifi,williams,17.0,,6.800000000000001,0.0,21,0.0,15.4,10,0,0,0,0.0,12.0,0.0,0.0,14.6,0.15,15.886363636363637,-0.6666666666666666,0.6,0.4,19.0,0.0,
2022,11,Austrian Grand Prix,,Austrian Grand Prix,perez,red_bull,5.0,,2.0,141.0,2,14.1,5.7,10,1,6,1,0.6,2.0,18.0,18.0,5.5,15.7,7.166666666666667,-9.666666666666664,0.6,0.4,20.0,0.0,
2022,12,French Grand Prix,,French Grand Prix,max_verstappen,red_bull,2.0,,1.0,192.0,1,17.454545454545453,5.0,11,6,8,3,0.7272727272727273,2.0,19.0,19.0,6.0,15.136363636363637,3.254385964912281,-19.999999999999996,0.5,0.4,1.0,25.0,
2022,12,French Grand Prix,,French Grand Prix,hamilton,mercedes,4.0,,2.0,108.0,6,9.818181818181818,5.636363636363637,11,0,4,0,0.36363636363636365,3.0,15.0,0.0,5.454545454545454,10.5,6.271929824561403,1.3333333333333321,0.5,0.4,2.0,18.0,
2022,12,French Grand Prix,,French Grand Prix,russell,mercedes,6.0,,3.0,123.0,4,11.181818181818182,5.2727272727272725,11,0,3,0,0.2727272727272727,4.0,12.0,0.0,5.454545454545454,10.5,7.587719298245614,1.3333333333333321,0.5,0.4,3.0,15.0,
2022,12,French Grand Prix,,French Grand Prix,perez,red_bull,3.0,,1.5,141.0,3,12.818181818181818,7.0,11,1,6,1,0.5454545454545454,20.0,0.0,0.0,6.0,15.136363636363637,7.166666666666667,-19.999999999999996,0.5,0.4,4.0,12.0,
2022,12,French Grand Prix,,French Grand Prix,sainz,ferrari,19.0,,9.5,122.0,5,11.090909090909092,8.636363636363637,11,1,6,1,0.5454545454545454,18.0,0.0,-18.0,7.2727272727272725,12.636363636363637,8.0,16.333333333333332,0.5,0.4,5.0,11.0,
2022,12,French Grand Prix,,French Grand Prix,alonso,alpine,7.0,,3.5,29.0,10,2.6363636363636362,10.818181818181818,11,0,0,0,0.0,10.0,1.0,-1.0,9.818181818181818,3.5454545454545454,9.929824561403509,3.333333333333334,0.5,0.4,6.0,8.0,
2022,12,French Grand Prix,,French Grand Prix,norris,mclaren,5.0,,2.5,60.0,7,5.454545454545454,9.090909090909092,11,0,1,0,0.09090909090909091,7.0,6.0,6.0,10.636363636363637,3.3636363636363638,6.385964912280702,-1.0,0.5,0.4,7.0,6.0,
2022,12,French Grand Prix,,French Grand Prix,ocon,alpine,10.0,,5.0,49.0,8,4.454545454545454,8.818181818181818,11,0,0,0,0.0,5.0,10.0,4.0,9.818181818181818,3.5454545454545454,11.539823008849558,3.333333333333334,0.5,0.4,8.0,4.0,
2022,12,French Grand Prix,,French Grand Prix,ricciardo,mclaren,9.0,,4.5,14.0,14,1.2727272727272727,12.181818181818182,11,0,0,0,0.0,9.0,2.0,2.0,10.636363636363637,3.3636363636363638,11.507246376811594,-1.0,0.5,0.4,9.0,2.0,
2022,12,French Grand Prix,,French Grand Prix,stroll,aston_martin,15.0,,7.5,3.0,18,0.2727272727272727,12.363636363636363,11,0,0,0,0.0,13.0,0.0,0.0,12.454545454545455,0.8181818181818182,12.410714285714286,-2.0,0.5,0.4,10.0,1.0,
2022,12,French Grand Prix,,French Grand Prix,vettel,aston_martin,12.0,,6.0,15.0,13,1.6666666666666667,12.11111111111111,9,0,0,0,0.0,17.0,0.0,0.0,12.454545454545455,0.8181818181818182,11.761904761904763,-2.0,0.5,0.4,11.0,0.0,
2022,12,French Grand Prix,,French Grand Prix,gasly,alphatauri,14.0,,7.0,16.0,12,1.4545454545454546,12.818181818181818,11,0,0,0,0.0,15.0,0.0,0.0,13.181818181818182,1.2272727272727273,12.052631578947368,-3.6666666666666665,0.5,0.4,12.0,0.0,
2022,12,French Grand Prix,,French Grand Prix,albon,williams,13.0,,6.5,3.0,19,0.2727272727272727,13.636363636363637,11,0,0,0,0.0,12.0,0.0,0.0,14.681818181818182,0.13636363636363635,12.956043956043956,0.0,0.5,0.4,13.0,0.0,
2022,12,French Grand Prix,,French Grand Prix,bottas,alfa,11.0,,5.5,44.0,9,4.0,9.272727272727273,11,0,0,0,0.0,11.0,0.0,-8.0,11.954545454545455,2.227272727272727,12.4,0.0,0.5,0.4,14.0,0.0,
2022,12,French Grand Prix,,French Grand Prix,mick_schumacher,haas,17.0,,8.5,12.0,15,1.0909090909090908,13.6,11,0,0,0,0.0,6.0,8.0,8.0,13.238095238095237,1.4090909090909092,15.55813953488372,5.666666666666667,0.5,0.4,15.0,0.0,
2022,12,French Grand Prix,,French Grand Prix,zhou,alfa,16.0,,8.0,5.0,17,0.45454545454545453,14.636363636363637,11,0,0,0,0.0,14.0,0.0,-1.0,11.954545454545455,2.227272727272727,14.647058823529411,0.0,0.5,0.4,16.0,0.0,
2022,12,French Grand Prix,,French Grand Prix,latifi,williams,18.0,,9.0,0.0,21,0.0,15.727272727272727,11,0,0,0,0.0,19.0,0.0,0.0,14.681818181818182,0.13636363636363635,15.886363636363637,0.0,0.5,0.4,17.0,0.0,
2022,12,French Grand Prix,,French Grand Prix,kevin_magnussen,haas,20.0,,10.0,19.0,11,1.7272727272727273,12.909090909090908,11,0,0,0,0.0,8.0,4.0,-6.0,13.238095238095237,1.4090909090909092,14.363636363636363,5.666666666666667,0.5,0.4,18.0,0.0,
2022,12,French Grand Prix,,French Grand Prix,leclerc,ferrari,1.0,,0.5,156.0,2,14.181818181818182,5.909090909090909,11,3,5,6,0.45454545454545453,1.0,25.0,-1.0,7.2727272727272725,12.636363636363637,6.517543859649122,16.333333333333332,0.5,0.4,19.0,0.0,
2022,12,French Grand Prix,,French Grand Prix,tsunoda,alphatauri,8.0,,4.0,11.0,16,1.0,13.545454545454545,11,0,0,0,0.0,16.0,0.0,-4.0,13.181818181818182,1.2272727272727273,13.324561403508772,-3.6666666666666665,0.5,0.4,20.0,0.0,
2022,13,Hungarian Grand Prix,,Hungarian Grand Prix,max_verstappen,red_bull,10.0,,7.0,217.0,1,18.083333333333332,4.666666666666667,12,7,9,3,0.75,1.0,25.0,25.0,5.708333333333333,15.416666666666666,3.254385964912281,-9.666666666666668,0.3,0.4,1.0,25.0,
2022,13,Hungarian Grand Prix,,Hungarian Grand Prix,hamilton,mercedes,7.0,,4.8999999999999995,126.0,6,10.5,5.333333333333333,12,0,5,0,0.4166666666666667,2.0,18.0,3.0,5.208333333333333,11.0,6.271929824561403,2.6666666666666643,0.3,0.4,2.0,19.0,
2022,13,Hungarian Grand Prix,,Hungarian Grand Prix,russell,mercedes,1.0,,0.7,138.0,4,11.5,5.083333333333333,12,0,4,0,0.3333333333333333,3.0,15.0,3.0,5.208333333333333,11.0,7.587719298245614,2.6666666666666643,0.3,0.4,3.0,15.0,
2022,13,Hungarian Grand Prix,,Hungarian Grand Prix,sainz,ferrari,2.0,,1.4,133.0,5,11.083333333333334,8.333333333333334,12,1,6,1,0.5,5.0,11.0,-7.0,7.666666666666667,12.041666666666666,8.0,4.666666666666664,0.3,0.4,4.0,12.0,
2022,13,Hungarian Grand Prix,,Hungarian Grand Prix,perez,red_bull,11.0,,7.699999999999999,153.0,3,12.75,6.75,12,1,6,1,0.5,4.0,12.0,12.0,5.708333333333333,15.416666666666666,7.166666666666667,-9.666666666666668,0.3,0.4,5.0,10.0,
2022,13,Hungarian Grand Prix,,Hungarian Grand Prix,leclerc,ferrari,3.0,,2.0999999999999996,156.0,2,13.0,7.0,12,3,5,7,0.4166666666666667,19.0,0.0,-26.0,7.666666666666667,12.041666666666666,6.517543859649122,4.666666666666664,0.3,0.4,6.0,8.0,
2022,13,Hungarian Grand Prix,,Hungarian Grand Prix,norris,mclaren,4.0,,2.8,66.0,7,5.5,8.916666666666666,12,0,1,0,0.08333333333333333,7.0,6.0,6.0,10.416666666666666,3.4166666666666665,6.385964912280702,3.0,0.3,0.4,7.0,6.0,
2022,13,Hungarian Grand Prix,,Hungarian Grand Prix,alonso,alpine,6.0,,4.199999999999999,37.0,10,3.0833333333333335,10.416666666666666,12,0,0,0,0.0,6.0,8.0,6.0,9.583333333333334,3.75,9.929824561403509,3.333333333333333,0.3,0.4,8.0,4.0,
2022,13,Hungarian Grand Prix,,Hungarian Grand Prix,ocon,alpine,5.0,,3.5,53.0,8,4.416666666666667,8.75,12,0,0,0,0.0,8.0,4.0,-2.0,9.583333333333334,3.75,11.539823008849558,3.333333333333333,0.3,0.4,9.0,2.0,
2022,13,Hungarian Grand Prix,,Hungarian Grand Prix,vettel,aston_martin,18.0,,12.6,15.0,14,1.5,12.0,10,0,0,0,0.0,11.0,0.0,0.0,12.291666666666666,0.7916666666666666,11.761904761904763,-2.3333333333333335,0.3,0.4,10.0,1.0,
2022,13,Hungarian Grand Prix,,Hungarian Grand Prix,stroll,aston_martin,14.0,,9.799999999999999,4.0,18,0.3333333333333333,12.166666666666666,12,0,0,0,0.0,10.0,1.0,1.0,12.291666666666666,0.7916666666666666,12.410714285714286,-2.3333333333333335,0.3,0.4,11.0,0.0,
2022,13,Hungarian Grand Prix,,Hungarian Grand Prix,gasly,alphatauri,,,,16.0,13,1.3333333333333333,12.75,12,0,0,0,0.0,12.0,0.0,0.0,13.416666666666666,1.125,12.052631578947368,-3.3333333333333335,0.3,0.4,12.0,0.0,
2022,13,Hungarian Grand Prix,,Hungarian Grand Prix,zhou,alfa,12.0,,8.399999999999999,5.0,17,0.4166666666666667,14.75,12,0,0,0,0.0,16.0,0.0,-1.0,12.208333333333334,2.0416666666666665,14.647058823529411,-4.0,0.3,0.4,13.0,0.0,
2022,13,Hungarian Grand Prix,,Hungarian Grand Prix,mick_schumacher,haas,15.0,,10.5,12.0,15,1.0,13.727272727272727,12,0,0,0,0.0,15.0,0.0,0.0,13.521739130434783,1.2916666666666667,15.55813953488372,5.666666666666667,0.3,0.4,14.0,0.0,
2022,13,Hungarian Grand Prix,,Hungarian Grand Prix,ricciardo,mclaren,9.0,,6.3,16.0,12,1.3333333333333333,11.916666666666666,12,0,0,0,0.0,9.0,2.0,2.0,10.416666666666666,3.4166666666666665,11.507246376811594,3.0,0.3,0.4,15.0,0.0,
2022,13,Hungarian Grand Prix,,Hungarian Grand Prix,kevin_magnussen,haas,13.0,,9.1,19.0,11,1.5833333333333333,13.333333333333334,12,0,0,0,0.0,18.0,0.0,-10.0,13.521739130434783,1.2916666666666667,14.363636363636363,5.666666666666667,0.3,0.4,16.0,0.0,
2022,13,Hungarian Grand Prix,,Hungarian Grand Prix,albon,williams,17.0,,11.899999999999999,3.0,19,0.25,13.583333333333334,12,0,0,0,0.0,13.0,0.0,0.0,14.708333333333334,0.125,12.956043956043956,0.0,0.3,0.4,17.0,0.0,
2022,13,Hungarian Grand Prix,,Hungarian Grand Prix,latifi,williams,19.0,,13.299999999999999,0.0,21,0.0,15.833333333333334,12,0,0,0,0.0,17.0,0.0,0.0,14.708333333333334,0.125,15.886363636363637,0.0,0.3,0.4,18.0,0.0,
2022,13,Hungarian Grand Prix,,Hungarian Grand Prix,tsunoda,alphatauri,16.0,,11.2,11.0,16,0.9166666666666666,14.083333333333334,12,0,0,0,0.0,20.0,0.0,-4.0,13.416666666666666,1.125,13.324561403508772,-3.3333333333333335,0.3,0.4,19.0,0.0,
2022,13,Hungarian Grand Prix,,Hungarian Grand Prix,bottas,alfa,8.0,,5.6,44.0,9,3.6666666666666665,9.666666666666666,12,0,0,0,0.0,14.0,0.0,-8.0,12.208333333333334,2.0416666666666665,12.4,-4.0,0.3,0.4,20.0,0.0,
2022,14,Belgian Grand Prix,,Belgian Grand Prix,max_verstappen,red_bull,14.0,,2.7999999999999994,242.0,1,18.615384615384617,4.384615384615385,13,8,10,3,0.7692307692307693,1.0,25.0,25.0,5.5,15.576923076923077,3.254385964912281,-0.6666666666666679,0.8,0.4,1.0,26.0,
2022,14,Belgian Grand Prix,,Belgian Grand Prix,perez,red_bull,2.0,,0.3999999999999999,163.0,3,12.538461538461538,6.615384615384615,13,1,6,1,0.46153846153846156,5.0,10.0,10.0,5.5,15.576923076923077,7.166666666666667,-0.6666666666666679,0.8,0.4,2.0,18.0,
2022,14,Belgian Grand Prix,,Belgian Grand Prix,sainz,ferrari,1.0,,0.19999999999999996,145.0,5,11.153846153846153,8.0,13,1,6,1,0.46153846153846156,4.0,12.0,-6.0,7.461538461538462,11.884615384615385,8.0,-3.333333333333332,0.8,0.4,3.0,15.0,
2022,14,Belgian Grand Prix,,Belgian Grand Prix,russell,mercedes,5.0,,0.9999999999999998,153.0,4,11.76923076923077,4.923076923076923,13,0,5,1,0.38461538461538464,3.0,15.0,3.0,5.0,11.461538461538462,7.587719298245614,8.0,0.8,0.4,4.0,12.0,
2022,14,Belgian Grand Prix,,Belgian Grand Prix,alonso,alpine,3.0,,0.5999999999999999,41.0,10,3.1538461538461537,10.23076923076923,13,0,0,0,0.0,8.0,4.0,2.0,9.5,3.6923076923076925,9.929824561403509,0.6666666666666661,0.8,0.4,5.0,10.0,
2022,14,Belgian Grand Prix,,Belgian Grand Prix,leclerc,ferrari,15.0,,2.999999999999999,164.0,2,12.615384615384615,6.923076923076923,13,3,5,7,0.38461538461538464,6.0,8.0,-18.0,7.461538461538462,11.884615384615385,6.517543859649122,-3.333333333333332,0.8,0.4,6.0,8.0,
2022,14,Belgian Grand Prix,,Belgian Grand Prix,ocon,alpine,16.0,,3.1999999999999993,55.0,8,4.230769230769231,8.76923076923077,13,0,0,0,0.0,9.0,2.0,-4.0,9.5,3.6923076923076925,11.539823008849558,0.6666666666666661,0.8,0.4,7.0,6.0,
2022,14,Belgian Grand Prix,,Belgian Grand Prix,vettel,aston_martin,10.0,,1.9999999999999996,16.0,12,1.4545454545454546,11.818181818181818,11,0,0,0,0.0,10.0,1.0,1.0,12.153846153846153,0.7692307692307693,11.761904761904763,-3.0,0.8,0.4,8.0,4.0,
2022,14,Belgian Grand Prix,,Belgian Grand Prix,gasly,alphatauri,,,,16.0,14,1.2307692307692308,12.692307692307692,13,0,0,0,0.0,12.0,0.0,0.0,13.576923076923077,1.0384615384615385,12.052631578947368,-3.3333333333333335,0.8,0.4,9.0,2.0,
2022,14,Belgian Grand Prix,,Belgian Grand Prix,albon,williams,6.0,,1.1999999999999997,3.0,19,0.23076923076923078,13.846153846153847,13,0,0,0,0.0,17.0,0.0,0.0,14.923076923076923,0.11538461538461539,12.956043956043956,0.0,0.8,0.4,10.0,1.0,
2022,14,Belgian Grand Prix,,Belgian Grand Prix,stroll,aston_martin,9.0,,1.7999999999999996,4.0,18,0.3076923076923077,12.076923076923077,13,0,0,0,0.0,11.0,0.0,0.0,12.153846153846153,0.7692307692307693,12.410714285714286,-3.0,0.8,0.4,11.0,0.0,
2022,14,Belgian Grand Prix,,Belgian Grand Prix,norris,mclaren,17.0,,3.3999999999999995,72.0,7,5.538461538461538,8.76923076923077,13,0,1,0,0.07692307692307693,7.0,6.0,6.0,10.461538461538462,3.3846153846153846,6.385964912280702,2.666666666666666,0.8,0.4,12.0,0.0,
2022,14,Belgian Grand Prix,,Belgian Grand Prix,tsunoda,alphatauri,,,,11.0,16,0.8461538461538461,14.461538461538462,13,0,0,0,0.0,19.0,0.0,-4.0,13.576923076923077,1.0384615384615385,13.324561403508772,-3.3333333333333335,0.8,0.4,13.0,0.0,
2022,14,Belgian Grand Prix,,Belgian Grand Prix,zhou,alfa,18.0,,3.599999999999999,5.0,17,0.38461538461538464,14.615384615384615,13,0,0,0,0.0,13.0,0.0,-1.0,12.538461538461538,1.8846153846153846,14.647058823529411,-3.3333333333333335,0.8,0.4,14.0,0.0,
2022,14,Belgian Grand Prix,,Belgian Grand Prix,ricciardo,mclaren,7.0,,1.3999999999999997,16.0,13,1.2307692307692308,12.153846153846153,13,0,0,0,0.0,15.0,0.0,0.0,10.461538461538462,3.3846153846153846,11.507246376811594,2.666666666666666,0.8,0.4,15.0,0.0,
2022,14,Belgian Grand Prix,,Belgian Grand Prix,kevin_magnussen,haas,12.0,,2.3999999999999995,19.0,11,1.4615384615384615,13.538461538461538,13,0,0,0,0.0,16.0,0.0,-10.0,13.64,1.1923076923076923,14.363636363636363,2.333333333333333,0.8,0.4,16.0,0.0,
2022,14,Belgian Grand Prix,,Belgian Grand Prix,mick_schumacher,haas,19.0,,3.799999999999999,12.0,15,0.9230769230769231,13.75,13,0,0,0,0.0,14.0,0.0,0.0,13.64,1.1923076923076923,15.55813953488372,2.333333333333333,0.8,0.4,17.0,0.0,
2022,14,Belgian Grand Prix,,Belgian Grand Prix,latifi,williams,11.0,,2.1999999999999993,0.0,21,0.0,16.0,13,0,0,0,0.0,18.0,0.0,0.0,14.923076923076923,0.11538461538461539,15.886363636363637,0.0,0.8,0.4,18.0,0.0,
2022,14,Belgian Grand Prix,,Belgian Grand Prix,bottas,alfa,13.0,,2.5999999999999996,44.0,9,3.3846153846153846,10.461538461538462,13,0,0,0,0.0,20.0,0.0,-8.0,12.538461538461538,1.8846153846153846,12.4,-3.3333333333333335,0.8,0.4,19.0,0.0,
2022,14,Belgian Grand Prix,,Belgian Grand Prix,hamilton,mercedes,4.0,,0.7999999999999998,145.0,6,11.153846153846153,5.076923076923077,13,0,6,0,0.46153846153846156,2.0,19.0,4.0,5.0,11.461538461538462,6.271929824561403,8.0,0.8,0.4,20.0,0.0,
2022,15,Dutch Grand Prix,,Dutch Grand Prix,max_verstappen,red_bull,1.0,,0.7,268.0,1,19.142857142857142,4.142857142857143,14,9,11,3,0.7857142857142857,1.0,26.0,26.0,5.214285714285714,16.035714285714285,3.254385964912281,15.999999999999996,0.3,0.4,1.0,26.0,
2022,15,Dutch Grand Prix,,Dutch Grand Prix,russell,mercedes,6.0,,4.199999999999999,165.0,4,11.785714285714286,4.857142857142857,14,0,5,1,0.35714285714285715,4.0,12.0,0.0,5.5,11.071428571428571,7.587719298245614,3.0,0.3,0.4,2.0,18.0,
2022,15,Dutch Grand Prix,,Dutch Grand Prix,leclerc,ferrari,2.0,,1.4,172.0,3,12.285714285714286,6.857142857142857,14,3,5,7,0.35714285714285715,6.0,8.0,-18.0,7.25,11.857142857142858,6.517543859649122,-12.333333333333332,0.3,0.4,3.0,15.0,
2022,15,Dutch Grand Prix,,Dutch Grand Prix,hamilton,mercedes,4.0,,2.8,145.0,6,10.357142857142858,6.142857142857143,14,0,6,0,0.42857142857142855,20.0,0.0,-15.0,5.5,11.071428571428571,6.271929824561403,3.0,0.3,0.4,4.0,12.0,
2022,15,Dutch Grand Prix,,Dutch Grand Prix,perez,red_bull,5.0,,3.5,181.0,2,12.928571428571429,6.285714285714286,14,1,7,1,0.5,2.0,18.0,18.0,5.214285714285714,16.035714285714285,7.166666666666667,15.999999999999996,0.3,0.4,5.0,10.0,
2022,15,Dutch Grand Prix,,Dutch Grand Prix,alonso,alpine,13.0,,9.1,51.0,9,3.642857142857143,9.857142857142858,14,0,0,0,0.0,5.0,10.0,8.0,9.25,4.0,9.929824561403509,1.0,0.3,0.4,6.0,8.0,
2022,15,Dutch Grand Prix,,Dutch Grand Prix,norris,mclaren,7.0,,4.8999999999999995,72.0,7,5.142857142857143,9.0,14,0,1,0,0.07142857142857142,12.0,0.0,0.0,10.678571428571429,3.142857142857143,6.385964912280702,-0.6666666666666661,0.3,0.4,7.0,6.0,
2022,15,Dutch Grand Prix,,Dutch Grand Prix,sainz,ferrari,3.0,,2.0999999999999996,160.0,5,11.428571428571429,7.642857142857143,14,1,7,2,0.5,3.0,15.0,-3.0,7.25,11.857142857142858,8.0,-12.333333333333332,0.3,0.4,8.0,4.0,
2022,15,Dutch Grand Prix,,Dutch Grand Prix,ocon,alpine,12.0,,8.399999999999999,61.0,8,4.357142857142857,8.642857142857142,14,0,0,0,0.0,7.0,6.0,0.0,9.25,4.0,11.539823008849558,1.0,0.3,0.4,9.0,2.0,
2022,15,Dutch Grand Prix,,Dutch Grand Prix,stroll,aston_martin,10.0,,7.0,4.0,18,0.2857142857142857,12.0,14,0,0,0,0.0,11.0,0.0,0.0,11.964285714285714,0.8571428571428571,12.410714285714286,1.0,0.3,0.4,10.0,1.0,
2022,15,Dutch Grand Prix,,Dutch Grand Prix,gasly,alphatauri,11.0,,7.699999999999999,18.0,13,1.2857142857142858,12.428571428571429,14,0,0,0,0.0,9.0,2.0,2.0,13.392857142857142,1.0357142857142858,12.052631578947368,0.6666666666666666,0.3,0.4,11.0,0.0,
2022,15,Dutch Grand Prix,,Dutch Grand Prix,albon,williams,15.0,,10.5,4.0,19,0.2857142857142857,13.571428571428571,14,0,0,0,0.0,10.0,1.0,1.0,14.857142857142858,0.14285714285714285,12.956043956043956,0.3333333333333333,0.3,0.4,12.0,0.0,
2022,15,Dutch Grand Prix,,Dutch Grand Prix,mick_schumacher,haas,8.0,,5.6,12.0,15,0.8571428571428571,14.0,14,0,0,0,0.0,17.0,0.0,0.0,13.851851851851851,1.1071428571428572,15.55813953488372,-5.666666666666667,0.3,0.4,13.0,0.0,
2022,15,Dutch Grand Prix,,Dutch Grand Prix,vettel,aston_martin,19.0,,13.299999999999999,20.0,11,1.6666666666666667,11.5,12,0,0,0,0.0,8.0,4.0,4.0,11.964285714285714,0.8571428571428571,11.761904761904763,1.0,0.3,0.4,14.0,0.0,
2022,15,Dutch Grand Prix,,Dutch Grand Prix,kevin_magnussen,haas,18.0,,12.6,19.0,12,1.3571428571428572,13.714285714285714,14,0,0,0,0.0,16.0,0.0,-10.0,13.851851851851851,1.1071428571428572,14.363636363636363,-5.666666666666667,0.3,0.4,15.0,0.0,
2022,15,Dutch Grand Prix,,Dutch Grand Prix,zhou,alfa,14.0,,9.799999999999999,5.0,17,0.35714285714285715,14.571428571428571,14,0,0,0,0.0,14.0,0.0,-1.0,12.821428571428571,1.75,14.647058823529411,-3.3333333333333335,0.3,0.4,16.0,0.0,
2022,15,Dutch Grand Prix,,Dutch Grand Prix,ricciardo,mclaren,17.0,,11.899999999999999,16.0,14,1.1428571428571428,12.357142857142858,14,0,0,0,0.0,15.0,0.0,0.0,10.678571428571429,3.142857142857143,11.507246376811594,-0.6666666666666661,0.3,0.4,17.0,0.0,
2022,15,Dutch Grand Prix,,Dutch Grand Prix,latifi,williams,20.0,,14.0,0.0,21,0.0,16.142857142857142,14,0,0,0,0.0,18.0,0.0,0.0,14.857142857142858,0.14285714285714285,15.886363636363637,0.3333333333333333,0.3,0.4,18.0,0.0,
2022,15,Dutch Grand Prix,,Dutch Grand Prix,bottas,alfa,16.0,,11.2,44.0,10,3.142857142857143,11.071428571428571,14,0,0,0,0.0,19.0,0.0,-8.0,12.821428571428571,1.75,12.4,-3.3333333333333335,0.3,0.4,19.0,0.0,
2022,15,Dutch Grand Prix,,Dutch Grand Prix,tsunoda,alphatauri,9.0,,6.3,11.0,16,0.7857142857142857,14.357142857142858,14,0,0,0,0.0,13.0,0.0,-4.0,13.392857142857142,1.0357142857142858,13.324561403508772,0.6666666666666666,0.3,0.4,20.0,0.0,
2022,16,Italian Grand Prix,,Italian Grand Prix,max_verstappen,red_bull,7.0,,0.6999999999999998,294.0,1,19.6,3.933333333333333,15,10,12,4,0.8,1.0,26.0,26.0,5.066666666666666,16.166666666666668,3.254385964912281,11.666666666666668,0.9,0.4,1.0,25.0,
2022,16,Italian Grand Prix,,Italian Grand Prix,leclerc,ferrari,1.0,,0.09999999999999998,187.0,3,12.466666666666667,6.6,15,3,6,7,0.4,3.0,15.0,-11.0,7.133333333333334,11.7,6.517543859649122,-3.6666666666666643,0.9,0.4,2.0,18.0,
2022,16,Italian Grand Prix,,Italian Grand Prix,russell,mercedes,2.0,,0.19999999999999996,183.0,4,12.2,4.666666666666667,15,0,6,1,0.4,2.0,18.0,6.0,5.333333333333333,11.333333333333334,7.587719298245614,0.0,0.9,0.4,3.0,15.0,
2022,16,Italian Grand Prix,,Italian Grand Prix,sainz,ferrari,18.0,,1.7999999999999996,164.0,5,10.933333333333334,7.666666666666667,15,1,7,2,0.4666666666666667,8.0,4.0,-14.0,7.133333333333334,11.7,8.0,-3.6666666666666643,0.9,0.4,4.0,12.0,
2022,16,Italian Grand Prix,,Italian Grand Prix,hamilton,mercedes,19.0,,1.8999999999999995,157.0,6,10.466666666666667,6.0,15,0,6,0,0.4,4.0,12.0,-3.0,5.333333333333333,11.333333333333334,6.271929824561403,0.0,0.9,0.4,5.0,10.0,
2022,16,Italian Grand Prix,,Italian Grand Prix,perez,red_bull,13.0,,1.2999999999999998,191.0,2,12.733333333333333,6.2,15,1,7,1,0.4666666666666667,5.0,10.0,10.0,5.066666666666666,16.166666666666668,7.166666666666667,11.666666666666668,0.9,0.4,6.0,9.0,
2022,16,Italian Grand Prix,,Italian Grand Prix,norris,mclaren,3.0,,0.29999999999999993,78.0,7,5.2,8.866666666666667,15,0,1,0,0.06666666666666667,7.0,6.0,6.0,10.766666666666667,3.1333333333333333,6.385964912280702,-4.0,0.9,0.4,7.0,6.0,
2022,16,Italian Grand Prix,,Italian Grand Prix,gasly,alphatauri,5.0,,0.4999999999999999,18.0,13,1.2,12.333333333333334,15,0,0,0,0.0,11.0,0.0,0.0,13.533333333333333,0.9666666666666667,12.052631578947368,0.6666666666666666,0.9,0.4,8.0,4.0,
2022,16,Italian Grand Prix,,Italian Grand Prix,de_vries,williams,8.0,,0.7999999999999998,0.0,999,,,0,0,0,0,,,,,14.866666666666667,0.13333333333333333,15.272727272727273,0.3333333333333333,0.9,0.4,9.0,2.0,
2022,16,Italian Grand Prix,,Italian Grand Prix,zhou,alfa,9.0,,0.8999999999999998,5.0,18,0.3333333333333333,14.666666666666666,15,0,0,0,0.0,16.0,0.0,-1.0,13.133333333333333,1.6333333333333333,14.647058823529411,0.0,0.9,0.4,10.0,1.0,
2022,16,Italian Grand Prix,,Italian Grand Prix,ocon,alpine,14.0,,1.3999999999999997,63.0,8,4.2,8.666666666666666,15,0,0,0,0.0,9.0,2.0,-4.0,9.133333333333333,4.066666666666666,11.539823008849558,-0.3333333333333339,0.9,0.4,11.0,0.0,
2022,16,Italian Grand Prix,,Italian Grand Prix,mick_schumacher,haas,17.0,,1.6999999999999997,12.0,15,0.8,13.928571428571429,15,0,0,0,0.0,13.0,0.0,0.0,13.862068965517242,1.0333333333333334,15.55813953488372,-5.666666666666667,0.9,0.4,12.0,0.0,
2022,16,Italian Grand Prix,,Italian Grand Prix,bottas,alfa,15.0,,1.4999999999999996,44.0,10,2.933333333333333,11.6,15,0,0,0,0.0,19.0,0.0,-8.0,13.133333333333333,1.6333333333333333,12.4,0.0,0.9,0.4,13.0,0.0,
2022,16,Italian Grand Prix,,Italian Grand Prix,tsunoda,alphatauri,20.0,,1.9999999999999996,11.0,16,0.7333333333333333,14.733333333333333,15,0,0,0,0.0,20.0,0.0,-4.0,13.533333333333333,0.9666666666666667,13.324561403508772,0.6666666666666666,0.9,0.4,14.0,0.0,
2022,16,Italian Grand Prix,,Italian Grand Prix,latifi,williams,10.0,,0.9999999999999998,0.0,21,0.0,16.266666666666666,15,0,0,0,0.0,18.0,0.0,0.0,14.866666666666667,0.13333333333333333,15.886363636363637,0.3333333333333333,0.9,0.4,15.0,0.0,
2022,16,Italian Grand Prix,,Italian Grand Prix,kevin_magnussen,haas,16.0,,1.5999999999999996,19.0,12,1.2666666666666666,13.8,15,0,0,0,0.0,15.0,0.0,-10.0,13.862068965517242,1.0333333333333334,14.363636363636363,-5.666666666666667,0.9,0.4,16.0,0.0,
2022,16,Italian Grand Prix,,Italian Grand Prix,ricciardo,mclaren,4.0,,0.3999999999999999,16.0,14,1.0666666666666667,12.666666666666666,15,0,0,0,0.0,17.0,0.0,0.0,10.766666666666667,3.1333333333333333,11.507246376811594,-4.0,0.9,0.4,17.0,0.0,
2022,16,Italian Grand Prix,,Italian Grand Prix,stroll,aston_martin,12.0,,1.1999999999999997,5.0,17,0.3333333333333333,11.866666666666667,15,0,0,0,0.0,10.0,1.0,1.0,11.966666666666667,0.8333333333333334,12.410714285714286,1.0,0.9,0.4,18.0,0.0,
2022,16,Italian Grand Prix,,Italian Grand Prix,alonso,alpine,6.0,,0.5999999999999999,59.0,9,3.933333333333333,9.6,15,0,0,0,0.0,6.0,8.0,6.0,9.133333333333333,4.066666666666666,9.929824561403509,-0.3333333333333339,0.9,0.4,19.0,0.0,
2022,16,Italian Grand Prix,,Italian Grand Prix,vettel,aston_martin,11.0,,1.0999999999999996,20.0,11,1.5384615384615385,11.692307692307692,13,0,0,0,0.0,14.0,0.0,0.0,11.966666666666667,0.8333333333333334,11.761904761904763,1.0,0.9,0.4,20.0,0.0,
2022,17,Singapore Grand Prix,,Singapore Grand Prix,perez,red_bull,2.0,,1.6,200.0,3,12.5,6.1875,16,1,7,1,0.4375,6.0,9.0,9.0,4.96875,16.21875,7.166666666666667,7.666666666666668,0.2,0.4,1.0,25.0,
2022,17,Singapore Grand Prix,,Singapore Grand Prix,leclerc,ferrari,1.0,,0.8,205.0,2,12.8125,6.3125,16,3,7,8,0.4375,2.0,18.0,-8.0,6.875,11.90625,6.517543859649122,5.333333333333332,0.2,0.4,2.0,18.0,
2022,17,Singapore Grand Prix,,Singapore Grand Prix,sainz,ferrari,4.0,,3.2,176.0,5,11.0,7.4375,16,1,7,2,0.4375,4.0,12.0,-6.0,6.875,11.90625,8.0,5.333333333333332,0.2,0.4,3.0,15.0,
2022,17,Singapore Grand Prix,,Singapore Grand Prix,norris,mclaren,6.0,,4.800000000000001,84.0,7,5.25,8.75,16,0,1,0,0.0625,7.0,6.0,6.0,10.84375,3.125,6.385964912280702,-3.333333333333333,0.2,0.4,4.0,12.0,
2022,17,Singapore Grand Prix,,Singapore Grand Prix,ricciardo,mclaren,16.0,,12.8,16.0,14,1.0,12.9375,16,0,0,0,0.0,17.0,0.0,0.0,10.84375,3.125,11.507246376811594,-3.333333333333333,0.2,0.4,5.0,10.0,
2022,17,Singapore Grand Prix,,Singapore Grand Prix,stroll,aston_martin,11.0,,8.8,5.0,18,0.3125,12.25,16,0,0,0,0.0,18.0,0.0,0.0,12.40625,0.78125,12.410714285714286,1.0,0.2,0.4,6.0,8.0,
2022,17,Singapore Grand Prix,,Singapore Grand Prix,max_verstappen,red_bull,8.0,,6.4,319.0,1,19.9375,3.75,16,11,13,4,0.8125,1.0,25.0,25.0,4.96875,16.21875,3.254385964912281,7.666666666666668,0.2,0.4,7.0,6.0,
2022,17,Singapore Grand Prix,,Singapore Grand Prix,vettel,aston_martin,13.0,,10.4,20.0,12,1.4285714285714286,12.285714285714286,14,0,0,0,0.0,20.0,0.0,0.0,12.40625,0.78125,11.761904761904763,1.0,0.2,0.4,8.0,4.0,
2022,17,Singapore Grand Prix,,Singapore Grand Prix,hamilton,mercedes,3.0,,2.4000000000000004,167.0,6,10.4375,5.9375,16,0,6,0,0.375,5.0,10.0,-5.0,5.25,11.40625,6.271929824561403,-9.0,0.2,0.4,9.0,2.0,
2022,17,Singapore Grand Prix,,Singapore Grand Prix,gasly,alphatauri,7.0,,5.6000000000000005,22.0,11,1.375,12.0625,16,0,0,0,0.0,8.0,4.0,4.0,13.375,1.03125,12.052631578947368,2.0,0.2,0.4,10.0,1.0,
2022,17,Singapore Grand Prix,,Singapore Grand Prix,bottas,alfa,15.0,,12.0,44.0,10,2.75,11.6875,16,0,0,0,0.0,13.0,0.0,-8.0,13.03125,1.5625,12.4,0.3333333333333333,0.2,0.4,11.0,0.0,
2022,17,Singapore Grand Prix,,Singapore Grand Prix,kevin_magnussen,haas,9.0,,7.2,19.0,13,1.1875,13.9375,16,0,0,0,0.0,16.0,0.0,-10.0,13.870967741935484,0.96875,14.363636363636363,-4.0,0.2,0.4,12.0,0.0,
2022,17,Singapore Grand Prix,,Singapore Grand Prix,mick_schumacher,haas,12.0,,9.600000000000001,12.0,15,0.75,13.8,16,0,0,0,0.0,12.0,0.0,0.0,13.870967741935484,0.96875,15.55813953488372,-4.0,0.2,0.4,13.0,0.0,
2022,17,Singapore Grand Prix,,Singapore Grand Prix,russell,mercedes,,,,198.0,4,12.375,4.5625,16,0,7,1,0.4375,3.0,15.0,3.0,5.25,11.40625,7.587719298245614,-9.0,0.2,0.4,14.0,0.0,
2022,17,Singapore Grand Prix,,Singapore Grand Prix,tsunoda,alphatauri,10.0,,8.0,11.0,16,0.6875,14.6875,16,0,0,0,0.0,14.0,0.0,-4.0,13.375,1.03125,13.324561403508772,2.0,0.2,0.4,15.0,0.0,
2022,17,Singapore Grand Prix,,Singapore Grand Prix,ocon,alpine,17.0,,13.600000000000001,63.0,8,3.9375,8.8125,16,0,0,0,0.0,11.0,0.0,-6.0,9.5,3.8125,11.539823008849558,-1.0,0.2,0.4,16.0,0.0,
2022,17,Singapore Grand Prix,,Singapore Grand Prix,albon,williams,18.0,,14.4,4.0,19,0.26666666666666666,13.466666666666667,15,0,0,0,0.0,12.0,0.0,0.0,14.6875,0.1875,12.956043956043956,1.0,0.2,0.4,17.0,0.0,
2022,17,Singapore Grand Prix,,Singapore Grand Prix,alonso,alpine,5.0,,4.0,59.0,9,3.6875,10.1875,16,0,0,0,0.0,19.0,0.0,-2.0,9.5,3.8125,9.929824561403509,-1.0,0.2,0.4,18.0,0.0,
2022,17,Singapore Grand Prix,,Singapore Grand Prix,latifi,williams,19.0,,15.200000000000001,0.0,22,0.0,16.1875,16,0,0,0,0.0,15.0,0.0,0.0,14.6875,0.1875,15.886363636363637,1.0,0.2,0.4,19.0,0.0,
2022,17,Singapore Grand Prix,,Singapore Grand Prix,zhou,alfa,14.0,,11.200000000000001,6.0,17,0.375,14.375,16,0,0,0,0.0,10.0,1.0,0.0,13.03125,1.5625,14.647058823529411,0.3333333333333333,0.2,0.4,20.0,0.0,
2022,18,Japanese Grand Prix,,Japanese Grand Prix,max_verstappen,red_bull,1.0,,0.6,325.0,1,19.11764705882353,3.9411764705882355,17,11,13,4,0.7647058823529411,7.0,6.0,6.0,4.911764705882353,16.176470588235293,3.254385964912281,-5.0,0.4,0.4,1.0,25.0,
2022,18,Japanese Grand Prix,,Japanese Grand Prix,perez,red_bull,4.0,,2.4,225.0,2,13.235294117647058,5.882352941176471,17,2,8,1,0.47058823529411764,1.0,25.0,25.0,4.911764705882353,16.176470588235293,7.166666666666667,-5.0,0.4,0.4,2.0,18.0,
2022,18,Japanese Grand Prix,,Japanese Grand Prix,leclerc,ferrari,2.0,,1.2,223.0,3,13.117647058823529,6.0588235294117645,17,3,8,9,0.47058823529411764,2.0,18.0,-8.0,6.617647058823529,12.176470588235293,6.517543859649122,9.333333333333332,0.4,0.4,3.0,15.0,
2022,18,Japanese Grand Prix,,Japanese Grand Prix,ocon,alpine,5.0,,3.0,63.0,8,3.7058823529411766,9.235294117647058,17,0,0,0,0.0,16.0,0.0,-6.0,9.941176470588236,3.588235294117647,11.539823008849558,-8.0,0.4,0.4,4.0,12.0,
2022,18,Japanese Grand Prix,,Japanese Grand Prix,hamilton,mercedes,6.0,,3.5999999999999996,169.0,6,9.941176470588236,6.117647058823529,17,0,6,0,0.35294117647058826,9.0,2.0,-13.0,5.617647058823529,10.794117647058824,6.271929824561403,-7.333333333333332,0.4,0.4,5.0,10.0,
2022,18,Japanese Grand Prix,,Japanese Grand Prix,vettel,aston_martin,9.0,,5.3999999999999995,24.0,12,1.6,12.0,15,0,0,0,0.0,8.0,4.0,4.0,12.088235294117647,1.088235294117647,11.761904761904763,2.333333333333333,0.4,0.4,6.0,8.0,
2022,18,Japanese Grand Prix,,Japanese Grand Prix,alonso,alpine,7.0,,4.2,59.0,9,3.4705882352941178,10.647058823529411,17,0,0,0,0.0,18.0,0.0,-2.0,9.941176470588236,3.588235294117647,9.929824561403509,-8.0,0.4,0.4,7.0,6.0,
2022,18,Japanese Grand Prix,,Japanese Grand Prix,russell,mercedes,8.0,,4.8,198.0,4,11.647058823529411,5.117647058823529,17,0,7,1,0.4117647058823529,14.0,0.0,-12.0,5.617647058823529,10.794117647058824,7.587719298245614,-7.333333333333332,0.4,0.4,8.0,4.0,
2022,18,Japanese Grand Prix,,Japanese Grand Prix,latifi,williams,20.0,,12.0,0.0,22,0.0,16.352941176470587,17,0,0,0,0.0,19.0,0.0,0.0,14.882352941176471,0.17647058823529413,15.886363636363637,0.3333333333333333,0.4,0.4,9.0,2.0,
2022,18,Japanese Grand Prix,,Japanese Grand Prix,norris,mclaren,10.0,,6.0,96.0,7,5.647058823529412,8.470588235294118,17,0,1,0,0.058823529411764705,4.0,12.0,12.0,10.470588235294118,3.588235294117647,6.385964912280702,6.666666666666667,0.4,0.4,10.0,1.0,
2022,18,Japanese Grand Prix,,Japanese Grand Prix,ricciardo,mclaren,11.0,,6.6,26.0,11,1.5294117647058822,12.470588235294118,17,0,0,0,0.0,5.0,10.0,10.0,10.470588235294118,3.588235294117647,11.507246376811594,6.666666666666667,0.4,0.4,11.0,0.0,
2022,18,Japanese Grand Prix,,Japanese Grand Prix,stroll,aston_martin,19.0,,11.4,13.0,15,0.7647058823529411,11.882352941176471,17,0,0,0,0.0,6.0,8.0,8.0,12.088235294117647,1.088235294117647,12.410714285714286,2.333333333333333,0.4,0.4,12.0,0.0,
2022,18,Japanese Grand Prix,,Japanese Grand Prix,tsunoda,alphatauri,13.0,,7.8,11.0,17,0.6470588235294118,14.705882352941176,17,0,0,0,0.0,15.0,0.0,-4.0,13.323529411764707,1.0,13.324561403508772,1.0,0.4,0.4,13.0,0.0,
2022,18,Japanese Grand Prix,,Japanese Grand Prix,kevin_magnussen,haas,18.0,,10.799999999999999,19.0,14,1.1176470588235294,13.823529411764707,17,0,0,0,0.0,12.0,0.0,-10.0,13.787878787878787,0.9117647058823529,14.363636363636363,0.0,0.4,0.4,14.0,0.0,
2022,18,Japanese Grand Prix,,Japanese Grand Prix,bottas,alfa,12.0,,7.199999999999999,44.0,10,2.588235294117647,11.647058823529411,17,0,0,0,0.0,11.0,0.0,-8.0,13.176470588235293,1.4705882352941178,12.4,0.3333333333333333,0.4,0.4,15.0,0.0,
2022,18,Japanese Grand Prix,,Japanese Grand Prix,zhou,alfa,14.0,,8.4,6.0,18,0.35294117647058826,14.705882352941176,17,0,0,0,0.0,20.0,0.0,-1.0,13.176470588235293,1.4705882352941178,14.647058823529411,0.3333333333333333,0.4,0.4,16.0,0.0,
2022,18,Japanese Grand Prix,,Japanese Grand Prix,mick_schumacher,haas,15.0,,9.0,12.0,16,0.7058823529411765,13.75,17,0,0,0,0.0,13.0,0.0,0.0,13.787878787878787,0.9117647058823529,15.55813953488372,0.0,0.4,0.4,17.0,0.0,
2022,18,Japanese Grand Prix,,Japanese Grand Prix,gasly,alphatauri,17.0,,10.2,23.0,13,1.3529411764705883,11.941176470588236,17,0,0,0,0.0,10.0,1.0,1.0,13.323529411764707,1.0,12.052631578947368,1.0,0.4,0.4,18.0,0.0,
2022,18,Japanese Grand Prix,,Japanese Grand Prix,sainz,ferrari,3.0,,1.7999999999999998,191.0,5,11.235294117647058,7.176470588235294,17,1,8,2,0.47058823529411764,3.0,15.0,-3.0,6.617647058823529,12.176470588235293,8.0,9.333333333333332,0.4,0.4,19.0,0.0,
2022,18,Japanese Grand Prix,,Japanese Grand Prix,albon,williams,16.0,,9.6,4.0,19,0.25,13.6875,16,0,0,0,0.0,17.0,0.0,0.0,14.882352941176471,0.17647058823529413,12.956043956043956,0.3333333333333333,0.4,0.4,20.0,0.0,
2022,19,United States Grand Prix,,United States Grand Prix,max_verstappen,red_bull,2.0,,0.6000000000000001,350.0,1,19.444444444444443,3.7777777777777777,18,12,14,5,0.7777777777777778,1.0,25.0,25.0,4.722222222222222,16.47222222222222,3.254385964912281,-2.3333333333333357,0.7,0.4,1.0,25.0,
2022,19,United States Grand Prix,,United States Grand Prix,hamilton,mercedes,3.0,,0.9000000000000001,179.0,6,9.944444444444445,6.055555555555555,18,0,6,0,0.3333333333333333,5.0,10.0,-5.0,5.666666666666667,10.583333333333334,6.271929824561403,-11.666666666666666,0.7,0.4,2.0,18.0,
2022,19,United States Grand Prix,,United States Grand Prix,leclerc,ferrari,12.0,,3.6000000000000005,238.0,3,13.222222222222221,5.888888888888889,18,3,9,9,0.5,3.0,15.0,-11.0,6.861111111111111,11.916666666666666,6.517543859649122,5.333333333333332,0.7,0.4,3.0,15.0,
2022,19,United States Grand Prix,,United States Grand Prix,perez,red_bull,9.0,,2.7,243.0,2,13.5,5.666666666666667,18,2,9,1,0.5,2.0,18.0,18.0,4.722222222222222,16.47222222222222,7.166666666666667,-2.3333333333333357,0.7,0.4,4.0,12.0,
2022,19,United States Grand Prix,,United States Grand Prix,russell,mercedes,4.0,,1.2000000000000002,202.0,4,11.222222222222221,5.277777777777778,18,0,7,1,0.3888888888888889,8.0,4.0,-8.0,5.666666666666667,10.583333333333334,7.587719298245614,-11.666666666666666,0.7,0.4,5.0,11.0,
2022,19,United States Grand Prix,,United States Grand Prix,norris,mclaren,6.0,,1.8000000000000003,97.0,7,5.388888888888889,8.555555555555555,18,0,1,0,0.05555555555555555,10.0,1.0,1.0,10.472222222222221,3.4166666666666665,6.385964912280702,5.666666666666666,0.7,0.4,6.0,8.0,
2022,19,United States Grand Prix,,United States Grand Prix,alonso,alpine,14.0,,4.200000000000001,65.0,9,3.611111111111111,10.444444444444445,18,0,0,0,0.0,7.0,6.0,4.0,9.694444444444445,3.888888888888889,9.929824561403509,-4.666666666666666,0.7,0.4,7.0,6.0,
2022,19,United States Grand Prix,,United States Grand Prix,vettel,aston_martin,10.0,,3.0000000000000004,32.0,11,2.0,11.625,16,0,0,0,0.0,6.0,8.0,8.0,11.916666666666666,1.25,11.761904761904763,4.666666666666667,0.7,0.4,8.0,4.0,
2022,19,United States Grand Prix,,United States Grand Prix,kevin_magnussen,haas,13.0,,3.9000000000000004,19.0,14,1.0555555555555556,13.833333333333334,18,0,0,0,0.0,14.0,0.0,-10.0,13.885714285714286,0.8611111111111112,14.363636363636363,0.0,0.7,0.4,9.0,2.0,
2022,19,United States Grand Prix,,United States Grand Prix,tsunoda,alphatauri,19.0,,5.700000000000001,11.0,17,0.6111111111111112,14.61111111111111,18,0,0,0,0.0,13.0,0.0,-4.0,13.444444444444445,0.9444444444444444,13.324561403508772,1.0,0.7,0.4,10.0,1.0,
2022,19,United States Grand Prix,,United States Grand Prix,ocon,alpine,,,,75.0,8,4.166666666666667,8.944444444444445,18,0,0,0,0.0,4.0,12.0,6.0,9.694444444444445,3.888888888888889,11.539823008849558,-4.666666666666666,0.7,0.4,11.0,0.0,
2022,19,United States Grand Prix,,United States Grand Prix,zhou,alfa,18.0,,5.4,6.0,18,0.3333333333333333,14.777777777777779,18,0,0,0,0.0,16.0,0.0,-1.0,13.305555555555555,1.3888888888888888,14.647058823529411,0.3333333333333333,0.7,0.4,12.0,0.0,
2022,19,United States Grand Prix,,United States Grand Prix,albon,williams,8.0,,2.4000000000000004,4.0,19,0.23529411764705882,14.058823529411764,17,0,0,0,0.0,20.0,0.0,0.0,14.86111111111111,0.2222222222222222,12.956043956043956,1.0,0.7,0.4,13.0,0.0,
2022,19,United States Grand Prix,,United States Grand Prix,gasly,alphatauri,11.0,,3.3000000000000007,23.0,13,1.2777777777777777,12.277777777777779,18,0,0,0,0.0,18.0,0.0,0.0,13.444444444444445,0.9444444444444444,12.052631578947368,1.0,0.7,0.4,14.0,0.0,
2022,19,United States Grand Prix,,United States Grand Prix,mick_schumacher,haas,16.0,,4.800000000000001,12.0,16,0.6666666666666666,13.941176470588236,18,0,0,0,0.0,17.0,0.0,0.0,13.885714285714286,0.8611111111111112,15.55813953488372,0.0,0.7,0.4,15.0,0.0,
2022,19,United States Grand Prix,,United States Grand Prix,ricciardo,mclaren,15.0,,4.500000000000001,26.0,12,1.4444444444444444,12.38888888888889,18,0,0,0,0.0,11.0,0.0,0.0,10.472222222222221,3.4166666666666665,11.507246376811594,5.666666666666666,0.7,0.4,16.0,0.0,
2022,19,United States Grand Prix,,United States Grand Prix,latifi,williams,17.0,,5.1000000000000005,2.0,21,0.1111111111111111,15.944444444444445,18,0,0,0,0.0,9.0,2.0,2.0,14.86111111111111,0.2222222222222222,15.886363636363637,1.0,0.7,0.4,17.0,0.0,
2022,19,United States Grand Prix,,United States Grand Prix,stroll,aston_martin,5.0,,1.5000000000000002,13.0,15,0.7222222222222222,11.88888888888889,18,0,0,0,0.0,12.0,0.0,0.0,11.916666666666666,1.25,12.410714285714286,4.666666666666667,0.7,0.4,18.0,0.0,
2022,19,United States Grand Prix,,United States Grand Prix,bottas,alfa,7.0,,2.1000000000000005,44.0,10,2.4444444444444446,11.833333333333334,18,0,0,0,0.0,15.0,0.0,-8.0,13.305555555555555,1.3888888888888888,12.4,0.3333333333333333,0.7,0.4,19.0,0.0,
2022,19,United States Grand Prix,,United States Grand Prix,sainz,ferrari,1.0,,0.30000000000000004,191.0,5,10.61111111111111,7.833333333333333,18,1,8,2,0.4444444444444444,19.0,0.0,-18.0,6.861111111111111,11.916666666666666,8.0,5.333333333333332,0.7,0.4,20.0,0.0,
2022,20,Mexico City Grand Prix,,Mexico City Grand Prix,max_verstappen,red_bull,1.0,,0.4,375.0,1,19.736842105263158,3.6315789473684212,19,13,15,5,0.7894736842105263,1.0,25.0,25.0,4.605263157894737,16.57894736842105,3.254385964912281,-1.0,0.6,0.4,1.0,25.0,
2022,20,Mexico City Grand Prix,,Mexico City Grand Prix,hamilton,mercedes,3.0,,1.2000000000000002,197.0,5,10.368421052631579,5.842105263157895,19,0,7,0,0.3684210526315789,2.0,18.0,3.0,5.552631578947368,10.789473684210526,6.271929824561403,-7.333333333333332,0.6,0.4,2.0,18.0,
2022,20,Mexico City Grand Prix,,Mexico City Grand Prix,perez,red_bull,4.0,,1.6,255.0,2,13.421052631578947,5.578947368421052,19,2,9,1,0.47368421052631576,4.0,12.0,12.0,4.605263157894737,16.57894736842105,7.166666666666667,-1.0,0.6,0.4,3.0,15.0,
2022,20,Mexico City Grand Prix,,Mexico City Grand Prix,russell,mercedes,2.0,,0.8,213.0,4,11.210526315789474,5.2631578947368425,19,0,7,1,0.3684210526315789,5.0,11.0,-1.0,5.552631578947368,10.789473684210526,7.587719298245614,-7.333333333333332,0.6,0.4,4.0,13.0,
2022,20,Mexico City Grand Prix,,Mexico City Grand Prix,sainz,ferrari,5.0,,2.0,191.0,6,10.052631578947368,8.473684210526315,19,1,8,3,0.42105263157894735,20.0,0.0,-18.0,7.105263157894737,11.68421052631579,8.0,-3.0,0.6,0.4,5.0,10.0,
2022,20,Mexico City Grand Prix,,Mexico City Grand Prix,leclerc,ferrari,7.0,,2.8000000000000003,253.0,3,13.31578947368421,5.7368421052631575,19,3,10,9,0.5263157894736842,3.0,15.0,-11.0,7.105263157894737,11.68421052631579,6.517543859649122,-3.0,0.6,0.4,6.0,8.0,
2022,20,Mexico City Grand Prix,,Mexico City Grand Prix,ricciardo,mclaren,11.0,,4.4,26.0,12,1.368421052631579,12.578947368421053,19,0,0,0,0.0,16.0,0.0,0.0,10.5,3.4473684210526314,11.507246376811594,6.333333333333334,0.6,0.4,7.0,6.0,
2022,20,Mexico City Grand Prix,,Mexico City Grand Prix,ocon,alpine,10.0,,4.0,75.0,8,3.9473684210526314,9.052631578947368,19,0,0,0,0.0,11.0,0.0,-6.0,9.657894736842104,3.8421052631578947,11.539823008849558,-0.6666666666666661,0.6,0.4,8.0,4.0,
2022,20,Mexico City Grand Prix,,Mexico City Grand Prix,norris,mclaren,8.0,,3.2,105.0,7,5.526315789473684,8.421052631578947,19,0,1,0,0.05263157894736842,6.0,8.0,8.0,10.5,3.4473684210526314,6.385964912280702,6.333333333333334,0.6,0.4,9.0,2.0,
2022,20,Mexico City Grand Prix,,Mexico City Grand Prix,bottas,alfa,6.0,,2.4000000000000004,44.0,10,2.3157894736842106,12.210526315789474,19,0,0,0,0.0,19.0,0.0,-8.0,13.421052631578947,1.3157894736842106,12.4,-0.3333333333333333,0.6,0.4,10.0,1.0,
2022,20,Mexico City Grand Prix,,Mexico City Grand Prix,gasly,alphatauri,14.0,,5.6000000000000005,23.0,13,1.2105263157894737,12.368421052631579,19,0,0,0,0.0,14.0,0.0,0.0,13.368421052631579,0.9210526315789473,12.052631578947368,-1.3333333333333335,0.6,0.4,11.0,0.0,
2022,20,Mexico City Grand Prix,,Mexico City Grand Prix,albon,williams,17.0,,6.800000000000001,4.0,19,0.2222222222222222,14.0,18,0,0,0,0.0,13.0,0.0,0.0,14.868421052631579,0.21052631578947367,12.956043956043956,-0.33333333333333337,0.6,0.4,12.0,0.0,
2022,20,Mexico City Grand Prix,,Mexico City Grand Prix,zhou,alfa,12.0,,4.800000000000001,6.0,18,0.3157894736842105,14.631578947368421,19,0,0,0,0.0,12.0,0.0,-1.0,13.421052631578947,1.3157894736842106,14.647058823529411,-0.3333333333333333,0.6,0.4,13.0,0.0,
2022,20,Mexico City Grand Prix,,Mexico City Grand Prix,vettel,aston_martin,16.0,,6.4,36.0,11,2.1176470588235294,11.411764705882353,17,0,0,0,0.0,8.0,4.0,4.0,11.973684210526315,1.2894736842105263,11.761904761904763,6.333333333333333,0.6,0.4,14.0,0.0,
2022,20,Mexico City Grand Prix,,Mexico City Grand Prix,stroll,aston_martin,20.0,,8.0,13.0,15,0.6842105263157895,12.210526315789474,19,0,0,0,0.0,18.0,0.0,0.0,11.973684210526315,1.2894736842105263,12.410714285714286,6.333333333333333,0.6,0.4,15.0,0.0,
2022,20,Mexico City Grand Prix,,Mexico City Grand Prix,mick_schumacher,haas,15.0,,6.0,12.0,16,0.631578947368421,14.0,19,0,0,0,0.0,15.0,0.0,0.0,13.783783783783784,0.868421052631579,15.55813953488372,0.6666666666666666,0.6,0.4,16.0,0.0,
2022,20,Mexico City Grand Prix,,Mexico City Grand Prix,kevin_magnussen,haas,19.0,,7.6000000000000005,21.0,14,1.105263157894737,13.578947368421053,19,0,0,0,0.0,9.0,2.0,-8.0,13.783783783783784,0.868421052631579,14.363636363636363,0.6666666666666666,0.6,0.4,17.0,0.0,
2022,20,Mexico City Grand Prix,,Mexico City Grand Prix,latifi,williams,18.0,,7.2,2.0,21,0.10526315789473684,16.0,19,0,0,0,0.0,17.0,0.0,0.0,14.868421052631579,0.21052631578947367,15.886363636363637,-0.33333333333333337,0.6,0.4,18.0,0.0,
2022,20,Mexico City Grand Prix,,Mexico City Grand Prix,alonso,alpine,9.0,,3.6,71.0,9,3.736842105263158,10.263157894736842,19,0,0,0,0.0,7.0,6.0,4.0,9.657894736842104,3.8421052631578947,9.929824561403509,-0.6666666666666661,0.6,0.4,19.0,0.0,
2022,20,Mexico City Grand Prix,,Mexico City Grand Prix,tsunoda,alphatauri,13.0,,5.2,12.0,17,0.631578947368421,14.368421052631579,19,0,0,0,0.0,10.0,1.0,-3.0,13.368421052631579,0.9210526315789473,13.324561403508772,-1.3333333333333335,0.6,0.4,20.0,0.0,
2022,21,São Paulo Grand Prix,,Sao Paulo Grand Prix,russell,mercedes,1.0,,0.4,226.0,4,11.3,5.2,20,0,7,1,0.35,4.0,13.0,1.0,5.425,11.025,7.587719298245614,5.666666666666668,0.6,0.4,1.0,26.0,
2022,21,São Paulo Grand Prix,,Sao Paulo Grand Prix,hamilton,mercedes,2.0,,0.8,215.0,5,10.75,5.65,20,0,8,0,0.4,2.0,18.0,3.0,5.425,11.025,6.271929824561403,5.666666666666668,0.6,0.4,2.0,18.0,
2022,21,São Paulo Grand Prix,,Sao Paulo Grand Prix,sainz,ferrari,7.0,,2.8000000000000003,201.0,6,10.05,8.3,20,1,8,3,0.4,5.0,10.0,-8.0,7.025,11.55,8.0,-11.333333333333332,0.6,0.4,3.0,15.0,
2022,21,São Paulo Grand Prix,,Sao Paulo Grand Prix,leclerc,ferrari,5.0,,2.0,261.0,3,13.05,5.75,20,3,10,9,0.5,6.0,8.0,-18.0,7.025,11.55,6.517543859649122,-11.333333333333332,0.6,0.4,4.0,12.0,
2022,21,São Paulo Grand Prix,,Sao Paulo Grand Prix,alonso,alpine,17.0,,6.800000000000001,71.0,9,3.55,10.7,20,0,0,0,0.0,19.0,0.0,-2.0,9.85,3.75,9.929824561403509,6.0,0.6,0.4,5.0,10.0,
2022,21,São Paulo Grand Prix,,Sao Paulo Grand Prix,max_verstappen,red_bull,3.0,,1.2000000000000002,400.0,1,20.0,3.5,20,14,16,6,0.8,1.0,25.0,25.0,4.475,16.75,3.254385964912281,6.333333333333336,0.6,0.4,6.0,8.0,
2022,21,São Paulo Grand Prix,,Sao Paulo Grand Prix,perez,red_bull,4.0,,1.6,270.0,2,13.5,5.45,20,2,10,1,0.5,3.0,15.0,15.0,4.475,16.75,7.166666666666667,6.333333333333336,0.6,0.4,7.0,6.0,
2022,21,São Paulo Grand Prix,,Sao Paulo Grand Prix,ocon,alpine,16.0,,6.4,79.0,8,3.95,9.0,20,0,0,0,0.0,8.0,4.0,-2.0,9.85,3.75,11.539823008849558,6.0,0.6,0.4,8.0,4.0,
2022,21,São Paulo Grand Prix,,Sao Paulo Grand Prix,bottas,alfa,14.0,,5.6000000000000005,45.0,10,2.25,12.1,20,0,0,0,0.0,10.0,1.0,-7.0,13.325,1.275,12.4,0.0,0.6,0.4,9.0,2.0,
2022,21,São Paulo Grand Prix,,Sao Paulo Grand Prix,stroll,aston_martin,15.0,,6.0,13.0,15,0.65,12.35,20,0,0,0,0.0,15.0,0.0,0.0,12.1,1.225,12.410714285714286,-0.33333333333333304,0.6,0.4,10.0,1.0,
2022,21,São Paulo Grand Prix,,Sao Paulo Grand Prix,vettel,aston_martin,9.0,,3.6,36.0,11,2.0,11.555555555555555,18,0,0,0,0.0,14.0,0.0,0.0,12.1,1.225,11.761904761904763,-0.33333333333333304,0.6,0.4,11.0,0.0,
2022,21,São Paulo Grand Prix,,Sao Paulo Grand Prix,zhou,alfa,13.0,,5.2,6.0,18,0.3,14.55,20,0,0,0,0.0,13.0,0.0,-1.0,13.325,1.275,14.647058823529411,0.0,0.6,0.4,12.0,0.0,
2022,21,São Paulo Grand Prix,,Sao Paulo Grand Prix,mick_schumacher,haas,12.0,,4.800000000000001,12.0,16,0.6,14.105263157894736,20,0,0,0,0.0,16.0,0.0,0.0,13.923076923076923,0.825,15.55813953488372,0.6666666666666666,0.6,0.4,13.0,0.0,
2022,21,São Paulo Grand Prix,,Sao Paulo Grand Prix,gasly,alphatauri,10.0,,4.0,23.0,13,1.15,12.3,20,0,0,0,0.0,11.0,0.0,0.0,13.475,0.875,12.052631578947368,-1.3333333333333335,0.6,0.4,14.0,0.0,
2022,21,São Paulo Grand Prix,,Sao Paulo Grand Prix,albon,williams,19.0,,7.6000000000000005,4.0,19,0.21052631578947367,13.894736842105264,19,0,0,0,0.0,12.0,0.0,0.0,14.875,0.2,12.956043956043956,0.0,0.6,0.4,15.0,0.0,
2022,21,São Paulo Grand Prix,,Sao Paulo Grand Prix,latifi,williams,18.0,,7.2,2.0,21,0.1,16.1,20,0,0,0,0.0,18.0,0.0,0.0,14.875,0.2,15.886363636363637,0.0,0.6,0.4,16.0,0.0,
2022,21,São Paulo Grand Prix,,Sao Paulo Grand Prix,tsunoda,alphatauri,,,,12.0,17,0.6,14.65,20,0,0,0,0.0,20.0,0.0,-4.0,13.475,0.875,13.324561403508772,-1.3333333333333335,0.6,0.4,17.0,0.0,
2022,21,São Paulo Grand Prix,,Sao Paulo Grand Prix,norris,mclaren,6.0,,2.4000000000000004,107.0,7,5.35,8.45,20,0,1,0,0.05,9.0,2.0,2.0,10.375,3.475,6.385964912280702,-5.666666666666667,0.6,0.4,18.0,0.0,
2022,21,São Paulo Grand Prix,,Sao Paulo Grand Prix,kevin_magnussen,haas,8.0,,3.2,21.0,14,1.05,13.75,20,0,0,0,0.0,17.0,0.0,-10.0,13.923076923076923,0.825,14.363636363636363,0.6666666666666666,0.6,0.4,19.0,0.0,
2022,21,São Paulo Grand Prix,,Sao Paulo Grand Prix,ricciardo,mclaren,11.0,,4.4,32.0,12,1.6,12.3,20,0,0,0,0.0,7.0,6.0,6.0,10.375,3.475,11.507246376811594,-5.666666666666667,0.6,0.4,20.0,0.0,
2022,22,Abu Dhabi Grand Prix,,Abu Dhabi Grand Prix,max_verstappen,red_bull,1.0,,0.5,408.0,1,19.428571428571427,3.619047619047619,21,14,16,6,0.7619047619047619,6.0,8.0,8.0,4.571428571428571,16.285714285714285,3.254385964912281,-5.666666666666668,0.5,0.4,1.0,25.0,
2022,22,Abu Dhabi Grand Prix,,Abu Dhabi Grand Prix,leclerc,ferrari,3.0,,1.5,273.0,3,13.0,5.666666666666667,21,3,10,9,0.47619047619047616,4.0,12.0,-14.0,6.857142857142857,11.642857142857142,6.517543859649122,-6.0,0.5,0.4,2.0,18.0,
2022,22,Abu Dhabi Grand Prix,,Abu Dhabi Grand Prix,perez,red_bull,2.0,,1.0,276.0,2,13.142857142857142,5.523809523809524,21,2,10,1,0.47619047619047616,7.0,6.0,6.0,4.571428571428571,16.285714285714285,7.166666666666667,-5.666666666666668,0.5,0.4,3.0,15.0,
2022,22,Abu Dhabi Grand Prix,,Abu Dhabi Grand Prix,sainz,ferrari,4.0,,2.0,216.0,6,10.285714285714286,8.047619047619047,21,1,9,3,0.42857142857142855,3.0,15.0,-3.0,6.857142857142857,11.642857142857142,8.0,-6.0,0.5,0.4,4.0,12.0,
2022,22,Abu Dhabi Grand Prix,,Abu Dhabi Grand Prix,russell,mercedes,6.0,,3.0,252.0,4,12.0,5.0,21,1,8,2,0.38095238095238093,1.0,26.0,14.0,5.238095238095238,11.547619047619047,7.587719298245614,21.0,0.5,0.4,5.0,10.0,
2022,22,Abu Dhabi Grand Prix,,Abu Dhabi Grand Prix,norris,mclaren,7.0,,3.5,107.0,7,5.095238095238095,8.904761904761905,21,0,1,0,0.047619047619047616,18.0,0.0,0.0,10.785714285714286,3.3095238095238093,6.385964912280702,-4.333333333333333,0.5,0.4,6.0,9.0,
2022,22,Abu Dhabi Grand Prix,,Abu Dhabi Grand Prix,ocon,alpine,8.0,,4.0,83.0,8,3.9523809523809526,8.952380952380953,21,0,0,0,0.0,8.0,4.0,-2.0,9.69047619047619,3.9047619047619047,11.539823008849558,2.0,0.5,0.4,7.0,6.0,
2022,22,Abu Dhabi Grand Prix,,Abu Dhabi Grand Prix,stroll,aston_martin,14.0,,7.0,14.0,15,0.6666666666666666,12.238095238095237,21,0,0,0,0.0,10.0,1.0,1.0,12.023809523809524,1.1904761904761905,12.410714285714286,-5.0,0.5,0.4,8.0,4.0,
2022,22,Abu Dhabi Grand Prix,,Abu Dhabi Grand Prix,ricciardo,mclaren,13.0,,6.5,32.0,12,1.5238095238095237,12.666666666666666,21,0,0,0,0.0,20.0,0.0,0.0,10.785714285714286,3.3095238095238093,11.507246376811594,-4.333333333333333,0.5,0.4,9.0,2.0,
2022,22,Abu Dhabi Grand Prix,,Abu Dhabi Grand Prix,vettel,aston_martin,9.0,,4.5,36.0,11,1.894736842105263,11.526315789473685,19,0,0,0,0.0,11.0,0.0,0.0,12.023809523809524,1.1904761904761905,11.761904761904763,-5.0,0.5,0.4,10.0,1.0,
2022,22,Abu Dhabi Grand Prix,,Abu Dhabi Grand Prix,tsunoda,alphatauri,11.0,,5.5,12.0,17,0.5714285714285714,14.761904761904763,21,0,0,0,0.0,17.0,0.0,-4.0,13.571428571428571,0.8333333333333334,13.324561403508772,-1.3333333333333335,0.5,0.4,11.0,0.0,
2022,22,Abu Dhabi Grand Prix,,Abu Dhabi Grand Prix,zhou,alfa,15.0,,7.5,6.0,18,0.2857142857142857,14.428571428571429,21,0,0,0,0.0,12.0,0.0,-1.0,13.19047619047619,1.2619047619047619,14.647058823529411,0.6666666666666667,0.5,0.4,12.0,0.0,
2022,22,Abu Dhabi Grand Prix,,Abu Dhabi Grand Prix,albon,williams,19.0,,9.5,4.0,19,0.2,13.95,20,0,0,0,0.0,15.0,0.0,0.0,14.904761904761905,0.19047619047619047,12.956043956043956,-1.3333333333333333,0.5,0.4,13.0,0.0,
2022,22,Abu Dhabi Grand Prix,,Abu Dhabi Grand Prix,gasly,alphatauri,17.0,,8.5,23.0,13,1.0952380952380953,12.380952380952381,21,0,0,0,0.0,14.0,0.0,0.0,13.571428571428571,0.8333333333333334,12.052631578947368,-1.3333333333333335,0.5,0.4,14.0,0.0,
2022,22,Abu Dhabi Grand Prix,,Abu Dhabi Grand Prix,bottas,alfa,18.0,,9.0,47.0,10,2.238095238095238,11.952380952380953,21,0,0,0,0.0,9.0,2.0,-6.0,13.19047619047619,1.2619047619047619,12.4,0.6666666666666667,0.5,0.4,15.0,0.0,
2022,22,Abu Dhabi Grand Prix,,Abu Dhabi Grand Prix,mick_schumacher,haas,12.0,,6.0,12.0,16,0.5714285714285714,14.05,21,0,0,0,0.0,13.0,0.0,0.0,14.024390243902438,0.7857142857142857,15.55813953488372,0.6666666666666666,0.5,0.4,16.0,0.0,
2022,22,Abu Dhabi Grand Prix,,Abu Dhabi Grand Prix,kevin_magnussen,haas,16.0,,8.0,21.0,14,1.0,14.0,21,0,0,0,0.0,19.0,0.0,-10.0,14.024390243902438,0.7857142857142857,14.363636363636363,0.6666666666666666,0.5,0.4,17.0,0.0,
2022,22,Abu Dhabi Grand Prix,,Abu Dhabi Grand Prix,hamilton,mercedes,5.0,,2.5,233.0,5,11.095238095238095,5.476190476190476,21,0,9,0,0.42857142857142855,2.0,18.0,3.0,5.238095238095238,11.547619047619047,6.271929824561403,21.0,0.5,0.4,18.0,0.0,
2022,22,Abu Dhabi Grand Prix,,Abu Dhabi Grand Prix,latifi,williams,20.0,,10.0,2.0,21,0.09523809523809523,16.095238095238095,21,0,0,0,0.0,16.0,0.0,0.0,14.904761904761905,0.19047619047619047,15.886363636363637,-1.3333333333333333,0.5,0.4,19.0,0.0,
2022,22,Abu Dhabi Grand Prix,,Abu Dhabi Grand Prix,alonso,alpine,10.0,,5.0,81.0,9,3.857142857142857,10.428571428571429,21,0,0,0,0.0,5.0,10.0,8.0,9.69047619047619,3.9047619047619047,9.929824561403509,2.0,0.5,0.4,20.0,0.0,
2023,1,Bahrain Grand Prix,,Bahrain Grand Prix,max_verstappen,red_bull,1.0,,0.19999999999999996,0.0,999,,,0,0,0,0,,,,,,,3.254385964912281,,0.8,0.6000000000000001,1.0,25.0,
2023,1,Bahrain Grand Prix,,Bahrain Grand Prix,perez,red_bull,2.0,,0.3999999999999999,0.0,999,,,0,0,0,0,,,,,,,7.166666666666667,,0.8,0.6000000000000001,2.0,18.0,
2023,1,Bahrain Grand Prix,,Bahrain Grand Prix,alonso,aston_martin,5.0,,0.9999999999999998,0.0,999,,,0,0,0,0,,,,,,,9.929824561403509,,0.8,0.6000000000000001,3.0,15.0,
2023,1,Bahrain Grand Prix,,Bahrain Grand Prix,sainz,ferrari,4.0,,0.7999999999999998,0.0,999,,,0,0,0,0,,,,,,,8.0,,0.8,0.6000000000000001,4.0,12.0,
2023,1,Bahrain Grand Prix,,Bahrain Grand Prix,hamilton,mercedes,7.0,,1.3999999999999997,0.0,999,,,0,0,0,0,,,,,,,6.271929824561403,,0.8,0.6000000000000001,5.0,10.0,
2023,1,Bahrain Grand Prix,,Bahrain Grand Prix,stroll,aston_martin,8.0,,1.5999999999999996,0.0,999,,,0,0,0,0,,,,,,,12.410714285714286,,0.8,0.6000000000000001,6.0,8.0,
2023,1,Bahrain Grand Prix,,Bahrain Grand Prix,russell,mercedes,6.0,,1.1999999999999997,0.0,999,,,0,0,0,0,,,,,,,7.587719298245614,,0.8,0.6000000000000001,7.0,6.0,
2023,1,Bahrain Grand Prix,,Bahrain Grand Prix,bottas,alfa,12.0,,2.3999999999999995,0.0,999,,,0,0,0,0,,,,,,,12.4,,0.8,0.6000000000000001,8.0,4.0,
2023,1,Bahrain Grand Prix,,Bahrain Grand Prix,gasly,alpine,20.0,,3.999999999999999,0.0,999,,,0,0,0,0,,,,,,,12.052631578947368,,0.8,0.6000000000000001,9.0,2.0,
2023,1,Bahrain Grand Prix,,Bahrain Grand Prix,albon,williams,15.0,,2.999999999999999,0.0,999,,,0,0,0,0,,,,,,,12.956043956043956,,0.8,0.6000000000000001,10.0,1.0,
2023,1,Bahrain Grand Prix,,Bahrain Grand Prix,tsunoda,alphatauri,14.0,,2.7999999999999994,0.0,999,,,0,0,0,0,,,,,,,13.324561403508772,,0.8,0.6000000000000001,11.0,0.0,
2023,1,Bahrain Grand Prix,,Bahrain Grand Prix,sargeant,williams,16.0,,3.1999999999999993,0.0,999,,,0,0,0,0,,,,,,,16.333333333333332,,0.8,0.6000000000000001,12.0,0.0,
2023,1,Bahrain Grand Prix,,Bahrain Grand Prix,kevin_magnussen,haas,17.0,,3.3999999999999995,0.0,999,,,0,0,0,0,,,,,,,14.363636363636363,,0.8,0.6000000000000001,13.0,0.0,
2023,1,Bahrain Grand Prix,,Bahrain Grand Prix,de_vries,alphatauri,19.0,,3.799999999999999,0.0,999,,,0,0,0,0,,,,,,,15.272727272727273,,0.8,0.6000000000000001,14.0,0.0,
2023,1,Bahrain Grand Prix,,Bahrain Grand Prix,hulkenberg,haas,10.0,,1.9999999999999996,0.0,999,,,0,0,0,0,,,,,,,12.98611111111111,,0.8,0.6000000000000001,15.0,0.0,
2023,1,Bahrain Grand Prix,,Bahrain Grand Prix,zhou,alfa,13.0,,2.5999999999999996,0.0,999,,,0,0,0,0,,,,,,,14.647058823529411,,0.8,0.6000000000000001,16.0,0.0,
2023,1,Bahrain Grand Prix,,Bahrain Grand Prix,norris,mclaren,11.0,,2.1999999999999993,0.0,999,,,0,0,0,0,,,,,,,6.385964912280702,,0.8,0.6000000000000001,17.0,0.0,
2023,1,Bahrain Grand Prix,,Bahrain Grand Prix,ocon,alpine,9.0,,1.7999999999999996,0.0,999,,,0,0,0,0,,,,,,,11.539823008849558,,0.8,0.6000000000000001,18.0,0.0,
2023,1,Bahrain Grand Prix,,Bahrain Grand Prix,leclerc,ferrari,3.0,,0.5999999999999999,0.0,999,,,0,0,0,0,,,,,,,6.517543859649122,,0.8,0.6000000000000001,19.0,0.0,
2023,1,Bahrain Grand Prix,,Bahrain Grand Prix,piastri,mclaren,18.0,,3.599999999999999,0.0,999,,,0,0,0,0,,,,,,,6.628571428571429,,0.8,0.6000000000000001,20.0,0.0,
2023,2,Saudi Arabian Grand Prix,,Saudi Arabian Grand Prix,perez,red_bull,1.0,,0.4,18.0,2,18.0,2.0,1,0,1,0,1.0,2.0,18.0,,1.5,21.5,7.166666666666667,,0.6,0.6000000000000001,1.0,25.0,
2023,2,Saudi Arabian Grand Prix,,Saudi Arabian Grand Prix,max_verstappen,red_bull,15.0,,6.0,25.0,1,25.0,1.0,1,1,1,1,1.0,1.0,25.0,,1.5,21.5,3.254385964912281,,0.6,0.6000000000000001,2.0,19.0,
2023,2,Saudi Arabian Grand Prix,,Saudi Arabian Grand Prix,alonso,aston_martin,2.0,,0.8,15.0,3,15.0,3.0,1,0,1,0,1.0,3.0,15.0,,4.5,11.5,9.929824561403509,,0.6,0.6000000000000001,3.0,15.0,
2023,2,Saudi Arabian Grand Prix,,Saudi Arabian Grand Prix,russell,mercedes,3.0,,1.2000000000000002,6.0,7,6.0,7.0,1,0,0,0,0.0,7.0,6.0,,6.0,8.0,7.587719298245614,,0.6,0.6000000000000001,4.0,12.0,
2023,2,Saudi Arabian Grand Prix,,Saudi Arabian Grand Prix,hamilton,mercedes,7.0,,2.8000000000000003,10.0,5,10.0,5.0,1,0,0,0,0.0,5.0,10.0,,6.0,8.0,6.271929824561403,,0.6,0.6000000000000001,5.0,10.0,
2023,2,Saudi Arabian Grand Prix,,Saudi Arabian Grand Prix,sainz,ferrari,4.0,,1.6,12.0,4,12.0,4.0,1,0,0,0,0.0,4.0,12.0,,11.5,6.0,8.0,,0.6,0.6000000000000001,6.0,8.0,
2023,2,Saudi Arabian Grand Prix,,Saudi Arabian Grand Prix,leclerc,ferrari,12.0,,4.800000000000001,0.0,19,0.0,19.0,1,0,0,0,0.0,19.0,0.0,,11.5,6.0,6.517543859649122,,0.6,0.6000000000000001,7.0,6.0,
2023,2,Saudi Arabian Grand Prix,,Saudi Arabian Grand Prix,ocon,alpine,6.0,,2.4000000000000004,0.0,18,0.0,18.0,1,0,0,0,0.0,18.0,0.0,,13.5,1.0,11.539823008849558,,0.6,0.6000000000000001,8.0,4.0,
2023,2,Saudi Arabian Grand Prix,,Saudi Arabian Grand Prix,gasly,alpine,9.0,,3.6,2.0,9,2.0,9.0,1,0,0,0,0.0,9.0,2.0,,13.5,1.0,12.052631578947368,,0.6,0.6000000000000001,9.0,2.0,
2023,2,Saudi Arabian Grand Prix,,Saudi Arabian Grand Prix,kevin_magnussen,haas,13.0,,5.2,0.0,13,0.0,13.0,1,0,0,0,0.0,13.0,0.0,,14.0,0.0,14.363636363636363,,0.6,0.6000000000000001,10.0,1.0,
2023,2,Saudi Arabian Grand Prix,,Saudi Arabian Grand Prix,tsunoda,alphatauri,16.0,,6.4,0.0,11,0.0,11.0,1,0,0,0,0.0,11.0,0.0,,12.5,0.0,13.324561403508772,,0.6,0.6000000000000001,11.0,0.0,
2023,2,Saudi Arabian Grand Prix,,Saudi Arabian Grand Prix,hulkenberg,haas,10.0,,4.0,0.0,15,0.0,15.0,1,0,0,0,0.0,15.0,0.0,,14.0,0.0,12.98611111111111,,0.6,0.6000000000000001,12.0,0.0,
2023,2,Saudi Arabian Grand Prix,,Saudi Arabian Grand Prix,zhou,alfa,11.0,,4.4,0.0,16,0.0,16.0,1,0,0,0,0.0,16.0,0.0,,12.0,2.0,14.647058823529411,,0.6,0.6000000000000001,13.0,0.0,
2023,2,Saudi Arabian Grand Prix,,Saudi Arabian Grand Prix,de_vries,alphatauri,18.0,,7.2,0.0,14,0.0,14.0,1,0,0,0,0.0,14.0,0.0,,12.5,0.0,15.272727272727273,,0.6,0.6000000000000001,14.0,0.0,
2023,2,Saudi Arabian Grand Prix,,Saudi Arabian Grand Prix,piastri,mclaren,8.0,,3.2,0.0,20,0.0,20.0,1,0,0,0,0.0,20.0,0.0,,18.5,0.0,6.628571428571429,,0.6,0.6000000000000001,15.0,0.0,
2023,2,Saudi Arabian Grand Prix,,Saudi Arabian Grand Prix,sargeant,williams,20.0,,8.0,0.0,12,0.0,12.0,1,0,0,0,0.0,12.0,0.0,,11.0,0.5,16.333333333333332,,0.6,0.6000000000000001,16.0,0.0,
2023,2,Saudi Arabian Grand Prix,,Saudi Arabian Grand Prix,norris,mclaren,19.0,,7.6000000000000005,0.0,17,0.0,17.0,1,0,0,0,0.0,17.0,0.0,,18.5,0.0,6.385964912280702,,0.6,0.6000000000000001,17.0,0.0,
2023,2,Saudi Arabian Grand Prix,,Saudi Arabian Grand Prix,bottas,alfa,14.0,,5.6000000000000005,4.0,8,4.0,8.0,1,0,0,0,0.0,8.0,4.0,,12.0,2.0,12.4,,0.6,0.6000000000000001,18.0,0.0,
2023,2,Saudi Arabian Grand Prix,,Saudi Arabian Grand Prix,albon,williams,17.0,,6.800000000000001,1.0,10,1.0,10.0,1,0,0,0,0.0,10.0,1.0,,11.0,0.5,12.956043956043956,,0.6,0.6000000000000001,19.0,0.0,
2023,2,Saudi Arabian Grand Prix,,Saudi Arabian Grand Prix,stroll,aston_martin,5.0,,2.0,8.0,6,8.0,6.0,1,0,0,0,0.0,6.0,8.0,,4.5,11.5,12.410714285714286,,0.6,0.6000000000000001,20.0,0.0,
2023,3,Australian Grand Prix,,Australian Grand Prix,max_verstappen,red_bull,1.0,,0.4,44.0,1,22.0,1.5,2,1,2,1,1.0,2.0,19.0,-6.0,1.5,21.75,3.254385964912281,43.5,0.6,0.6000000000000001,1.0,25.0,
2023,3,Australian Grand Prix,,Australian Grand Prix,hamilton,mercedes,3.0,,1.2000000000000002,20.0,4,10.0,5.0,2,0,0,0,0.0,5.0,10.0,0.0,5.25,9.5,6.271929824561403,19.0,0.6,0.6000000000000001,2.0,18.0,
2023,3,Australian Grand Prix,,Australian Grand Prix,alonso,aston_martin,4.0,,1.6,30.0,3,15.0,3.0,2,0,2,0,1.0,3.0,15.0,0.0,8.0,9.5,9.929824561403509,19.0,0.6,0.6000000000000001,3.0,15.0,
2023,3,Australian Grand Prix,,Australian Grand Prix,stroll,aston_martin,6.0,,2.4000000000000004,8.0,7,4.0,13.0,2,0,0,0,0.0,20.0,0.0,-8.0,8.0,9.5,12.410714285714286,19.0,0.6,0.6000000000000001,4.0,12.0,
2023,3,Australian Grand Prix,,Australian Grand Prix,perez,red_bull,20.0,,8.0,43.0,2,21.5,1.5,2,1,2,1,1.0,1.0,25.0,7.0,1.5,21.75,7.166666666666667,43.5,0.6,0.6000000000000001,5.0,11.0,
2023,3,Australian Grand Prix,,Australian Grand Prix,norris,mclaren,13.0,,5.2,0.0,19,0.0,17.0,2,0,0,0,0.0,17.0,0.0,0.0,17.25,0.0,6.385964912280702,0.0,0.6,0.6000000000000001,6.0,8.0,
2023,3,Australian Grand Prix,,Australian Grand Prix,hulkenberg,haas,10.0,,4.0,0.0,15,0.0,13.5,2,0,0,0,0.0,12.0,0.0,0.0,12.5,0.25,12.98611111111111,0.5,0.6,0.6000000000000001,7.0,6.0,
2023,3,Australian Grand Prix,,Australian Grand Prix,piastri,mclaren,16.0,,6.4,0.0,20,0.0,17.5,2,0,0,0,0.0,15.0,0.0,0.0,17.25,0.0,6.628571428571429,0.0,0.6,0.6000000000000001,8.0,4.0,
2023,3,Australian Grand Prix,,Australian Grand Prix,zhou,alfa,17.0,,6.800000000000001,0.0,18,0.0,14.5,2,0,0,0,0.0,13.0,0.0,0.0,13.75,1.0,14.647058823529411,2.0,0.6,0.6000000000000001,9.0,2.0,
2023,3,Australian Grand Prix,,Australian Grand Prix,tsunoda,alphatauri,12.0,,4.800000000000001,0.0,14,0.0,11.0,2,0,0,0,0.0,11.0,0.0,0.0,12.5,0.0,13.324561403508772,0.0,0.6,0.6000000000000001,10.0,1.0,
2023,3,Australian Grand Prix,,Australian Grand Prix,bottas,alfa,19.0,,7.6000000000000005,4.0,10,2.0,13.0,2,0,0,0,0.0,18.0,0.0,-4.0,13.75,1.0,12.4,2.0,0.6,0.6000000000000001,11.0,0.0,
2023,3,Australian Grand Prix,,Australian Grand Prix,sainz,ferrari,5.0,,2.0,20.0,5,10.0,5.0,2,0,0,0,0.0,6.0,8.0,-4.0,9.0,6.5,8.0,13.0,0.6,0.6000000000000001,12.0,0.0,
2023,3,Australian Grand Prix,,Australian Grand Prix,gasly,alpine,9.0,,3.6,4.0,9,2.0,9.0,2,0,0,0,0.0,9.0,2.0,0.0,11.0,2.0,12.052631578947368,4.0,0.6,0.6000000000000001,13.0,0.0,
2023,3,Australian Grand Prix,,Australian Grand Prix,ocon,alpine,11.0,,4.4,4.0,11,2.0,13.0,2,0,0,0,0.0,8.0,4.0,4.0,11.0,2.0,11.539823008849558,4.0,0.6,0.6000000000000001,14.0,0.0,
2023,3,Australian Grand Prix,,Australian Grand Prix,de_vries,alphatauri,15.0,,6.0,0.0,16,0.0,14.0,2,0,0,0,0.0,14.0,0.0,0.0,12.5,0.0,15.272727272727273,0.0,0.6,0.6000000000000001,15.0,0.0,
2023,3,Australian Grand Prix,,Australian Grand Prix,sargeant,williams,18.0,,7.2,0.0,17,0.0,14.0,2,0,0,0,0.0,16.0,0.0,0.0,14.25,0.25,16.333333333333332,0.5,0.6,0.6000000000000001,16.0,0.0,
2023,3,Australian Grand Prix,,Australian Grand Prix,kevin_magnussen,haas,14.0,,5.6000000000000005,1.0,12,0.5,11.5,2,0,0,0,0.0,10.0,1.0,1.0,12.5,0.25,14.363636363636363,0.5,0.6,0.6000000000000001,17.0,0.0,
2023,3,Australian Grand Prix,,Australian Grand Prix,russell,mercedes,2.0,,0.8,18.0,6,9.0,5.5,2,0,0,0,0.0,4.0,12.0,6.0,5.25,9.5,7.587719298245614,19.0,0.6,0.6000000000000001,18.0,0.0,
2023,3,Australian Grand Prix,,Australian Grand Prix,albon,williams,8.0,,3.2,1.0,13,0.5,14.5,2,0,0,0,0.0,19.0,0.0,-1.0,14.25,0.25,12.956043956043956,0.5,0.6,0.6000000000000001,19.0,0.0,
2023,3,Australian Grand Prix,,Australian Grand Prix,leclerc,ferrari,7.0,,2.8000000000000003,6.0,8,3.0,13.0,2,0,0,0,0.0,7.0,6.0,6.0,9.0,6.5,6.517543859649122,13.0,0.6,0.6000000000000001,20.0,0.0,
2023,4,Azerbaijan Grand Prix,,Azerbaijan Grand Prix,perez,red_bull,3.0,,0.9000000000000001,54.0,2,18.0,2.6666666666666665,3,1,2,1,0.6666666666666666,5.0,11.0,-7.0,2.0,20.5,7.166666666666667,41.0,0.7,0.6000000000000001,1.0,25.0,
2023,4,Azerbaijan Grand Prix,,Azerbaijan Grand Prix,max_verstappen,red_bull,2.0,,0.6000000000000001,69.0,1,23.0,1.3333333333333333,3,2,3,2,1.0,1.0,25.0,0.0,2.0,20.5,3.254385964912281,41.0,0.7,0.6000000000000001,2.0,18.0,
2023,4,Azerbaijan Grand Prix,,Azerbaijan Grand Prix,leclerc,ferrari,1.0,,0.30000000000000004,6.0,10,2.0,15.333333333333334,3,0,0,0,0.0,20.0,0.0,0.0,11.333333333333334,4.333333333333333,6.517543859649122,8.666666666666666,0.7,0.6000000000000001,3.0,15.0,
2023,4,Azerbaijan Grand Prix,,Azerbaijan Grand Prix,alonso,aston_martin,6.0,,1.8000000000000003,45.0,3,15.0,3.0,3,0,3,0,1.0,3.0,15.0,0.0,6.5,10.833333333333334,9.929824561403509,21.666666666666668,0.7,0.6000000000000001,4.0,12.0,
2023,4,Azerbaijan Grand Prix,,Azerbaijan Grand Prix,sainz,ferrari,4.0,,1.2000000000000002,20.0,5,6.666666666666667,7.333333333333333,3,0,0,0,0.0,12.0,0.0,-12.0,11.333333333333334,4.333333333333333,8.0,8.666666666666666,0.7,0.6000000000000001,5.0,10.0,
2023,4,Azerbaijan Grand Prix,,Azerbaijan Grand Prix,hamilton,mercedes,5.0,,1.5000000000000002,38.0,4,12.666666666666666,4.0,3,0,1,0,0.3333333333333333,2.0,18.0,8.0,6.833333333333333,9.333333333333334,6.271929824561403,18.666666666666668,0.7,0.6000000000000001,6.0,8.0,
2023,4,Azerbaijan Grand Prix,,Azerbaijan Grand Prix,stroll,aston_martin,9.0,,2.7,20.0,6,6.666666666666667,10.0,3,0,0,0,0.0,4.0,12.0,4.0,6.5,10.833333333333334,12.410714285714286,21.666666666666668,0.7,0.6000000000000001,7.0,6.0,
2023,4,Azerbaijan Grand Prix,,Azerbaijan Grand Prix,russell,mercedes,11.0,,3.3000000000000007,18.0,7,6.0,9.666666666666666,3,0,0,0,0.0,18.0,0.0,-6.0,6.833333333333333,9.333333333333334,7.587719298245614,18.666666666666668,0.7,0.6000000000000001,8.0,5.0,
2023,4,Azerbaijan Grand Prix,,Azerbaijan Grand Prix,norris,mclaren,7.0,,2.1000000000000005,8.0,8,2.6666666666666665,13.333333333333334,3,0,0,0,0.0,6.0,8.0,8.0,13.833333333333334,2.0,6.385964912280702,4.0,0.7,0.6000000000000001,9.0,2.0,
2023,4,Azerbaijan Grand Prix,,Azerbaijan Grand Prix,tsunoda,alphatauri,8.0,,2.4000000000000004,1.0,16,0.3333333333333333,10.666666666666666,3,0,0,0,0.0,10.0,1.0,1.0,12.5,0.16666666666666666,13.324561403508772,0.3333333333333333,0.7,0.6000000000000001,10.0,1.0,
2023,4,Azerbaijan Grand Prix,,Azerbaijan Grand Prix,piastri,mclaren,10.0,,3.0000000000000004,4.0,14,1.3333333333333333,14.333333333333334,3,0,0,0,0.0,8.0,4.0,4.0,13.833333333333334,2.0,6.628571428571429,4.0,0.7,0.6000000000000001,11.0,0.0,
2023,4,Azerbaijan Grand Prix,,Azerbaijan Grand Prix,albon,williams,12.0,,3.6000000000000005,1.0,18,0.3333333333333333,16.0,3,0,0,0,0.0,19.0,0.0,-1.0,15.333333333333334,0.16666666666666666,12.956043956043956,0.3333333333333333,0.7,0.6000000000000001,12.0,0.0,
2023,4,Azerbaijan Grand Prix,,Azerbaijan Grand Prix,kevin_magnussen,haas,16.0,,4.800000000000001,1.0,17,0.3333333333333333,13.333333333333334,3,0,0,0,0.0,17.0,0.0,0.0,12.333333333333334,1.1666666666666667,14.363636363636363,2.3333333333333335,0.7,0.6000000000000001,13.0,0.0,
2023,4,Azerbaijan Grand Prix,,Azerbaijan Grand Prix,gasly,alpine,17.0,,5.1000000000000005,4.0,11,1.3333333333333333,10.333333333333334,3,0,0,0,0.0,13.0,0.0,-2.0,11.833333333333334,1.3333333333333333,12.052631578947368,2.6666666666666665,0.7,0.6000000000000001,14.0,0.0,
2023,4,Azerbaijan Grand Prix,,Azerbaijan Grand Prix,ocon,alpine,19.0,,5.700000000000001,4.0,13,1.3333333333333333,13.333333333333334,3,0,0,0,0.0,14.0,0.0,0.0,11.833333333333334,1.3333333333333333,11.539823008849558,2.6666666666666665,0.7,0.6000000000000001,15.0,0.0,
2023,4,Azerbaijan Grand Prix,,Azerbaijan Grand Prix,sargeant,williams,14.0,,4.200000000000001,0.0,20,0.0,14.666666666666666,3,0,0,0,0.0,16.0,0.0,0.0,15.333333333333334,0.16666666666666666,16.333333333333332,0.3333333333333333,0.7,0.6000000000000001,16.0,0.0,
2023,4,Azerbaijan Grand Prix,,Azerbaijan Grand Prix,hulkenberg,haas,20.0,,6.000000000000001,6.0,9,2.0,11.333333333333334,3,0,0,0,0.0,7.0,6.0,6.0,12.333333333333334,1.1666666666666667,12.98611111111111,2.3333333333333335,0.7,0.6000000000000001,17.0,0.0,
2023,4,Azerbaijan Grand Prix,,Azerbaijan Grand Prix,bottas,alfa,13.0,,3.9000000000000004,4.0,12,1.3333333333333333,12.333333333333334,3,0,0,0,0.0,11.0,0.0,-4.0,12.5,1.0,12.4,2.0,0.7,0.6000000000000001,18.0,0.0,
2023,4,Azerbaijan Grand Prix,,Azerbaijan Grand Prix,zhou,alfa,15.0,,4.500000000000001,2.0,15,0.6666666666666666,12.666666666666666,3,0,0,0,0.0,9.0,2.0,2.0,12.5,1.0,14.647058823529411,2.0,0.7,0.6000000000000001,19.0,0.0,
2023,4,Azerbaijan Grand Prix,,Azerbaijan Grand Prix,de_vries,alphatauri,18.0,,5.4,0.0,19,0.0,14.333333333333334,3,0,0,0,0.0,15.0,0.0,0.0,12.5,0.16666666666666666,15.272727272727273,0.3333333333333333,0.7,0.6000000000000001,20.0,0.0,
2023,5,Miami Grand Prix,,Miami Grand Prix,max_verstappen,red_bull,9.0,,4.5,87.0,1,21.75,1.5,4,2,4,2,1.0,2.0,18.0,-7.0,1.875,20.75,3.254385964912281,-2.0,0.5,0.6000000000000001,1.0,26.0,
2023,5,Miami Grand Prix,,Miami Grand Prix,perez,red_bull,1.0,,0.5,79.0,2,19.75,2.25,4,2,3,1,0.75,1.0,25.0,7.0,1.875,20.75,7.166666666666667,-2.0,0.5,0.6000000000000001,2.0,18.0,
2023,5,Miami Grand Prix,,Miami Grand Prix,alonso,aston_martin,2.0,,1.0,57.0,3,14.25,3.25,4,0,3,0,0.75,4.0,12.0,-3.0,6.25,10.375,9.929824561403509,-3.0,0.5,0.6000000000000001,3.0,15.0,
2023,5,Miami Grand Prix,,Miami Grand Prix,russell,mercedes,6.0,,3.0,23.0,7,5.75,9.25,4,0,0,0,0.0,8.0,5.0,-1.0,6.875,8.625,7.587719298245614,1.6666666666666679,0.5,0.6000000000000001,4.0,12.0,
2023,5,Miami Grand Prix,,Miami Grand Prix,sainz,ferrari,3.0,,1.5,30.0,5,7.5,6.75,4,0,0,0,0.0,5.0,10.0,-2.0,9.5,6.375,8.0,1.0,0.5,0.6000000000000001,5.0,10.0,
2023,5,Miami Grand Prix,,Miami Grand Prix,hamilton,mercedes,13.0,,6.5,46.0,4,11.5,4.5,4,0,1,0,0.25,6.0,8.0,-2.0,6.875,8.625,6.271929824561403,1.6666666666666679,0.5,0.6000000000000001,6.0,8.0,
2023,5,Miami Grand Prix,,Miami Grand Prix,leclerc,ferrari,7.0,,3.5,21.0,8,5.25,12.25,4,0,1,1,0.25,3.0,15.0,15.0,9.5,6.375,6.517543859649122,1.0,0.5,0.6000000000000001,7.0,6.0,
2023,5,Miami Grand Prix,,Miami Grand Prix,gasly,alpine,5.0,,2.5,4.0,11,1.0,11.25,4,0,0,0,0.0,14.0,0.0,-2.0,12.5,1.0,12.052631578947368,0.0,0.5,0.6000000000000001,8.0,4.0,
2023,5,Miami Grand Prix,,Miami Grand Prix,ocon,alpine,8.0,,4.0,4.0,14,1.0,13.75,4,0,0,0,0.0,15.0,0.0,0.0,12.5,1.0,11.539823008849558,0.0,0.5,0.6000000000000001,9.0,2.0,
2023,5,Miami Grand Prix,,Miami Grand Prix,kevin_magnussen,haas,4.0,,2.0,1.0,17,0.25,13.25,4,0,0,0,0.0,13.0,0.0,0.0,13.0,0.875,14.363636363636363,2.3333333333333335,0.5,0.6000000000000001,10.0,1.0,
2023,5,Miami Grand Prix,,Miami Grand Prix,tsunoda,alphatauri,17.0,,8.5,2.0,15,0.5,10.5,4,0,0,0,0.0,10.0,1.0,1.0,13.125,0.25,13.324561403508772,0.6666666666666666,0.5,0.6000000000000001,11.0,0.0,
2023,5,Miami Grand Prix,,Miami Grand Prix,stroll,aston_martin,18.0,,9.0,26.0,6,6.5,9.25,4,0,0,0,0.0,7.0,6.0,-2.0,6.25,10.375,12.410714285714286,-3.0,0.5,0.6000000000000001,12.0,0.0,
2023,5,Miami Grand Prix,,Miami Grand Prix,bottas,alfa,10.0,,5.0,4.0,13,1.0,13.75,4,0,0,0,0.0,18.0,0.0,-4.0,14.0,0.75,12.4,-3.3333333333333335,0.5,0.6000000000000001,13.0,0.0,
2023,5,Miami Grand Prix,,Miami Grand Prix,albon,williams,11.0,,5.5,1.0,18,0.25,15.0,4,0,0,0,0.0,12.0,0.0,-1.0,15.0,0.125,12.956043956043956,-1.0,0.5,0.6000000000000001,14.0,0.0,
2023,5,Miami Grand Prix,,Miami Grand Prix,hulkenberg,haas,12.0,,6.0,6.0,10,1.5,12.75,4,0,0,0,0.0,17.0,0.0,0.0,13.0,0.875,12.98611111111111,2.3333333333333335,0.5,0.6000000000000001,15.0,0.0,
2023,5,Miami Grand Prix,,Miami Grand Prix,zhou,alfa,14.0,,7.0,2.0,16,0.5,14.25,4,0,0,0,0.0,19.0,0.0,0.0,14.0,0.75,14.647058823529411,-3.3333333333333335,0.5,0.6000000000000001,16.0,0.0,
2023,5,Miami Grand Prix,,Miami Grand Prix,norris,mclaren,16.0,,8.0,10.0,9,2.5,12.25,4,0,0,0,0.0,9.0,2.0,2.0,12.875,1.75,6.385964912280702,4.666666666666667,0.5,0.6000000000000001,17.0,0.0,
2023,5,Miami Grand Prix,,Miami Grand Prix,de_vries,alphatauri,15.0,,7.5,0.0,20,0.0,15.75,4,0,0,0,0.0,20.0,0.0,0.0,13.125,0.25,15.272727272727273,0.6666666666666666,0.5,0.6000000000000001,18.0,0.0,
2023,5,Miami Grand Prix,,Miami Grand Prix,piastri,mclaren,19.0,,9.5,4.0,12,1.0,13.5,4,0,0,0,0.0,11.0,0.0,0.0,12.875,1.75,6.628571428571429,4.666666666666667,0.5,0.6000000000000001,19.0,0.0,
2023,5,Miami Grand Prix,,Miami Grand Prix,sargeant,williams,20.0,,10.0,0.0,19,0.0,15.0,4,0,0,0,0.0,16.0,0.0,0.0,15.0,0.125,16.333333333333332,-1.0,0.5,0.6000000000000001,20.0,0.0,
2023,6,Monaco Grand Prix,,Monaco Grand Prix,max_verstappen,red_bull,1.0,,0.8,113.0,1,22.6,1.4,5,3,5,2,1.0,1.0,26.0,1.0,1.8,21.0,3.254385964912281,-2.5,0.2,0.6000000000000001,1.0,25.0,
2023,6,Monaco Grand Prix,,Monaco Grand Prix,alonso,aston_martin,2.0,,1.6,72.0,3,14.4,3.2,5,0,4,0,0.8,3.0,15.0,0.0,6.5,9.8,9.929824561403509,1.0,0.2,0.6000000000000001,2.0,18.0,
2023,6,Monaco Grand Prix,,Monaco Grand Prix,ocon,alpine,3.0,,2.4000000000000004,6.0,11,1.2,12.8,5,0,0,0,0.0,9.0,2.0,2.0,11.7,1.4,11.539823008849558,-2.0,0.2,0.6000000000000001,3.0,15.0,
2023,6,Monaco Grand Prix,,Monaco Grand Prix,hamilton,mercedes,5.0,,4.0,54.0,4,10.8,4.8,5,0,1,0,0.2,6.0,8.0,-2.0,6.5,8.9,6.271929824561403,-2.0,0.2,0.6000000000000001,4.0,13.0,
2023,6,Monaco Grand Prix,,Monaco Grand Prix,russell,mercedes,8.0,,6.4,35.0,6,7.0,8.2,5,0,0,0,0.0,4.0,12.0,6.0,6.5,8.9,7.587719298245614,-2.0,0.2,0.6000000000000001,5.0,10.0,
2023,6,Monaco Grand Prix,,Monaco Grand Prix,leclerc,ferrari,6.0,,4.800000000000001,27.0,7,5.4,11.2,5,0,1,1,0.2,7.0,6.0,6.0,8.8,6.7,6.517543859649122,0.6666666666666661,0.2,0.6000000000000001,6.0,8.0,
2023,6,Monaco Grand Prix,,Monaco Grand Prix,gasly,alpine,7.0,,5.6000000000000005,8.0,10,1.6,10.6,5,0,0,0,0.0,8.0,4.0,2.0,11.7,1.4,12.052631578947368,-2.0,0.2,0.6000000000000001,7.0,6.0,
2023,6,Monaco Grand Prix,,Monaco Grand Prix,sainz,ferrari,4.0,,3.2,40.0,5,8.0,6.4,5,0,0,0,0.0,5.0,10.0,-2.0,8.8,6.7,8.0,0.6666666666666661,0.2,0.6000000000000001,8.0,4.0,
2023,6,Monaco Grand Prix,,Monaco Grand Prix,norris,mclaren,10.0,,8.0,10.0,9,2.0,13.2,5,0,0,0,0.0,17.0,0.0,0.0,13.9,1.4,6.385964912280702,4.666666666666667,0.2,0.6000000000000001,9.0,2.0,
2023,6,Monaco Grand Prix,,Monaco Grand Prix,piastri,mclaren,11.0,,8.8,4.0,14,0.8,14.6,5,0,0,0,0.0,19.0,0.0,0.0,13.9,1.4,6.628571428571429,4.666666666666667,0.2,0.6000000000000001,10.0,1.0,
2023,6,Monaco Grand Prix,,Monaco Grand Prix,bottas,alfa,15.0,,12.0,4.0,13,0.8,13.6,5,0,0,0,0.0,13.0,0.0,-4.0,14.1,0.6,12.4,-1.3333333333333335,0.2,0.6000000000000001,11.0,0.0,
2023,6,Monaco Grand Prix,,Monaco Grand Prix,de_vries,alphatauri,12.0,,9.600000000000001,0.0,20,0.0,16.2,5,0,0,0,0.0,18.0,0.0,0.0,13.4,0.2,15.272727272727273,0.6666666666666666,0.2,0.6000000000000001,12.0,0.0,
2023,6,Monaco Grand Prix,,Monaco Grand Prix,zhou,alfa,19.0,,15.200000000000001,2.0,17,0.4,14.6,5,0,0,0,0.0,16.0,0.0,0.0,14.1,0.6,14.647058823529411,-1.3333333333333335,0.2,0.6000000000000001,13.0,0.0,
2023,6,Monaco Grand Prix,,Monaco Grand Prix,albon,williams,13.0,,10.4,1.0,18,0.2,14.8,5,0,0,0,0.0,14.0,0.0,-1.0,15.4,0.1,12.956043956043956,-0.5,0.2,0.6000000000000001,14.0,0.0,
2023,6,Monaco Grand Prix,,Monaco Grand Prix,tsunoda,alphatauri,9.0,,7.2,2.0,15,0.4,10.6,5,0,0,0,0.0,11.0,0.0,0.0,13.4,0.2,13.324561403508772,0.6666666666666666,0.2,0.6000000000000001,15.0,0.0,
2023,6,Monaco Grand Prix,,Monaco Grand Prix,perez,red_bull,20.0,,16.0,97.0,2,19.4,2.2,5,2,4,2,0.8,2.0,18.0,0.0,1.8,21.0,7.166666666666667,-2.5,0.2,0.6000000000000001,16.0,0.0,
2023,6,Monaco Grand Prix,,Monaco Grand Prix,hulkenberg,haas,18.0,,14.4,6.0,12,1.2,13.2,5,0,0,0,0.0,15.0,0.0,0.0,12.9,0.8,12.98611111111111,1.8333333333333335,0.2,0.6000000000000001,17.0,0.0,
2023,6,Monaco Grand Prix,,Monaco Grand Prix,sargeant,williams,16.0,,12.8,0.0,19,0.0,16.0,5,0,0,0,0.0,20.0,0.0,0.0,15.4,0.1,16.333333333333332,-0.5,0.2,0.6000000000000001,18.0,0.0,
2023,6,Monaco Grand Prix,,Monaco Grand Prix,kevin_magnussen,haas,17.0,,13.600000000000001,2.0,16,0.4,12.6,5,0,0,0,0.0,10.0,1.0,1.0,12.9,0.8,14.363636363636363,1.8333333333333335,0.2,0.6000000000000001,19.0,0.0,
2023,6,Monaco Grand Prix,,Monaco Grand Prix,stroll,aston_martin,14.0,,11.200000000000001,26.0,8,5.2,9.8,5,0,0,0,0.0,12.0,0.0,-8.0,6.5,9.8,12.410714285714286,1.0,0.2,0.6000000000000001,20.0,0.0,
2023,7,Spanish Grand Prix,,Spanish Grand Prix,max_verstappen,red_bull,1.0,,0.6,138.0,1,23.0,1.3333333333333333,6,4,6,3,1.0,1.0,25.0,0.0,2.9166666666666665,19.583333333333332,3.254385964912281,-3.6666666666666643,0.4,0.6000000000000001,1.0,26.0,
2023,7,Spanish Grand Prix,,Spanish Grand Prix,hamilton,mercedes,4.0,,2.4,67.0,4,11.166666666666666,4.666666666666667,6,0,1,0,0.16666666666666666,4.0,13.0,3.0,6.166666666666667,9.333333333333334,6.271929824561403,0.0,0.4,0.6000000000000001,2.0,18.0,
2023,7,Spanish Grand Prix,,Spanish Grand Prix,russell,mercedes,12.0,,7.199999999999999,45.0,5,7.5,7.666666666666667,6,0,0,0,0.0,5.0,10.0,4.0,6.166666666666667,9.333333333333334,7.587719298245614,0.0,0.4,0.6000000000000001,3.0,15.0,
2023,7,Spanish Grand Prix,,Spanish Grand Prix,perez,red_bull,11.0,,6.6,97.0,2,16.166666666666668,4.5,6,2,4,2,0.6666666666666666,16.0,0.0,-18.0,2.9166666666666665,19.583333333333332,7.166666666666667,-3.6666666666666643,0.4,0.6000000000000001,4.0,12.0,
2023,7,Spanish Grand Prix,,Spanish Grand Prix,sainz,ferrari,2.0,,1.2,44.0,6,7.333333333333333,6.666666666666667,6,0,0,0,0.0,8.0,4.0,-8.0,8.5,6.583333333333333,8.0,9.000000000000002,0.4,0.6000000000000001,5.0,10.0,
2023,7,Spanish Grand Prix,,Spanish Grand Prix,stroll,aston_martin,5.0,,3.0,26.0,8,4.333333333333333,11.5,6,0,0,0,0.0,20.0,0.0,-8.0,7.25,9.666666666666666,12.410714285714286,-4.666666666666668,0.4,0.6000000000000001,6.0,8.0,
2023,7,Spanish Grand Prix,,Spanish Grand Prix,alonso,aston_martin,8.0,,4.8,90.0,3,15.0,3.0,6,0,5,0,0.8333333333333334,2.0,18.0,3.0,7.25,9.666666666666666,9.929824561403509,-4.666666666666668,0.4,0.6000000000000001,7.0,6.0,
2023,7,Spanish Grand Prix,,Spanish Grand Prix,ocon,alpine,6.0,,3.5999999999999996,21.0,9,3.5,11.166666666666666,6,0,1,0,0.16666666666666666,3.0,15.0,15.0,10.583333333333334,2.9166666666666665,11.539823008849558,6.333333333333334,0.4,0.6000000000000001,8.0,4.0,
2023,7,Spanish Grand Prix,,Spanish Grand Prix,zhou,alfa,13.0,,7.8,2.0,17,0.3333333333333333,14.333333333333334,6,0,0,0,0.0,13.0,0.0,0.0,13.75,0.5,14.647058823529411,-2.0,0.4,0.6000000000000001,9.0,2.0,
2023,7,Spanish Grand Prix,,Spanish Grand Prix,gasly,alpine,10.0,,6.0,14.0,10,2.3333333333333335,10.0,6,0,0,0,0.0,7.0,6.0,4.0,10.583333333333334,2.9166666666666665,12.052631578947368,6.333333333333334,0.4,0.6000000000000001,10.0,1.0,
2023,7,Spanish Grand Prix,,Spanish Grand Prix,leclerc,ferrari,19.0,,11.4,35.0,7,5.833333333333333,10.333333333333334,6,0,1,1,0.16666666666666666,6.0,8.0,8.0,8.5,6.583333333333333,6.517543859649122,9.000000000000002,0.4,0.6000000000000001,11.0,0.0,
2023,7,Spanish Grand Prix,,Spanish Grand Prix,tsunoda,alphatauri,15.0,,9.0,2.0,15,0.3333333333333333,11.333333333333334,6,0,0,0,0.0,15.0,0.0,0.0,13.416666666666666,0.16666666666666666,13.324561403508772,0.0,0.4,0.6000000000000001,12.0,0.0,
2023,7,Spanish Grand Prix,,Spanish Grand Prix,piastri,mclaren,9.0,,5.3999999999999995,5.0,13,0.8333333333333334,13.833333333333334,6,0,0,0,0.0,10.0,1.0,1.0,13.166666666666666,1.4166666666666667,6.628571428571429,-2.333333333333333,0.4,0.6000000000000001,13.0,0.0,
2023,7,Spanish Grand Prix,,Spanish Grand Prix,de_vries,alphatauri,14.0,,8.4,0.0,19,0.0,15.5,6,0,0,0,0.0,12.0,0.0,0.0,13.416666666666666,0.16666666666666666,15.272727272727273,0.0,0.4,0.6000000000000001,14.0,0.0,
2023,7,Spanish Grand Prix,,Spanish Grand Prix,hulkenberg,haas,7.0,,4.2,6.0,12,1.0,13.833333333333334,6,0,0,0,0.0,17.0,0.0,0.0,13.75,0.6666666666666666,12.98611111111111,-2.0,0.4,0.6000000000000001,15.0,0.0,
2023,7,Spanish Grand Prix,,Spanish Grand Prix,albon,williams,18.0,,10.799999999999999,1.0,18,0.16666666666666666,14.666666666666666,6,0,0,0,0.0,14.0,0.0,-1.0,15.5,0.08333333333333333,12.956043956043956,-0.3333333333333333,0.4,0.6000000000000001,16.0,0.0,
2023,7,Spanish Grand Prix,,Spanish Grand Prix,norris,mclaren,3.0,,1.7999999999999998,12.0,11,2.0,12.5,6,0,0,0,0.0,9.0,2.0,2.0,13.166666666666666,1.4166666666666667,6.385964912280702,-2.333333333333333,0.4,0.6000000000000001,17.0,0.0,
2023,7,Spanish Grand Prix,,Spanish Grand Prix,kevin_magnussen,haas,17.0,,10.2,2.0,16,0.3333333333333333,13.666666666666666,6,0,0,0,0.0,19.0,0.0,0.0,13.75,0.6666666666666666,14.363636363636363,-2.0,0.4,0.6000000000000001,18.0,0.0,
2023,7,Spanish Grand Prix,,Spanish Grand Prix,bottas,alfa,16.0,,9.6,4.0,14,0.6666666666666666,13.166666666666666,6,0,0,0,0.0,11.0,0.0,-4.0,13.75,0.5,12.4,-2.0,0.4,0.6000000000000001,19.0,0.0,
2023,7,Spanish Grand Prix,,Spanish Grand Prix,sargeant,williams,20.0,,12.0,0.0,20,0.0,16.333333333333332,6,0,0,0,0.0,18.0,0.0,0.0,15.5,0.08333333333333333,16.333333333333332,-0.3333333333333333,0.4,0.6000000000000001,20.0,0.0,
2023,8,Canadian Grand Prix,,Canadian Grand Prix,max_verstappen,red_bull,1.0,,0.30000000000000004,164.0,1,23.428571428571427,1.2857142857142858,7,5,7,4,1.0,1.0,26.0,1.0,2.857142857142857,19.5,3.254385964912281,-5.333333333333336,0.7,0.6000000000000001,1.0,25.0,
2023,8,Canadian Grand Prix,,Canadian Grand Prix,alonso,aston_martin,2.0,,0.6000000000000001,96.0,3,13.714285714285714,3.5714285714285716,7,0,5,0,0.7142857142857143,7.0,6.0,-9.0,7.142857142857143,9.285714285714286,9.929824561403509,-4.333333333333334,0.7,0.6000000000000001,2.0,18.0,
2023,8,Canadian Grand Prix,,Canadian Grand Prix,hamilton,mercedes,3.0,,0.9000000000000001,85.0,4,12.142857142857142,4.285714285714286,7,0,2,0,0.2857142857142857,2.0,18.0,8.0,5.642857142857143,10.357142857142858,6.271929824561403,7.666666666666664,0.7,0.6000000000000001,3.0,15.0,
2023,8,Canadian Grand Prix,,Canadian Grand Prix,leclerc,ferrari,10.0,,3.0000000000000004,35.0,7,5.0,10.428571428571429,7,0,1,1,0.14285714285714285,11.0,0.0,0.0,8.428571428571429,6.357142857142857,6.517543859649122,-0.3333333333333339,0.7,0.6000000000000001,4.0,12.0,
2023,8,Canadian Grand Prix,,Canadian Grand Prix,sainz,ferrari,11.0,,3.3000000000000007,54.0,6,7.714285714285714,6.428571428571429,7,0,0,0,0.0,5.0,10.0,-2.0,8.428571428571429,6.357142857142857,8.0,-0.3333333333333339,0.7,0.6000000000000001,5.0,10.0,
2023,8,Canadian Grand Prix,,Canadian Grand Prix,perez,red_bull,12.0,,3.6000000000000005,109.0,2,15.571428571428571,4.428571428571429,7,2,4,2,0.5714285714285714,4.0,12.0,-6.0,2.857142857142857,19.5,7.166666666666667,-5.333333333333336,0.7,0.6000000000000001,6.0,9.0,
2023,8,Canadian Grand Prix,,Canadian Grand Prix,albon,williams,9.0,,2.7,1.0,18,0.14285714285714285,14.857142857142858,7,0,0,0,0.0,16.0,0.0,-1.0,15.857142857142858,0.07142857142857142,12.956043956043956,0.0,0.7,0.6000000000000001,7.0,6.0,
2023,8,Canadian Grand Prix,,Canadian Grand Prix,ocon,alpine,6.0,,1.8000000000000003,25.0,9,3.5714285714285716,10.714285714285714,7,0,1,0,0.14285714285714285,8.0,4.0,4.0,10.357142857142858,2.857142857142857,11.539823008849558,8.666666666666666,0.7,0.6000000000000001,8.0,4.0,
2023,8,Canadian Grand Prix,,Canadian Grand Prix,stroll,aston_martin,16.0,,4.800000000000001,34.0,8,4.857142857142857,10.714285714285714,7,0,0,0,0.0,6.0,8.0,0.0,7.142857142857143,9.285714285714286,12.410714285714286,-4.333333333333334,0.7,0.6000000000000001,9.0,2.0,
2023,8,Canadian Grand Prix,,Canadian Grand Prix,bottas,alfa,14.0,,4.200000000000001,4.0,15,0.5714285714285714,14.0,7,0,0,0,0.0,19.0,0.0,-4.0,13.785714285714286,0.5714285714285714,12.4,0.0,0.7,0.6000000000000001,10.0,1.0,
2023,8,Canadian Grand Prix,,Canadian Grand Prix,piastri,mclaren,8.0,,2.4000000000000004,5.0,13,0.7142857142857143,13.714285714285714,7,0,0,0,0.0,13.0,0.0,0.0,13.428571428571429,1.2142857142857142,6.628571428571429,-3.666666666666667,0.7,0.6000000000000001,11.0,0.0,
2023,8,Canadian Grand Prix,,Canadian Grand Prix,gasly,alpine,15.0,,4.500000000000001,15.0,10,2.142857142857143,10.0,7,0,0,0,0.0,10.0,1.0,-1.0,10.357142857142858,2.857142857142857,12.052631578947368,8.666666666666666,0.7,0.6000000000000001,12.0,0.0,
2023,8,Canadian Grand Prix,,Canadian Grand Prix,norris,mclaren,7.0,,2.1000000000000005,12.0,11,1.7142857142857142,13.142857142857142,7,0,0,0,0.0,17.0,0.0,0.0,13.428571428571429,1.2142857142857142,6.385964912280702,-3.666666666666667,0.7,0.6000000000000001,13.0,0.0,
2023,8,Canadian Grand Prix,,Canadian Grand Prix,tsunoda,alphatauri,19.0,,5.700000000000001,2.0,16,0.2857142857142857,11.428571428571429,7,0,0,0,0.0,12.0,0.0,0.0,13.357142857142858,0.14285714285714285,13.324561403508772,-0.6666666666666666,0.7,0.6000000000000001,14.0,0.0,
2023,8,Canadian Grand Prix,,Canadian Grand Prix,hulkenberg,haas,5.0,,1.5000000000000002,6.0,12,0.8571428571428571,14.0,7,0,0,0,0.0,15.0,0.0,0.0,14.142857142857142,0.5714285714285714,12.98611111111111,-2.0,0.7,0.6000000000000001,15.0,0.0,
2023,8,Canadian Grand Prix,,Canadian Grand Prix,zhou,alfa,20.0,,6.000000000000001,4.0,14,0.5714285714285714,13.571428571428571,7,0,0,0,0.0,9.0,2.0,2.0,13.785714285714286,0.5714285714285714,14.647058823529411,0.0,0.7,0.6000000000000001,16.0,0.0,
2023,8,Canadian Grand Prix,,Canadian Grand Prix,kevin_magnussen,haas,13.0,,3.9000000000000004,2.0,17,0.2857142857142857,14.285714285714286,7,0,0,0,0.0,18.0,0.0,0.0,14.142857142857142,0.5714285714285714,14.363636363636363,-2.0,0.7,0.6000000000000001,17.0,0.0,
2023,8,Canadian Grand Prix,,Canadian Grand Prix,de_vries,alphatauri,17.0,,5.1000000000000005,0.0,19,0.0,15.285714285714286,7,0,0,0,0.0,14.0,0.0,0.0,13.357142857142858,0.14285714285714285,15.272727272727273,-0.6666666666666666,0.7,0.6000000000000001,18.0,0.0,
2023,8,Canadian Grand Prix,,Canadian Grand Prix,russell,mercedes,4.0,,1.2000000000000002,60.0,5,8.571428571428571,7.0,7,0,1,0,0.14285714285714285,3.0,15.0,9.0,5.642857142857143,10.357142857142858,7.587719298245614,7.666666666666664,0.7,0.6000000000000001,19.0,0.0,
2023,8,Canadian Grand Prix,,Canadian Grand Prix,sargeant,williams,18.0,,5.4,0.0,20,0.0,16.857142857142858,7,0,0,0,0.0,20.0,0.0,0.0,15.857142857142858,0.07142857142857142,16.333333333333332,0.0,0.7,0.6000000000000001,20.0,0.0,
2023,9,Austrian Grand Prix,,Austrian Grand Prix,max_verstappen,red_bull,1.0,,0.4,189.0,1,23.625,1.25,8,6,8,5,1.0,1.0,25.0,0.0,2.9375,19.1875,3.254385964912281,-8.666666666666664,0.6,0.6000000000000001,1.0,26.0,
2023,9,Austrian Grand Prix,,Austrian Grand Prix,leclerc,ferrari,2.0,,0.8,47.0,7,5.875,9.625,8,0,1,1,0.125,4.0,12.0,12.0,7.9375,6.9375,6.517543859649122,1.0,0.6,0.6000000000000001,2.0,18.0,
2023,9,Austrian Grand Prix,,Austrian Grand Prix,perez,red_bull,15.0,,6.0,118.0,2,14.75,4.625,8,2,4,2,0.5,6.0,9.0,-9.0,2.9375,19.1875,7.166666666666667,-8.666666666666664,0.6,0.6000000000000001,3.0,15.0,
2023,9,Austrian Grand Prix,,Austrian Grand Prix,norris,mclaren,4.0,,1.6,12.0,11,1.5,13.125,8,0,0,0,0.0,13.0,0.0,0.0,13.25,1.0625,6.385964912280702,-3.666666666666667,0.6,0.6000000000000001,4.0,12.0,
2023,9,Austrian Grand Prix,,Austrian Grand Prix,alonso,aston_martin,7.0,,2.8000000000000003,114.0,3,14.25,3.375,8,0,6,0,0.75,2.0,18.0,3.0,6.9375,9.375,9.929824561403509,-2.666666666666668,0.6,0.6000000000000001,5.0,10.0,
2023,9,Austrian Grand Prix,,Austrian Grand Prix,sainz,ferrari,3.0,,1.2000000000000002,64.0,5,8.0,6.25,8,0,0,0,0.0,5.0,10.0,-2.0,7.9375,6.9375,8.0,1.0,0.6,0.6000000000000001,6.0,8.0,
2023,9,Austrian Grand Prix,,Austrian Grand Prix,russell,mercedes,11.0,,4.4,60.0,6,7.5,8.5,8,0,1,0,0.125,19.0,0.0,-6.0,6.3125,10.0,7.587719298245614,6.666666666666668,0.6,0.6000000000000001,7.0,6.0,
2023,9,Austrian Grand Prix,,Austrian Grand Prix,hamilton,mercedes,5.0,,2.0,100.0,4,12.5,4.125,8,0,3,0,0.375,3.0,15.0,5.0,6.3125,10.0,6.271929824561403,6.666666666666668,0.6,0.6000000000000001,8.0,4.0,
2023,9,Austrian Grand Prix,,Austrian Grand Prix,stroll,aston_martin,6.0,,2.4000000000000004,36.0,8,4.5,10.5,8,0,0,0,0.0,9.0,2.0,-6.0,6.9375,9.375,12.410714285714286,-2.666666666666668,0.6,0.6000000000000001,9.0,2.0,
2023,9,Austrian Grand Prix,,Austrian Grand Prix,gasly,alpine,9.0,,3.6,15.0,10,1.875,10.25,8,0,0,0,0.0,12.0,0.0,-2.0,10.3125,2.75,12.052631578947368,8.0,0.6,0.6000000000000001,10.0,1.0,
2023,9,Austrian Grand Prix,,Austrian Grand Prix,albon,williams,10.0,,4.0,7.0,12,0.875,13.875,8,0,0,0,0.0,7.0,6.0,5.0,15.5625,0.4375,12.956043956043956,2.0,0.6,0.6000000000000001,11.0,0.0,
2023,9,Austrian Grand Prix,,Austrian Grand Prix,zhou,alfa,17.0,,6.800000000000001,4.0,16,0.5,13.875,8,0,0,0,0.0,16.0,0.0,0.0,13.6875,0.5625,14.647058823529411,0.33333333333333337,0.6,0.6000000000000001,12.0,0.0,
2023,9,Austrian Grand Prix,,Austrian Grand Prix,sargeant,williams,18.0,,7.2,0.0,20,0.0,17.25,8,0,0,0,0.0,20.0,0.0,0.0,15.5625,0.4375,16.333333333333332,2.0,0.6,0.6000000000000001,13.0,0.0,
2023,9,Austrian Grand Prix,,Austrian Grand Prix,ocon,alpine,12.0,,4.800000000000001,29.0,9,3.625,10.375,8,0,1,0,0.125,8.0,4.0,4.0,10.3125,2.75,11.539823008849558,8.0,0.6,0.6000000000000001,14.0,0.0,
2023,9,Austrian Grand Prix,,Austrian Grand Prix,bottas,alfa,14.0,,5.6000000000000005,5.0,15,0.625,13.5,8,0,0,0,0.0,10.0,1.0,-3.0,13.6875,0.5625,12.4,0.33333333333333337,0.6,0.6000000000000001,15.0,0.0,
2023,9,Austrian Grand Prix,,Austrian Grand Prix,piastri,mclaren,13.0,,5.2,5.0,14,0.625,13.375,8,0,0,0,0.0,11.0,0.0,0.0,13.25,1.0625,6.628571428571429,-3.666666666666667,0.6,0.6000000000000001,16.0,0.0,
2023,9,Austrian Grand Prix,,Austrian Grand Prix,de_vries,alphatauri,20.0,,8.0,0.0,19,0.0,15.625,8,0,0,0,0.0,18.0,0.0,0.0,13.6875,0.125,15.272727272727273,-0.6666666666666666,0.6,0.6000000000000001,17.0,0.0,
2023,9,Austrian Grand Prix,,Austrian Grand Prix,kevin_magnussen,haas,19.0,,7.6000000000000005,2.0,18,0.25,14.625,8,0,0,0,0.0,17.0,0.0,0.0,14.375,0.5,14.363636363636363,-2.3333333333333335,0.6,0.6000000000000001,18.0,0.0,
2023,9,Austrian Grand Prix,,Austrian Grand Prix,tsunoda,alphatauri,16.0,,6.4,2.0,17,0.25,11.75,8,0,0,0,0.0,14.0,0.0,0.0,13.6875,0.125,13.324561403508772,-0.6666666666666666,0.6,0.6000000000000001,19.0,0.0,
2023,9,Austrian Grand Prix,,Austrian Grand Prix,hulkenberg,haas,8.0,,3.2,6.0,13,0.75,14.125,8,0,0,0,0.0,15.0,0.0,0.0,14.375,0.5,12.98611111111111,-2.3333333333333335,0.6,0.6000000000000001,20.0,0.0,
2023,10,British Grand Prix,,British Grand Prix,max_verstappen,red_bull,1.0,,0.30000000000000004,215.0,1,23.88888888888889,1.2222222222222223,9,7,9,6,1.0,1.0,26.0,1.0,2.8333333333333335,19.333333333333332,3.254385964912281,0.3333333333333286,0.7,0.6000000000000001,1.0,26.0,
2023,10,British Grand Prix,,British Grand Prix,norris,mclaren,2.0,,0.6000000000000001,24.0,10,2.6666666666666665,12.11111111111111,9,0,0,0,0.0,4.0,12.0,12.0,12.88888888888889,1.6111111111111112,6.385964912280702,2.333333333333333,0.7,0.6000000000000001,2.0,18.0,
2023,10,British Grand Prix,,British Grand Prix,hamilton,mercedes,7.0,,2.1000000000000005,104.0,4,11.555555555555555,4.555555555555555,9,0,3,0,0.3333333333333333,8.0,4.0,-6.0,6.444444444444445,9.444444444444445,6.271929824561403,0.6666666666666643,0.7,0.6000000000000001,3.0,15.0,
2023,10,British Grand Prix,,British Grand Prix,piastri,mclaren,3.0,,0.9000000000000001,5.0,15,0.5555555555555556,13.666666666666666,9,0,0,0,0.0,16.0,0.0,0.0,12.88888888888889,1.6111111111111112,6.628571428571429,2.333333333333333,0.7,0.6000000000000001,4.0,12.0,
2023,10,British Grand Prix,,British Grand Prix,russell,mercedes,6.0,,1.8000000000000003,66.0,6,7.333333333333333,8.333333333333334,9,0,1,0,0.1111111111111111,7.0,6.0,0.0,6.444444444444445,9.444444444444445,7.587719298245614,0.6666666666666643,0.7,0.6000000000000001,5.0,10.0,
2023,10,British Grand Prix,,British Grand Prix,perez,red_bull,15.0,,4.500000000000001,133.0,2,14.777777777777779,4.444444444444445,9,2,5,2,0.5555555555555556,3.0,15.0,-3.0,2.8333333333333335,19.333333333333332,7.166666666666667,0.3333333333333286,0.7,0.6000000000000001,6.0,8.0,
2023,10,British Grand Prix,,British Grand Prix,alonso,aston_martin,9.0,,2.7,124.0,3,13.777777777777779,3.5555555555555554,9,0,6,0,0.6666666666666666,5.0,10.0,-5.0,6.944444444444445,9.0,9.929824561403509,-1.666666666666666,0.7,0.6000000000000001,7.0,6.0,
2023,10,British Grand Prix,,British Grand Prix,albon,williams,8.0,,2.4000000000000004,7.0,12,0.7777777777777778,13.555555555555555,9,0,0,0,0.0,11.0,0.0,-1.0,15.166666666666666,0.3888888888888889,12.956043956043956,2.0,0.7,0.6000000000000001,8.0,4.0,
2023,10,British Grand Prix,,British Grand Prix,leclerc,ferrari,4.0,,1.2000000000000002,65.0,7,7.222222222222222,8.777777777777779,9,0,2,1,0.2222222222222222,2.0,18.0,18.0,7.5,7.611111111111111,6.517543859649122,1.6666666666666643,0.7,0.6000000000000001,9.0,2.0,
2023,10,British Grand Prix,,British Grand Prix,sainz,ferrari,5.0,,1.5000000000000002,72.0,5,8.0,6.222222222222222,9,0,0,0,0.0,6.0,8.0,-4.0,7.5,7.611111111111111,8.0,1.6666666666666643,0.7,0.6000000000000001,10.0,1.0,
2023,10,British Grand Prix,,British Grand Prix,sargeant,williams,14.0,,4.200000000000001,0.0,20,0.0,16.77777777777778,9,0,0,0,0.0,13.0,0.0,0.0,15.166666666666666,0.3888888888888889,16.333333333333332,2.0,0.7,0.6000000000000001,11.0,0.0,
2023,10,British Grand Prix,,British Grand Prix,bottas,alfa,20.0,,6.000000000000001,5.0,14,0.5555555555555556,13.666666666666666,9,0,0,0,0.0,15.0,0.0,-4.0,13.666666666666666,0.5,12.4,1.0,0.7,0.6000000000000001,12.0,0.0,
2023,10,British Grand Prix,,British Grand Prix,hulkenberg,haas,11.0,,3.3000000000000007,6.0,13,0.6666666666666666,14.777777777777779,9,0,0,0,0.0,20.0,0.0,0.0,14.88888888888889,0.4444444444444444,12.98611111111111,-0.3333333333333333,0.7,0.6000000000000001,13.0,0.0,
2023,10,British Grand Prix,,British Grand Prix,stroll,aston_martin,12.0,,3.6000000000000005,38.0,8,4.222222222222222,10.333333333333334,9,0,0,0,0.0,9.0,2.0,-6.0,6.944444444444445,9.0,12.410714285714286,-1.666666666666666,0.7,0.6000000000000001,14.0,0.0,
2023,10,British Grand Prix,,British Grand Prix,zhou,alfa,17.0,,5.1000000000000005,4.0,16,0.4444444444444444,13.666666666666666,9,0,0,0,0.0,12.0,0.0,0.0,13.666666666666666,0.5,14.647058823529411,1.0,0.7,0.6000000000000001,15.0,0.0,
2023,10,British Grand Prix,,British Grand Prix,tsunoda,alphatauri,16.0,,4.800000000000001,2.0,17,0.2222222222222222,12.555555555555555,9,0,0,0,0.0,19.0,0.0,0.0,14.166666666666666,0.1111111111111111,13.324561403508772,-0.3333333333333333,0.7,0.6000000000000001,16.0,0.0,
2023,10,British Grand Prix,,British Grand Prix,de_vries,alphatauri,18.0,,5.4,0.0,19,0.0,15.777777777777779,9,0,0,0,0.0,17.0,0.0,0.0,14.166666666666666,0.1111111111111111,15.272727272727273,-0.3333333333333333,0.7,0.6000000000000001,17.0,0.0,
2023,10,British Grand Prix,,British Grand Prix,gasly,alpine,10.0,,3.0000000000000004,16.0,11,1.7777777777777777,10.222222222222221,9,0,0,0,0.0,10.0,1.0,-1.0,10.5,2.5,12.052631578947368,-5.666666666666666,0.7,0.6000000000000001,18.0,0.0,
2023,10,British Grand Prix,,British Grand Prix,kevin_magnussen,haas,19.0,,5.700000000000001,2.0,18,0.2222222222222222,15.0,9,0,0,0,0.0,18.0,0.0,0.0,14.88888888888889,0.4444444444444444,14.363636363636363,-0.3333333333333333,0.7,0.6000000000000001,19.0,0.0,
2023,10,British Grand Prix,,British Grand Prix,ocon,alpine,13.0,,3.9000000000000004,29.0,9,3.2222222222222223,10.777777777777779,9,0,1,0,0.1111111111111111,14.0,0.0,0.0,10.5,2.5,11.539823008849558,-5.666666666666666,0.7,0.6000000000000001,20.0,0.0,
2023,11,Hungarian Grand Prix,,Hungarian Grand Prix,max_verstappen,red_bull,2.0,,1.4,241.0,1,24.1,1.2,10,8,10,7,1.0,1.0,26.0,1.0,2.9,19.1,3.254385964912281,0.6666666666666714,0.3,0.6000000000000001,1.0,26.0,
2023,11,Hungarian Grand Prix,,Hungarian Grand Prix,norris,mclaren,3.0,,2.0999999999999996,42.0,8,4.2,11.1,10,0,1,0,0.1,2.0,18.0,18.0,11.9,2.95,6.385964912280702,13.0,0.3,0.6000000000000001,2.0,18.0,
2023,11,Hungarian Grand Prix,,Hungarian Grand Prix,perez,red_bull,9.0,,6.3,141.0,2,14.1,4.6,10,2,5,2,0.5,6.0,8.0,-10.0,2.9,19.1,7.166666666666667,0.6666666666666714,0.3,0.6000000000000001,3.0,15.0,
2023,11,Hungarian Grand Prix,,Hungarian Grand Prix,hamilton,mercedes,1.0,,0.7,119.0,4,11.9,4.4,10,0,4,0,0.4,3.0,15.0,5.0,6.2,9.75,6.271929824561403,-8.666666666666664,0.3,0.6000000000000001,4.0,12.0,
2023,11,Hungarian Grand Prix,,Hungarian Grand Prix,piastri,mclaren,4.0,,2.8,17.0,11,1.7,12.7,10,0,0,0,0.0,4.0,12.0,12.0,11.9,2.95,6.628571428571429,13.0,0.3,0.6000000000000001,5.0,10.0,
2023,11,Hungarian Grand Prix,,Hungarian Grand Prix,russell,mercedes,18.0,,12.6,76.0,5,7.6,8.0,10,0,1,0,0.1,5.0,10.0,4.0,6.2,9.75,7.587719298245614,-8.666666666666664,0.3,0.6000000000000001,6.0,8.0,
2023,11,Hungarian Grand Prix,,Hungarian Grand Prix,leclerc,ferrari,6.0,,4.199999999999999,67.0,7,6.7,8.8,10,0,2,1,0.2,9.0,2.0,2.0,7.7,7.0,6.517543859649122,4.333333333333334,0.3,0.6000000000000001,7.0,6.0,
2023,11,Hungarian Grand Prix,,Hungarian Grand Prix,sainz,ferrari,11.0,,7.699999999999999,73.0,6,7.3,6.6,10,0,0,0,0.0,10.0,1.0,-11.0,7.7,7.0,8.0,4.333333333333334,0.3,0.6000000000000001,8.0,4.0,
2023,11,Hungarian Grand Prix,,Hungarian Grand Prix,alonso,aston_martin,8.0,,5.6,130.0,3,13.0,3.9,10,0,6,0,0.6,7.0,6.0,-9.0,7.3,8.4,9.929824561403509,-3.0,0.3,0.6000000000000001,9.0,2.0,
2023,11,Hungarian Grand Prix,,Hungarian Grand Prix,stroll,aston_martin,14.0,,9.799999999999999,38.0,9,3.8,10.7,10,0,0,0,0.0,14.0,0.0,-8.0,7.3,8.4,12.410714285714286,-3.0,0.3,0.6000000000000001,10.0,1.0,
2023,11,Hungarian Grand Prix,,Hungarian Grand Prix,albon,williams,16.0,,11.2,11.0,13,1.1,13.0,10,0,0,0,0.0,8.0,4.0,3.0,14.6,0.55,12.956043956043956,3.3333333333333335,0.3,0.6000000000000001,11.0,0.0,
2023,11,Hungarian Grand Prix,,Hungarian Grand Prix,bottas,alfa,7.0,,4.8999999999999995,5.0,15,0.5,13.5,10,0,0,0,0.0,12.0,0.0,-4.0,13.65,0.45,12.4,-0.3333333333333333,0.3,0.6000000000000001,12.0,0.0,
2023,11,Hungarian Grand Prix,,Hungarian Grand Prix,ricciardo,alphatauri,13.0,,9.1,0.0,999,,,0,0,0,0,,,,,14.4,0.1,11.507246376811594,0.0,0.3,0.6000000000000001,13.0,0.0,
2023,11,Hungarian Grand Prix,,Hungarian Grand Prix,hulkenberg,haas,10.0,,7.0,6.0,14,0.6,14.6,10,0,0,0,0.0,13.0,0.0,0.0,15.0,0.4,12.98611111111111,-0.3333333333333333,0.3,0.6000000000000001,14.0,0.0,
2023,11,Hungarian Grand Prix,,Hungarian Grand Prix,tsunoda,alphatauri,17.0,,11.899999999999999,2.0,17,0.2,12.9,10,0,0,0,0.0,16.0,0.0,0.0,14.4,0.1,13.324561403508772,0.0,0.3,0.6000000000000001,15.0,0.0,
2023,11,Hungarian Grand Prix,,Hungarian Grand Prix,zhou,alfa,5.0,,3.5,4.0,16,0.4,13.8,10,0,0,0,0.0,15.0,0.0,0.0,13.65,0.45,14.647058823529411,-0.3333333333333333,0.3,0.6000000000000001,16.0,0.0,
2023,11,Hungarian Grand Prix,,Hungarian Grand Prix,kevin_magnussen,haas,19.0,,13.299999999999999,2.0,18,0.2,15.4,10,0,0,0,0.0,19.0,0.0,0.0,15.0,0.4,14.363636363636363,-0.3333333333333333,0.3,0.6000000000000001,17.0,0.0,
2023,11,Hungarian Grand Prix,,Hungarian Grand Prix,sargeant,williams,20.0,,14.0,0.0,20,0.0,16.2,10,0,0,0,0.0,11.0,0.0,0.0,14.6,0.55,16.333333333333332,3.3333333333333335,0.3,0.6000000000000001,18.0,0.0,
2023,11,Hungarian Grand Prix,,Hungarian Grand Prix,ocon,alpine,12.0,,8.399999999999999,29.0,10,2.9,11.7,10,0,1,0,0.1,20.0,0.0,0.0,11.35,2.25,11.539823008849558,-9.0,0.3,0.6000000000000001,19.0,0.0,
2023,11,Hungarian Grand Prix,,Hungarian Grand Prix,gasly,alpine,15.0,,10.5,16.0,12,1.6,11.0,10,0,0,0,0.0,18.0,0.0,-2.0,11.35,2.25,12.052631578947368,-9.0,0.3,0.6000000000000001,20.0,0.0,
2023,12,Belgian Grand Prix,,Belgian Grand Prix,max_verstappen,red_bull,6.0,,1.1999999999999997,267.0,1,24.272727272727273,1.1818181818181819,11,9,11,7,1.0,1.0,26.0,1.0,2.8181818181818183,19.227272727272727,3.254385964912281,6.333333333333329,0.8,0.6000000000000001,1.0,25.0,
2023,12,Belgian Grand Prix,,Belgian Grand Prix,perez,red_bull,2.0,,0.3999999999999999,156.0,2,14.181818181818182,4.454545454545454,11,2,6,2,0.5454545454545454,3.0,15.0,-3.0,2.8181818181818183,19.227272727272727,7.166666666666667,6.333333333333329,0.8,0.6000000000000001,2.0,18.0,
2023,12,Belgian Grand Prix,,Belgian Grand Prix,leclerc,ferrari,1.0,,0.19999999999999996,73.0,7,6.636363636363637,8.636363636363637,11,0,2,1,0.18181818181818182,7.0,6.0,6.0,7.681818181818182,6.818181818181818,6.517543859649122,-1.666666666666666,0.8,0.6000000000000001,3.0,15.0,
2023,12,Belgian Grand Prix,,Belgian Grand Prix,hamilton,mercedes,3.0,,0.5999999999999999,131.0,4,11.909090909090908,4.363636363636363,11,0,4,1,0.36363636363636365,4.0,12.0,2.0,6.090909090909091,9.772727272727273,6.271929824561403,-5.333333333333336,0.8,0.6000000000000001,4.0,13.0,
2023,12,Belgian Grand Prix,,Belgian Grand Prix,alonso,aston_martin,9.0,,1.7999999999999996,132.0,3,12.0,4.363636363636363,11,0,6,0,0.5454545454545454,9.0,2.0,-13.0,7.5,7.7727272727272725,9.929824561403509,-10.333333333333332,0.8,0.6000000000000001,5.0,10.0,
2023,12,Belgian Grand Prix,,Belgian Grand Prix,russell,mercedes,8.0,,1.5999999999999996,84.0,5,7.636363636363637,7.818181818181818,11,0,1,0,0.09090909090909091,6.0,8.0,2.0,6.090909090909091,9.772727272727273,7.587719298245614,-5.333333333333336,0.8,0.6000000000000001,6.0,8.0,
2023,12,Belgian Grand Prix,,Belgian Grand Prix,norris,mclaren,7.0,,1.3999999999999997,60.0,8,5.454545454545454,10.272727272727273,11,0,2,0,0.18181818181818182,2.0,18.0,18.0,11.136363636363637,3.9545454545454546,6.385964912280702,22.333333333333332,0.8,0.6000000000000001,7.0,6.0,
2023,12,Belgian Grand Prix,,Belgian Grand Prix,ocon,alpine,14.0,,2.7999999999999994,29.0,10,2.6363636363636362,12.363636363636363,11,0,1,0,0.09090909090909091,19.0,0.0,0.0,12.090909090909092,2.0454545454545454,11.539823008849558,-9.666666666666666,0.8,0.6000000000000001,8.0,4.0,
2023,12,Belgian Grand Prix,,Belgian Grand Prix,stroll,aston_martin,10.0,,1.9999999999999996,39.0,9,3.5454545454545454,10.636363636363637,11,0,0,0,0.0,10.0,1.0,-7.0,7.5,7.7727272727272725,12.410714285714286,-10.333333333333332,0.8,0.6000000000000001,9.0,2.0,
2023,12,Belgian Grand Prix,,Belgian Grand Prix,tsunoda,alphatauri,11.0,,2.1999999999999993,2.0,17,0.18181818181818182,13.090909090909092,11,0,0,0,0.0,15.0,0.0,0.0,14.363636363636363,0.09090909090909091,13.324561403508772,0.0,0.8,0.6000000000000001,10.0,1.0,
2023,12,Belgian Grand Prix,,Belgian Grand Prix,gasly,alpine,12.0,,2.3999999999999995,16.0,12,1.4545454545454546,11.818181818181818,11,0,0,0,0.0,20.0,0.0,-2.0,12.090909090909092,2.0454545454545454,12.052631578947368,-9.666666666666666,0.8,0.6000000000000001,11.0,0.0,
2023,12,Belgian Grand Prix,,Belgian Grand Prix,bottas,alfa,13.0,,2.5999999999999996,5.0,15,0.45454545454545453,13.363636363636363,11,0,0,0,0.0,12.0,0.0,-4.0,13.681818181818182,0.4090909090909091,12.4,-1.0,0.8,0.6000000000000001,12.0,0.0,
2023,12,Belgian Grand Prix,,Belgian Grand Prix,zhou,alfa,17.0,,3.3999999999999995,4.0,16,0.36363636363636365,14.0,11,0,0,0,0.0,16.0,0.0,0.0,13.681818181818182,0.4090909090909091,14.647058823529411,-1.0,0.8,0.6000000000000001,13.0,0.0,
2023,12,Belgian Grand Prix,,Belgian Grand Prix,albon,williams,15.0,,2.999999999999999,11.0,13,1.0,12.818181818181818,11,0,0,0,0.0,11.0,0.0,-1.0,14.590909090909092,0.5,12.956043956043956,-0.6666666666666667,0.8,0.6000000000000001,14.0,0.0,
2023,12,Belgian Grand Prix,,Belgian Grand Prix,kevin_magnussen,haas,16.0,,3.1999999999999993,2.0,18,0.18181818181818182,15.545454545454545,11,0,0,0,0.0,17.0,0.0,0.0,15.045454545454545,0.36363636363636365,14.363636363636363,0.0,0.8,0.6000000000000001,15.0,0.0,
2023,12,Belgian Grand Prix,,Belgian Grand Prix,ricciardo,alphatauri,19.0,,3.799999999999999,0.0,19,0.0,13.0,1,0,0,0,0.0,13.0,0.0,,14.363636363636363,0.09090909090909091,11.507246376811594,0.0,0.8,0.6000000000000001,16.0,0.0,
2023,12,Belgian Grand Prix,,Belgian Grand Prix,sargeant,williams,18.0,,3.599999999999999,0.0,21,0.0,16.363636363636363,11,0,0,0,0.0,18.0,0.0,0.0,14.590909090909092,0.5,16.333333333333332,-0.6666666666666667,0.8,0.6000000000000001,17.0,0.0,
2023,12,Belgian Grand Prix,,Belgian Grand Prix,hulkenberg,haas,20.0,,3.999999999999999,6.0,14,0.5454545454545454,14.545454545454545,11,0,0,0,0.0,14.0,0.0,0.0,15.045454545454545,0.36363636363636365,12.98611111111111,0.0,0.8,0.6000000000000001,18.0,0.0,
2023,12,Belgian Grand Prix,,Belgian Grand Prix,sainz,ferrari,4.0,,0.7999999999999998,77.0,6,7.0,6.7272727272727275,11,0,0,0,0.0,8.0,4.0,-8.0,7.681818181818182,6.818181818181818,8.0,-1.666666666666666,0.8,0.6000000000000001,19.0,0.0,
2023,12,Belgian Grand Prix,,Belgian Grand Prix,piastri,mclaren,5.0,,0.9999999999999998,27.0,11,2.4545454545454546,12.0,11,0,0,0,0.0,5.0,10.0,10.0,11.136363636363637,3.9545454545454546,6.628571428571429,22.333333333333332,0.8,0.6000000000000001,20.0,0.0,
2023,13,Dutch Grand Prix,,Dutch Grand Prix,max_verstappen,red_bull,1.0,,0.7,292.0,1,24.333333333333332,1.1666666666666667,12,10,12,7,1.0,1.0,25.0,0.0,2.7083333333333335,19.416666666666668,3.254385964912281,1.6666666666666714,0.3,0.6000000000000001,1.0,25.0,
2023,13,Dutch Grand Prix,,Dutch Grand Prix,alonso,aston_martin,5.0,,3.5,142.0,4,11.833333333333334,4.416666666666667,12,0,6,0,0.5,5.0,10.0,-5.0,7.458333333333333,7.625,9.929824561403509,-8.333333333333334,0.3,0.6000000000000001,2.0,19.0,
2023,13,Dutch Grand Prix,,Dutch Grand Prix,gasly,alpine,12.0,,8.399999999999999,16.0,12,1.3333333333333333,11.75,12,0,0,0,0.0,11.0,0.0,-2.0,11.875,2.0416666666666665,12.052631578947368,-2.0,0.3,0.6000000000000001,3.0,15.0,
2023,13,Dutch Grand Prix,,Dutch Grand Prix,perez,red_bull,7.0,,4.8999999999999995,174.0,2,14.5,4.25,12,2,7,2,0.5833333333333334,2.0,18.0,0.0,2.7083333333333335,19.416666666666668,7.166666666666667,1.6666666666666714,0.3,0.6000000000000001,4.0,12.0,
2023,13,Dutch Grand Prix,,Dutch Grand Prix,sainz,ferrari,6.0,,4.199999999999999,77.0,7,6.416666666666667,7.75,12,0,0,0,0.0,19.0,0.0,-12.0,7.958333333333333,6.875,8.0,-9.999999999999998,0.3,0.6000000000000001,5.0,10.0,
2023,13,Dutch Grand Prix,,Dutch Grand Prix,hamilton,mercedes,13.0,,9.1,144.0,3,12.0,4.333333333333333,12,0,4,1,0.3333333333333333,4.0,13.0,3.0,6.0,9.833333333333334,6.271929824561403,2.666666666666668,0.3,0.6000000000000001,6.0,8.0,
2023,13,Dutch Grand Prix,,Dutch Grand Prix,norris,mclaren,2.0,,1.4,66.0,8,5.5,10.0,12,0,2,0,0.16666666666666666,7.0,6.0,6.0,11.333333333333334,3.875,6.385964912280702,17.333333333333332,0.3,0.6000000000000001,7.0,6.0,
2023,13,Dutch Grand Prix,,Dutch Grand Prix,albon,williams,4.0,,2.8,11.0,13,0.9166666666666666,12.916666666666666,12,0,0,0,0.0,14.0,0.0,-1.0,14.666666666666666,0.4583333333333333,12.956043956043956,-0.6666666666666667,0.3,0.6000000000000001,8.0,4.0,
2023,13,Dutch Grand Prix,,Dutch Grand Prix,piastri,mclaren,8.0,,5.6,27.0,11,2.25,12.666666666666666,12,0,0,0,0.0,20.0,0.0,0.0,11.333333333333334,3.875,6.628571428571429,17.333333333333332,0.3,0.6000000000000001,9.0,2.0,
2023,13,Dutch Grand Prix,,Dutch Grand Prix,ocon,alpine,16.0,,11.2,33.0,10,2.75,12.0,12,0,1,0,0.08333333333333333,8.0,4.0,4.0,11.875,2.0416666666666665,11.539823008849558,-2.0,0.3,0.6000000000000001,10.0,1.0,
2023,13,Dutch Grand Prix,,Dutch Grand Prix,stroll,aston_martin,11.0,,7.699999999999999,41.0,9,3.4166666666666665,10.5,12,0,0,0,0.0,9.0,2.0,-6.0,7.458333333333333,7.625,12.410714285714286,-8.333333333333334,0.3,0.6000000000000001,11.0,0.0,
2023,13,Dutch Grand Prix,,Dutch Grand Prix,hulkenberg,haas,14.0,,9.799999999999999,6.0,14,0.5,14.833333333333334,12,0,0,0,0.0,18.0,0.0,0.0,15.166666666666666,0.3333333333333333,12.98611111111111,0.0,0.3,0.6000000000000001,12.0,0.0,
2023,13,Dutch Grand Prix,,Dutch Grand Prix,lawson,alphatauri,19.0,,13.299999999999999,0.0,999,,,0,0,0,0,,,,,14.25,0.125,12.82857142857143,0.3333333333333333,0.3,0.6000000000000001,13.0,0.0,
2023,13,Dutch Grand Prix,,Dutch Grand Prix,bottas,alfa,18.0,,12.6,5.0,15,0.4166666666666667,13.25,12,0,0,0,0.0,12.0,0.0,-4.0,13.583333333333334,0.375,12.4,-1.0,0.3,0.6000000000000001,14.0,0.0,
2023,13,Dutch Grand Prix,,Dutch Grand Prix,tsunoda,alphatauri,17.0,,11.899999999999999,3.0,17,0.25,12.833333333333334,12,0,0,0,0.0,10.0,1.0,1.0,14.25,0.125,13.324561403508772,0.3333333333333333,0.3,0.6000000000000001,15.0,0.0,
2023,13,Dutch Grand Prix,,Dutch Grand Prix,kevin_magnussen,haas,,,,2.0,18,0.16666666666666666,15.5,12,0,0,0,0.0,15.0,0.0,0.0,15.166666666666666,0.3333333333333333,14.363636363636363,0.0,0.3,0.6000000000000001,16.0,0.0,
2023,13,Dutch Grand Prix,,Dutch Grand Prix,russell,mercedes,3.0,,2.0999999999999996,92.0,5,7.666666666666667,7.666666666666667,12,0,1,0,0.08333333333333333,6.0,8.0,2.0,6.0,9.833333333333334,7.587719298245614,2.666666666666668,0.3,0.6000000000000001,17.0,0.0,
2023,13,Dutch Grand Prix,,Dutch Grand Prix,zhou,alfa,15.0,,10.5,4.0,16,0.3333333333333333,13.916666666666666,12,0,0,0,0.0,13.0,0.0,0.0,13.583333333333334,0.375,14.647058823529411,-1.0,0.3,0.6000000000000001,18.0,0.0,
2023,13,Dutch Grand Prix,,Dutch Grand Prix,leclerc,ferrari,9.0,,6.3,88.0,6,7.333333333333333,8.166666666666666,12,0,3,2,0.25,3.0,15.0,15.0,7.958333333333333,6.875,6.517543859649122,-9.999999999999998,0.3,0.6000000000000001,19.0,0.0,
2023,13,Dutch Grand Prix,,Dutch Grand Prix,sargeant,williams,10.0,,7.0,0.0,21,0.0,16.416666666666668,12,0,0,0,0.0,17.0,0.0,0.0,14.666666666666666,0.4583333333333333,16.333333333333332,-0.6666666666666667,0.3,0.6000000000000001,20.0,0.0,
2023,14,Italian Grand Prix,,Italian Grand Prix,max_verstappen,red_bull,2.0,,0.19999999999999996,317.0,1,24.384615384615383,1.1538461538461537,13,11,13,8,1.0,1.0,25.0,0.0,2.6923076923076925,19.346153846153847,3.254385964912281,4.0,0.9,0.6000000000000001,1.0,25.0,
2023,14,Italian Grand Prix,,Italian Grand Prix,perez,red_bull,5.0,,0.4999999999999999,186.0,2,14.307692307692308,4.230769230769231,13,2,7,2,0.5384615384615384,4.0,12.0,-6.0,2.6923076923076925,19.346153846153847,7.166666666666667,4.0,0.9,0.6000000000000001,2.0,18.0,
2023,14,Italian Grand Prix,,Italian Grand Prix,sainz,ferrari,1.0,,0.09999999999999998,87.0,7,6.6923076923076925,7.538461538461538,13,0,0,0,0.0,5.0,10.0,-2.0,8.26923076923077,6.730769230769231,8.0,-5.333333333333334,0.9,0.6000000000000001,3.0,15.0,
2023,14,Italian Grand Prix,,Italian Grand Prix,leclerc,ferrari,3.0,,0.29999999999999993,88.0,6,6.769230769230769,9.0,13,0,3,2,0.23076923076923078,19.0,0.0,0.0,8.26923076923077,6.730769230769231,6.517543859649122,-5.333333333333334,0.9,0.6000000000000001,4.0,12.0,
2023,14,Italian Grand Prix,,Italian Grand Prix,russell,mercedes,4.0,,0.3999999999999999,92.0,5,7.076923076923077,8.384615384615385,13,0,1,0,0.07692307692307693,17.0,0.0,-6.0,6.423076923076923,9.384615384615385,7.587719298245614,-0.3333333333333357,0.9,0.6000000000000001,5.0,10.0,
2023,14,Italian Grand Prix,,Italian Grand Prix,hamilton,mercedes,8.0,,0.7999999999999998,152.0,4,11.692307692307692,4.461538461538462,13,0,4,1,0.3076923076923077,6.0,8.0,-2.0,6.423076923076923,9.384615384615385,6.271929824561403,-0.3333333333333357,0.9,0.6000000000000001,6.0,8.0,
2023,14,Italian Grand Prix,,Italian Grand Prix,albon,williams,6.0,,0.5999999999999999,15.0,13,1.1538461538461537,12.538461538461538,13,0,0,0,0.0,8.0,4.0,3.0,14.615384615384615,0.5769230769230769,12.956043956043956,-2.0,0.9,0.6000000000000001,7.0,6.0,
2023,14,Italian Grand Prix,,Italian Grand Prix,norris,mclaren,9.0,,0.8999999999999998,72.0,8,5.538461538461538,9.76923076923077,13,0,2,0,0.15384615384615385,7.0,6.0,6.0,11.076923076923077,3.8846153846153846,6.385964912280702,0.0,0.9,0.6000000000000001,8.0,4.0,
2023,14,Italian Grand Prix,,Italian Grand Prix,alonso,aston_martin,10.0,,0.9999999999999998,161.0,3,12.384615384615385,4.230769230769231,13,0,7,0,0.5384615384615384,2.0,19.0,4.0,7.384615384615385,7.769230769230769,9.929824561403509,-1.3333333333333321,0.9,0.6000000000000001,9.0,2.0,
2023,14,Italian Grand Prix,,Italian Grand Prix,bottas,alfa,14.0,,1.3999999999999997,5.0,15,0.38461538461538464,13.307692307692308,13,0,0,0,0.0,14.0,0.0,-4.0,13.76923076923077,0.34615384615384615,12.4,-0.3333333333333333,0.9,0.6000000000000001,10.0,1.0,
2023,14,Italian Grand Prix,,Italian Grand Prix,lawson,alphatauri,12.0,,1.1999999999999997,0.0,19,0.0,13.0,1,0,0,0,0.0,13.0,0.0,,14.23076923076923,0.11538461538461539,12.82857142857143,0.3333333333333333,0.9,0.6000000000000001,11.0,0.0,
2023,14,Italian Grand Prix,,Italian Grand Prix,piastri,mclaren,7.0,,0.6999999999999998,29.0,12,2.230769230769231,12.384615384615385,13,0,0,0,0.0,9.0,2.0,2.0,11.076923076923077,3.8846153846153846,6.628571428571429,0.0,0.9,0.6000000000000001,12.0,0.0,
2023,14,Italian Grand Prix,,Italian Grand Prix,sargeant,williams,15.0,,1.4999999999999996,0.0,22,0.0,16.692307692307693,13,0,0,0,0.0,20.0,0.0,0.0,14.615384615384615,0.5769230769230769,16.333333333333332,-2.0,0.9,0.6000000000000001,13.0,0.0,
2023,14,Italian Grand Prix,,Italian Grand Prix,zhou,alfa,16.0,,1.5999999999999996,4.0,16,0.3076923076923077,14.23076923076923,13,0,0,0,0.0,18.0,0.0,0.0,13.76923076923077,0.34615384615384615,14.647058823529411,-0.3333333333333333,0.9,0.6000000000000001,14.0,0.0,
2023,14,Italian Grand Prix,,Italian Grand Prix,gasly,alpine,17.0,,1.6999999999999997,31.0,11,2.3846153846153846,11.076923076923077,13,0,1,0,0.07692307692307693,3.0,15.0,13.0,11.461538461538462,2.5,12.052631578947368,5.0,0.9,0.6000000000000001,15.0,0.0,
2023,14,Italian Grand Prix,,Italian Grand Prix,stroll,aston_martin,20.0,,1.9999999999999996,41.0,9,3.1538461538461537,10.538461538461538,13,0,0,0,0.0,11.0,0.0,-8.0,7.384615384615385,7.769230769230769,12.410714285714286,-1.3333333333333321,0.9,0.6000000000000001,16.0,0.0,
2023,14,Italian Grand Prix,,Italian Grand Prix,hulkenberg,haas,13.0,,1.2999999999999998,6.0,14,0.46153846153846156,14.615384615384615,13,0,0,0,0.0,12.0,0.0,0.0,15.076923076923077,0.3076923076923077,12.98611111111111,0.0,0.9,0.6000000000000001,17.0,0.0,
2023,14,Italian Grand Prix,,Italian Grand Prix,kevin_magnussen,haas,19.0,,1.8999999999999995,2.0,18,0.15384615384615385,15.538461538461538,13,0,0,0,0.0,16.0,0.0,0.0,15.076923076923077,0.3076923076923077,14.363636363636363,0.0,0.9,0.6000000000000001,18.0,0.0,
2023,14,Italian Grand Prix,,Italian Grand Prix,ocon,alpine,18.0,,1.7999999999999996,34.0,10,2.6153846153846154,11.846153846153847,13,0,1,0,0.07692307692307693,10.0,1.0,1.0,11.461538461538462,2.5,11.539823008849558,5.0,0.9,0.6000000000000001,19.0,0.0,
2023,14,Italian Grand Prix,,Italian Grand Prix,tsunoda,alphatauri,11.0,,1.0999999999999996,3.0,17,0.23076923076923078,13.0,13,0,0,0,0.0,15.0,0.0,0.0,14.23076923076923,0.11538461538461539,13.324561403508772,0.3333333333333333,0.9,0.6000000000000001,20.0,0.0,
2023,15,Singapore Grand Prix,,Singapore Grand Prix,sainz,ferrari,1.0,,0.8,102.0,5,7.285714285714286,7.214285714285714,14,0,1,1,0.07142857142857142,3.0,15.0,3.0,7.928571428571429,7.214285714285714,8.0,4.333333333333332,0.2,0.6000000000000001,1.0,25.0,
2023,15,Singapore Grand Prix,,Singapore Grand Prix,norris,mclaren,4.0,,3.2,76.0,8,5.428571428571429,9.642857142857142,14,0,2,0,0.14285714285714285,8.0,4.0,4.0,11.0,3.75,6.385964912280702,-17.333333333333332,0.2,0.6000000000000001,2.0,18.0,
2023,15,Singapore Grand Prix,,Singapore Grand Prix,hamilton,mercedes,5.0,,4.0,160.0,4,11.428571428571429,4.571428571428571,14,0,4,1,0.2857142857142857,6.0,8.0,-2.0,6.357142857142857,9.357142857142858,6.271929824561403,-2.666666666666666,0.2,0.6000000000000001,3.0,16.0,
2023,15,Singapore Grand Prix,,Singapore Grand Prix,leclerc,ferrari,3.0,,2.4000000000000004,100.0,7,7.142857142857143,8.642857142857142,14,0,3,2,0.21428571428571427,4.0,12.0,12.0,7.928571428571429,7.214285714285714,6.517543859649122,4.333333333333332,0.2,0.6000000000000001,4.0,12.0,
2023,15,Singapore Grand Prix,,Singapore Grand Prix,max_verstappen,red_bull,11.0,,8.8,342.0,1,24.428571428571427,1.1428571428571428,14,12,14,8,1.0,1.0,25.0,0.0,2.607142857142857,19.5,3.254385964912281,2.3333333333333357,0.2,0.6000000000000001,5.0,10.0,
2023,15,Singapore Grand Prix,,Singapore Grand Prix,gasly,alpine,12.0,,9.600000000000001,31.0,11,2.2142857142857144,11.357142857142858,14,0,1,0,0.07142857142857142,15.0,0.0,-2.0,11.857142857142858,2.3214285714285716,12.052631578947368,6.333333333333334,0.2,0.6000000000000001,6.0,8.0,
2023,15,Singapore Grand Prix,,Singapore Grand Prix,piastri,mclaren,17.0,,13.600000000000001,29.0,12,2.0714285714285716,12.357142857142858,14,0,0,0,0.0,12.0,0.0,0.0,11.0,3.75,6.628571428571429,-17.333333333333332,0.2,0.6000000000000001,7.0,6.0,
2023,15,Singapore Grand Prix,,Singapore Grand Prix,perez,red_bull,13.0,,10.4,204.0,2,14.571428571428571,4.071428571428571,14,2,8,2,0.5714285714285714,2.0,18.0,0.0,2.607142857142857,19.5,7.166666666666667,2.3333333333333357,0.2,0.6000000000000001,8.0,4.0,
2023,15,Singapore Grand Prix,,Singapore Grand Prix,lawson,alphatauri,10.0,,8.0,0.0,19,0.0,12.0,2,0,0,0,0.0,11.0,0.0,0.0,14.321428571428571,0.10714285714285714,12.82857142857143,0.3333333333333333,0.2,0.6000000000000001,9.0,2.0,
2023,15,Singapore Grand Prix,,Singapore Grand Prix,kevin_magnussen,haas,6.0,,4.800000000000001,2.0,18,0.14285714285714285,15.714285714285714,14,0,0,0,0.0,18.0,0.0,0.0,15.25,0.2857142857142857,14.363636363636363,0.0,0.2,0.6000000000000001,10.0,1.0,
2023,15,Singapore Grand Prix,,Singapore Grand Prix,albon,williams,14.0,,11.200000000000001,21.0,13,1.5,12.142857142857142,14,0,0,0,0.0,7.0,6.0,5.0,14.285714285714286,0.75,12.956043956043956,2.0,0.2,0.6000000000000001,11.0,0.0,
2023,15,Singapore Grand Prix,,Singapore Grand Prix,zhou,alfa,19.0,,15.200000000000001,4.0,16,0.2857142857142857,14.214285714285714,14,0,0,0,0.0,14.0,0.0,0.0,13.642857142857142,0.35714285714285715,14.647058823529411,0.3333333333333333,0.2,0.6000000000000001,12.0,0.0,
2023,15,Singapore Grand Prix,,Singapore Grand Prix,hulkenberg,haas,9.0,,7.2,6.0,15,0.42857142857142855,14.785714285714286,14,0,0,0,0.0,17.0,0.0,0.0,15.25,0.2857142857142857,12.98611111111111,0.0,0.2,0.6000000000000001,13.0,0.0,
2023,15,Singapore Grand Prix,,Singapore Grand Prix,sargeant,williams,18.0,,14.4,0.0,22,0.0,16.428571428571427,14,0,0,0,0.0,13.0,0.0,0.0,14.285714285714286,0.75,16.333333333333332,2.0,0.2,0.6000000000000001,14.0,0.0,
2023,15,Singapore Grand Prix,,Singapore Grand Prix,alonso,aston_martin,7.0,,5.6000000000000005,163.0,3,11.642857142857142,4.571428571428571,14,0,7,0,0.5,9.0,2.0,-13.0,7.75,7.285714285714286,9.929824561403509,4.0,0.2,0.6000000000000001,15.0,0.0,
2023,15,Singapore Grand Prix,,Singapore Grand Prix,russell,mercedes,2.0,,1.6,102.0,6,7.285714285714286,8.142857142857142,14,0,1,0,0.07142857142857142,5.0,10.0,4.0,6.357142857142857,9.357142857142858,7.587719298245614,-2.666666666666666,0.2,0.6000000000000001,16.0,0.0,
2023,15,Singapore Grand Prix,,Singapore Grand Prix,bottas,alfa,16.0,,12.8,6.0,14,0.42857142857142855,13.071428571428571,14,0,0,0,0.0,10.0,1.0,-3.0,13.642857142857142,0.35714285714285715,12.4,0.3333333333333333,0.2,0.6000000000000001,17.0,0.0,
2023,15,Singapore Grand Prix,,Singapore Grand Prix,ocon,alpine,8.0,,6.4,34.0,10,2.4285714285714284,12.357142857142858,14,0,1,0,0.07142857142857142,19.0,0.0,0.0,11.857142857142858,2.3214285714285716,11.539823008849558,6.333333333333334,0.2,0.6000000000000001,18.0,0.0,
2023,15,Singapore Grand Prix,,Singapore Grand Prix,tsunoda,alphatauri,15.0,,12.0,3.0,17,0.21428571428571427,13.5,14,0,0,0,0.0,20.0,0.0,0.0,14.321428571428571,0.10714285714285714,13.324561403508772,0.3333333333333333,0.2,0.6000000000000001,19.0,0.0,
2023,15,Singapore Grand Prix,,Singapore Grand Prix,stroll,aston_martin,,,,41.0,9,2.9285714285714284,10.928571428571429,14,0,0,0,0.0,16.0,0.0,-8.0,7.75,7.285714285714286,12.410714285714286,4.0,0.2,0.6000000000000001,,0.0,
2023,16,Japanese Grand Prix,,Japanese Grand Prix,max_verstappen,red_bull,1.0,,0.6,352.0,1,23.466666666666665,1.4,15,12,14,8,0.9333333333333333,5.0,10.0,-15.0,2.8666666666666667,18.666666666666668,3.254385964912281,-8.000000000000004,0.4,0.6000000000000001,1.0,26.0,
2023,16,Japanese Grand Prix,,Japanese Grand Prix,norris,mclaren,3.0,,1.7999999999999998,94.0,8,6.266666666666667,9.133333333333333,15,0,3,0,0.2,2.0,18.0,18.0,10.566666666666666,4.3,6.385964912280702,-9.333333333333332,0.4,0.6000000000000001,2.0,18.0,
2023,16,Japanese Grand Prix,,Japanese Grand Prix,piastri,mclaren,2.0,,1.2,35.0,11,2.3333333333333335,12.0,15,0,0,0,0.0,7.0,6.0,6.0,10.566666666666666,4.3,6.628571428571429,-9.333333333333332,0.4,0.6000000000000001,3.0,15.0,
2023,16,Japanese Grand Prix,,Japanese Grand Prix,leclerc,ferrari,4.0,,2.4,112.0,6,7.466666666666667,8.333333333333334,15,0,3,2,0.2,4.0,12.0,12.0,7.566666666666666,7.966666666666667,6.517543859649122,15.333333333333334,0.4,0.6000000000000001,4.0,12.0,
2023,16,Japanese Grand Prix,,Japanese Grand Prix,hamilton,mercedes,7.0,,4.2,176.0,3,11.733333333333333,4.466666666666667,15,0,5,1,0.3333333333333333,3.0,16.0,6.0,6.566666666666666,9.266666666666667,6.271929824561403,-8.0,0.4,0.6000000000000001,5.0,10.0,
2023,16,Japanese Grand Prix,,Japanese Grand Prix,sainz,ferrari,6.0,,3.5999999999999996,127.0,5,8.466666666666667,6.8,15,1,2,2,0.13333333333333333,1.0,25.0,13.0,7.566666666666666,7.966666666666667,8.0,15.333333333333334,0.4,0.6000000000000001,6.0,8.0,
2023,16,Japanese Grand Prix,,Japanese Grand Prix,russell,mercedes,8.0,,4.8,102.0,7,6.8,8.666666666666666,15,0,1,0,0.06666666666666667,16.0,0.0,-6.0,6.566666666666666,9.266666666666667,7.587719298245614,-8.0,0.4,0.6000000000000001,7.0,6.0,
2023,16,Japanese Grand Prix,,Japanese Grand Prix,alonso,aston_martin,10.0,,6.0,163.0,4,10.866666666666667,5.266666666666667,15,0,7,0,0.4666666666666667,15.0,0.0,-15.0,8.0,6.8,9.929824561403509,0.0,0.4,0.6000000000000001,8.0,4.0,
2023,16,Japanese Grand Prix,,Japanese Grand Prix,ocon,alpine,14.0,,8.4,34.0,12,2.2666666666666666,12.733333333333333,15,0,1,0,0.06666666666666667,18.0,0.0,0.0,11.866666666666667,2.433333333333333,11.539823008849558,6.666666666666667,0.4,0.6000000000000001,9.0,2.0,
2023,16,Japanese Grand Prix,,Japanese Grand Prix,gasly,alpine,12.0,,7.199999999999999,39.0,10,2.6,11.0,15,0,1,0,0.06666666666666667,6.0,8.0,6.0,11.866666666666667,2.433333333333333,12.052631578947368,6.666666666666667,0.4,0.6000000000000001,10.0,1.0,
2023,16,Japanese Grand Prix,,Japanese Grand Prix,lawson,alphatauri,11.0,,6.6,2.0,19,0.6666666666666666,11.0,3,0,0,0,0.0,9.0,2.0,2.0,14.3,0.16666666666666666,12.82857142857143,0.3333333333333333,0.4,0.6000000000000001,11.0,0.0,
2023,16,Japanese Grand Prix,,Japanese Grand Prix,tsunoda,alphatauri,9.0,,5.3999999999999995,3.0,17,0.2,13.866666666666667,15,0,0,0,0.0,19.0,0.0,0.0,14.3,0.16666666666666666,13.324561403508772,0.3333333333333333,0.4,0.6000000000000001,12.0,0.0,
2023,16,Japanese Grand Prix,,Japanese Grand Prix,zhou,alfa,19.0,,11.4,4.0,16,0.26666666666666666,14.066666666666666,15,0,0,0,0.0,12.0,0.0,0.0,13.7,0.3333333333333333,14.647058823529411,0.3333333333333333,0.4,0.6000000000000001,13.0,0.0,
2023,16,Japanese Grand Prix,,Japanese Grand Prix,hulkenberg,haas,18.0,,10.799999999999999,6.0,15,0.4,14.666666666666666,15,0,0,0,0.0,13.0,0.0,0.0,15.0,0.3,12.98611111111111,0.3333333333333333,0.4,0.6000000000000001,14.0,0.0,
2023,16,Japanese Grand Prix,,Japanese Grand Prix,kevin_magnussen,haas,15.0,,9.0,3.0,18,0.2,15.333333333333334,15,0,0,0,0.0,10.0,1.0,1.0,15.0,0.3,14.363636363636363,0.3333333333333333,0.4,0.6000000000000001,15.0,0.0,
2023,16,Japanese Grand Prix,,Japanese Grand Prix,albon,williams,13.0,,7.8,21.0,13,1.4,12.066666666666666,15,0,0,0,0.0,11.0,0.0,-1.0,14.166666666666666,0.7,12.956043956043956,2.0,0.4,0.6000000000000001,16.0,0.0,
2023,16,Japanese Grand Prix,,Japanese Grand Prix,sargeant,williams,20.0,,12.0,0.0,22,0.0,16.266666666666666,15,0,0,0,0.0,14.0,0.0,0.0,14.166666666666666,0.7,16.333333333333332,2.0,0.4,0.6000000000000001,17.0,0.0,
2023,16,Japanese Grand Prix,,Japanese Grand Prix,stroll,aston_martin,17.0,,10.2,41.0,9,2.7333333333333334,10.928571428571429,15,0,0,0,0.0,,0.0,-8.0,8.0,6.8,12.410714285714286,0.0,0.4,0.6000000000000001,18.0,0.0,
2023,16,Japanese Grand Prix,,Japanese Grand Prix,perez,red_bull,5.0,,3.0,208.0,2,13.866666666666667,4.333333333333333,15,2,8,2,0.5333333333333333,8.0,4.0,-14.0,2.8666666666666667,18.666666666666668,7.166666666666667,-8.000000000000004,0.4,0.6000000000000001,19.0,0.0,
2023,16,Japanese Grand Prix,,Japanese Grand Prix,bottas,alfa,16.0,,9.6,6.0,14,0.4,13.333333333333334,15,0,0,0,0.0,17.0,0.0,-4.0,13.7,0.3333333333333333,12.4,0.3333333333333333,0.4,0.6000000000000001,20.0,0.0,
2023,17,Qatar Grand Prix,,Qatar Grand Prix,max_verstappen,red_bull,1.0,,0.5,378.0,1,23.625,1.375,16,13,15,9,0.9375,1.0,26.0,1.0,3.3125,18.3125,3.254385964912281,-12.666666666666668,0.5,0.6000000000000001,1.0,26.0,
2023,17,Qatar Grand Prix,,Qatar Grand Prix,piastri,mclaren,6.0,,3.0,50.0,9,3.125,11.4375,16,0,1,0,0.0625,3.0,15.0,15.0,10.0625,5.0625,6.628571428571429,6.333333333333332,0.5,0.6000000000000001,2.0,18.0,
2023,17,Qatar Grand Prix,,Qatar Grand Prix,norris,mclaren,10.0,,5.0,112.0,7,7.0,8.6875,16,0,4,0,0.25,2.0,18.0,18.0,10.0625,5.0625,6.385964912280702,6.333333333333332,0.5,0.6000000000000001,3.0,15.0,
2023,17,Qatar Grand Prix,,Qatar Grand Prix,russell,mercedes,2.0,,1.0,108.0,8,6.75,8.5625,16,0,1,0,0.0625,7.0,6.0,0.0,6.53125,9.1875,7.587719298245614,0.3333333333333357,0.5,0.6000000000000001,4.0,12.0,
2023,17,Qatar Grand Prix,,Qatar Grand Prix,leclerc,ferrari,5.0,,2.5,124.0,6,7.75,8.0625,16,0,3,2,0.1875,4.0,12.0,12.0,7.40625,8.09375,6.517543859649122,16.333333333333336,0.5,0.6000000000000001,5.0,10.0,
2023,17,Qatar Grand Prix,,Qatar Grand Prix,alonso,aston_martin,4.0,,2.0,167.0,4,10.4375,5.4375,16,0,7,0,0.4375,8.0,4.0,-11.0,8.32258064516129,6.5,9.929824561403509,-9.333333333333334,0.5,0.6000000000000001,6.0,8.0,
2023,17,Qatar Grand Prix,,Qatar Grand Prix,ocon,alpine,8.0,,4.0,36.0,12,2.25,12.5,16,0,1,0,0.0625,9.0,2.0,2.0,11.71875,2.375,11.539823008849558,-3.0000000000000004,0.5,0.6000000000000001,7.0,6.0,
2023,17,Qatar Grand Prix,,Qatar Grand Prix,bottas,alfa,9.0,,4.5,6.0,14,0.375,13.75,16,0,0,0,0.0,20.0,0.0,-4.0,13.875,0.3125,12.4,0.3333333333333333,0.5,0.6000000000000001,8.0,4.0,
2023,17,Qatar Grand Prix,,Qatar Grand Prix,zhou,alfa,19.0,,9.5,4.0,16,0.25,14.0,16,0,0,0,0.0,13.0,0.0,0.0,13.875,0.3125,14.647058823529411,0.3333333333333333,0.5,0.6000000000000001,9.0,2.0,
2023,17,Qatar Grand Prix,,Qatar Grand Prix,perez,red_bull,20.0,,10.0,208.0,2,13.0,5.25,16,2,8,2,0.5,19.0,0.0,-18.0,3.3125,18.3125,7.166666666666667,-12.666666666666668,0.5,0.6000000000000001,10.0,1.0,
2023,17,Qatar Grand Prix,,Qatar Grand Prix,stroll,aston_martin,16.0,,8.0,41.0,10,2.5625,11.4,16,0,0,0,0.0,18.0,0.0,-8.0,8.32258064516129,6.5,12.410714285714286,-9.333333333333334,0.5,0.6000000000000001,11.0,0.0,
2023,17,Qatar Grand Prix,,Qatar Grand Prix,gasly,alpine,7.0,,3.5,40.0,11,2.5,10.9375,16,0,1,0,0.0625,10.0,1.0,-1.0,11.71875,2.375,12.052631578947368,-3.0000000000000004,0.5,0.6000000000000001,12.0,0.0,
2023,17,Qatar Grand Prix,,Qatar Grand Prix,albon,williams,13.0,,6.5,21.0,13,1.3125,12.3125,16,0,0,0,0.0,16.0,0.0,-1.0,14.3125,0.65625,12.956043956043956,0.6666666666666667,0.5,0.6000000000000001,13.0,0.0,
2023,17,Qatar Grand Prix,,Qatar Grand Prix,kevin_magnussen,haas,18.0,,9.0,3.0,18,0.1875,15.3125,16,0,0,0,0.0,15.0,0.0,0.0,14.96875,0.28125,14.363636363636363,0.3333333333333333,0.5,0.6000000000000001,14.0,0.0,
2023,17,Qatar Grand Prix,,Qatar Grand Prix,tsunoda,alphatauri,11.0,,5.5,3.0,17,0.1875,13.75,16,0,0,0,0.0,12.0,0.0,0.0,14.125,0.15625,13.324561403508772,0.3333333333333333,0.5,0.6000000000000001,15.0,0.0,
2023,17,Qatar Grand Prix,,Qatar Grand Prix,hulkenberg,haas,14.0,,7.0,6.0,15,0.375,14.625,16,0,0,0,0.0,14.0,0.0,0.0,14.96875,0.28125,12.98611111111111,0.3333333333333333,0.5,0.6000000000000001,16.0,0.0,
2023,17,Qatar Grand Prix,,Qatar Grand Prix,lawson,alphatauri,17.0,,8.5,2.0,19,0.5,11.0,4,0,0,0,0.0,11.0,0.0,0.0,14.125,0.15625,12.82857142857143,0.3333333333333333,0.5,0.6000000000000001,17.0,0.0,
2023,17,Qatar Grand Prix,,Qatar Grand Prix,sargeant,williams,15.0,,7.5,0.0,22,0.0,16.3125,16,0,0,0,0.0,17.0,0.0,0.0,14.3125,0.65625,16.333333333333332,0.6666666666666667,0.5,0.6000000000000001,18.0,0.0,
2023,17,Qatar Grand Prix,,Qatar Grand Prix,hamilton,mercedes,3.0,,1.5,186.0,3,11.625,4.5,16,0,5,1,0.3125,5.0,10.0,0.0,6.53125,9.1875,6.271929824561403,0.3333333333333357,0.5,0.6000000000000001,19.0,0.0,
2023,17,Qatar Grand Prix,,Qatar Grand Prix,sainz,ferrari,12.0,,6.0,135.0,5,8.4375,6.75,16,1,2,2,0.125,6.0,8.0,-4.0,7.40625,8.09375,8.0,16.333333333333336,0.5,0.6000000000000001,20.0,0.0,
2023,18,United States Grand Prix,,United States Grand Prix,max_verstappen,red_bull,6.0,,1.8000000000000003,404.0,1,23.764705882352942,1.3529411764705883,17,14,16,10,0.9411764705882353,1.0,26.0,1.0,3.4411764705882355,18.029411764705884,3.254385964912281,-18.666666666666668,0.7,0.6000000000000001,1.0,25.0,
2023,18,United States Grand Prix,,United States Grand Prix,norris,mclaren,2.0,,0.6000000000000001,127.0,7,7.470588235294118,8.352941176470589,17,0,5,0,0.29411764705882354,3.0,15.0,15.0,9.617647058823529,5.735294117647059,6.385964912280702,24.0,0.7,0.6000000000000001,2.0,18.0,
2023,18,United States Grand Prix,,United States Grand Prix,sainz,ferrari,4.0,,1.2000000000000002,135.0,5,7.9411764705882355,7.529411764705882,17,1,2,2,0.11764705882352941,20.0,0.0,-12.0,7.705882352941177,7.911764705882353,8.0,5.0,0.7,0.6000000000000001,3.0,15.0,
2023,18,United States Grand Prix,,United States Grand Prix,perez,red_bull,9.0,,2.7,209.0,2,12.294117647058824,5.529411764705882,17,2,8,2,0.47058823529411764,10.0,1.0,-17.0,3.4411764705882355,18.029411764705884,7.166666666666667,-18.666666666666668,0.7,0.6000000000000001,4.0,12.0,
2023,18,United States Grand Prix,,United States Grand Prix,russell,mercedes,5.0,,1.5000000000000002,120.0,8,7.0588235294117645,8.294117647058824,17,0,1,0,0.058823529411764705,4.0,12.0,6.0,6.823529411764706,9.0,7.587719298245614,-1.0,0.7,0.6000000000000001,5.0,10.0,
2023,18,United States Grand Prix,,United States Grand Prix,gasly,alpine,7.0,,2.1000000000000005,40.0,12,2.3529411764705883,11.0,17,0,1,0,0.058823529411764705,12.0,0.0,-2.0,11.588235294117647,2.411764705882353,12.052631578947368,-1.0,0.7,0.6000000000000001,6.0,8.0,
2023,18,United States Grand Prix,,United States Grand Prix,stroll,aston_martin,20.0,,6.000000000000001,41.0,11,2.411764705882353,11.375,17,0,0,0,0.0,11.0,0.0,-8.0,8.333333333333334,6.352941176470588,12.410714285714286,-7.0,0.7,0.6000000000000001,7.0,6.0,
2023,18,United States Grand Prix,,United States Grand Prix,tsunoda,alphatauri,11.0,,3.3000000000000007,3.0,17,0.17647058823529413,13.823529411764707,17,0,0,0,0.0,15.0,0.0,0.0,14.235294117647058,0.14705882352941177,13.324561403508772,0.3333333333333333,0.7,0.6000000000000001,8.0,5.0,
2023,18,United States Grand Prix,,United States Grand Prix,albon,williams,15.0,,4.500000000000001,21.0,13,1.2352941176470589,12.352941176470589,17,0,0,0,0.0,13.0,0.0,-1.0,14.382352941176471,0.6176470588235294,12.956043956043956,-3.3333333333333335,0.7,0.6000000000000001,9.0,2.0,
2023,18,United States Grand Prix,,United States Grand Prix,sargeant,williams,16.0,,4.800000000000001,0.0,22,0.0,16.41176470588235,17,0,0,0,0.0,18.0,0.0,0.0,14.382352941176471,0.6176470588235294,16.333333333333332,-3.3333333333333335,0.7,0.6000000000000001,10.0,1.0,
2023,18,United States Grand Prix,,United States Grand Prix,hulkenberg,haas,18.0,,5.4,6.0,16,0.35294117647058826,14.705882352941176,17,0,0,0,0.0,16.0,0.0,0.0,14.970588235294118,0.2647058823529412,12.98611111111111,0.3333333333333333,0.7,0.6000000000000001,11.0,0.0,
2023,18,United States Grand Prix,,United States Grand Prix,bottas,alfa,13.0,,3.9000000000000004,10.0,14,0.5882352941176471,13.411764705882353,17,0,0,0,0.0,8.0,4.0,0.0,13.558823529411764,0.47058823529411764,12.4,1.6666666666666667,0.7,0.6000000000000001,12.0,0.0,
2023,18,United States Grand Prix,,United States Grand Prix,zhou,alfa,12.0,,3.6000000000000005,6.0,15,0.35294117647058826,13.705882352941176,17,0,0,0,0.0,9.0,2.0,2.0,13.558823529411764,0.47058823529411764,14.647058823529411,1.6666666666666667,0.7,0.6000000000000001,13.0,0.0,
2023,18,United States Grand Prix,,United States Grand Prix,kevin_magnussen,haas,17.0,,5.1000000000000005,3.0,18,0.17647058823529413,15.235294117647058,17,0,0,0,0.0,14.0,0.0,0.0,14.970588235294118,0.2647058823529412,14.363636363636363,0.3333333333333333,0.7,0.6000000000000001,14.0,0.0,
2023,18,United States Grand Prix,,United States Grand Prix,ricciardo,alphatauri,14.0,,4.200000000000001,0.0,20,0.0,14.5,2,0,0,0,0.0,16.0,0.0,0.0,14.235294117647058,0.14705882352941177,11.507246376811594,0.3333333333333333,0.7,0.6000000000000001,15.0,0.0,
2023,18,United States Grand Prix,,United States Grand Prix,alonso,aston_martin,19.0,,5.700000000000001,175.0,4,10.294117647058824,5.470588235294118,17,0,7,0,0.4117647058823529,6.0,8.0,-7.0,8.333333333333334,6.352941176470588,9.929824561403509,-7.0,0.7,0.6000000000000001,16.0,0.0,
2023,18,United States Grand Prix,,United States Grand Prix,piastri,mclaren,10.0,,3.0000000000000004,68.0,9,4.0,10.882352941176471,17,0,2,0,0.11764705882352941,2.0,18.0,18.0,9.617647058823529,5.735294117647059,6.628571428571429,24.0,0.7,0.6000000000000001,17.0,0.0,
2023,18,United States Grand Prix,,United States Grand Prix,ocon,alpine,8.0,,2.4000000000000004,42.0,10,2.4705882352941178,12.176470588235293,17,0,1,0,0.058823529411764705,7.0,6.0,6.0,11.588235294117647,2.411764705882353,11.539823008849558,-1.0,0.7,0.6000000000000001,18.0,0.0,
2023,18,United States Grand Prix,,United States Grand Prix,hamilton,mercedes,3.0,,0.9000000000000001,186.0,3,10.941176470588236,5.352941176470588,17,0,5,1,0.29411764705882354,19.0,0.0,-10.0,6.823529411764706,9.0,6.271929824561403,-1.0,0.7,0.6000000000000001,19.0,0.0,
2023,18,United States Grand Prix,,United States Grand Prix,leclerc,ferrari,1.0,,0.30000000000000004,134.0,6,7.882352941176471,7.882352941176471,17,0,3,2,0.17647058823529413,5.0,10.0,10.0,7.705882352941177,7.911764705882353,6.517543859649122,5.0,0.7,0.6000000000000001,20.0,0.0,
2023,19,Mexico City Grand Prix,,Mexico City Grand Prix,max_verstappen,red_bull,3.0,,1.2000000000000002,429.0,1,23.833333333333332,1.3333333333333333,18,15,17,10,0.9444444444444444,1.0,25.0,0.0,3.388888888888889,18.055555555555557,3.254385964912281,-1.3333333333333321,0.6,0.6000000000000001,1.0,25.0,
2023,19,Mexico City Grand Prix,,Mexico City Grand Prix,hamilton,mercedes,6.0,,2.4000000000000004,186.0,3,10.333333333333334,6.111111111111111,18,0,5,1,0.2777777777777778,19.0,0.0,-10.0,7.111111111111111,8.777777777777779,6.271929824561403,-1.333333333333334,0.6,0.6000000000000001,2.0,19.0,
2023,19,Mexico City Grand Prix,,Mexico City Grand Prix,leclerc,ferrari,1.0,,0.4,134.0,7,7.444444444444445,8.555555555555555,18,0,3,3,0.16666666666666666,20.0,0.0,0.0,7.916666666666667,7.888888888888889,6.517543859649122,-9.666666666666668,0.6,0.6000000000000001,3.0,15.0,
2023,19,Mexico City Grand Prix,,Mexico City Grand Prix,sainz,ferrari,2.0,,0.8,150.0,5,8.333333333333334,7.277777777777778,18,1,3,2,0.16666666666666666,3.0,15.0,3.0,7.916666666666667,7.888888888888889,8.0,-9.666666666666668,0.6,0.6000000000000001,4.0,12.0,
2023,19,Mexico City Grand Prix,,Mexico City Grand Prix,norris,mclaren,17.0,,6.800000000000001,145.0,6,8.055555555555555,8.0,18,0,6,0,0.3333333333333333,2.0,18.0,18.0,9.61111111111111,5.916666666666667,6.385964912280702,16.0,0.6,0.6000000000000001,5.0,10.0,
2023,19,Mexico City Grand Prix,,Mexico City Grand Prix,russell,mercedes,8.0,,3.2,130.0,8,7.222222222222222,8.11111111111111,18,0,1,0,0.05555555555555555,5.0,10.0,4.0,7.111111111111111,8.777777777777779,7.587719298245614,-1.333333333333334,0.6,0.6000000000000001,6.0,8.0,
2023,19,Mexico City Grand Prix,,Mexico City Grand Prix,ricciardo,alphatauri,4.0,,1.6,0.0,21,0.0,14.666666666666666,3,0,0,0,0.0,15.0,0.0,0.0,14.083333333333334,0.2777777777777778,11.507246376811594,1.0,0.6,0.6000000000000001,7.0,6.0,
2023,19,Mexico City Grand Prix,,Mexico City Grand Prix,piastri,mclaren,7.0,,2.8000000000000003,68.0,9,3.7777777777777777,11.222222222222221,18,0,2,0,0.1111111111111111,17.0,0.0,0.0,9.61111111111111,5.916666666666667,6.628571428571429,16.0,0.6,0.6000000000000001,8.0,4.0,
2023,19,Mexico City Grand Prix,,Mexico City Grand Prix,albon,williams,14.0,,5.6000000000000005,23.0,13,1.2777777777777777,12.166666666666666,18,0,0,0,0.0,9.0,2.0,1.0,14.11111111111111,0.6666666666666666,12.956043956043956,-2.3333333333333335,0.6,0.6000000000000001,9.0,2.0,
2023,19,Mexico City Grand Prix,,Mexico City Grand Prix,ocon,alpine,15.0,,6.0,42.0,12,2.3333333333333335,12.5,18,0,1,0,0.05555555555555555,18.0,0.0,0.0,11.61111111111111,2.5,11.539823008849558,-2.333333333333333,0.6,0.6000000000000001,10.0,1.0,
2023,19,Mexico City Grand Prix,,Mexico City Grand Prix,gasly,alpine,11.0,,4.4,48.0,10,2.6666666666666665,10.722222222222221,18,0,1,0,0.05555555555555555,6.0,8.0,6.0,11.61111111111111,2.5,12.052631578947368,-2.333333333333333,0.6,0.6000000000000001,11.0,0.0,
2023,19,Mexico City Grand Prix,,Mexico City Grand Prix,tsunoda,alphatauri,18.0,,7.2,8.0,15,0.4444444444444444,13.5,18,0,0,0,0.0,8.0,5.0,5.0,14.083333333333334,0.2777777777777778,13.324561403508772,1.0,0.6,0.6000000000000001,12.0,0.0,
2023,19,Mexico City Grand Prix,,Mexico City Grand Prix,hulkenberg,haas,12.0,,4.800000000000001,6.0,17,0.3333333333333333,14.5,18,0,0,0,0.0,11.0,0.0,0.0,14.833333333333334,0.25,12.98611111111111,-0.3333333333333333,0.6,0.6000000000000001,13.0,0.0,
2023,19,Mexico City Grand Prix,,Mexico City Grand Prix,zhou,alfa,10.0,,4.0,6.0,16,0.3333333333333333,13.666666666666666,18,0,0,0,0.0,13.0,0.0,0.0,13.5,0.4444444444444444,14.647058823529411,1.6666666666666667,0.6,0.6000000000000001,14.0,0.0,
2023,19,Mexico City Grand Prix,,Mexico City Grand Prix,bottas,alfa,9.0,,3.6,10.0,14,0.5555555555555556,13.333333333333334,18,0,0,0,0.0,12.0,0.0,-4.0,13.5,0.4444444444444444,12.4,1.6666666666666667,0.6,0.6000000000000001,15.0,0.0,
2023,19,Mexico City Grand Prix,,Mexico City Grand Prix,sargeant,williams,19.0,,7.6000000000000005,1.0,20,0.05555555555555555,16.055555555555557,18,0,0,0,0.0,10.0,1.0,1.0,14.11111111111111,0.6666666666666666,16.333333333333332,-2.3333333333333335,0.6,0.6000000000000001,16.0,0.0,
2023,19,Mexico City Grand Prix,,Mexico City Grand Prix,stroll,aston_martin,,,,47.0,11,2.611111111111111,11.117647058823529,18,0,0,0,0.0,7.0,6.0,-2.0,8.514285714285714,6.166666666666667,12.410714285714286,-1.0,0.6,0.6000000000000001,17.0,0.0,
2023,19,Mexico City Grand Prix,,Mexico City Grand Prix,alonso,aston_martin,13.0,,5.2,175.0,4,9.722222222222221,6.055555555555555,18,0,7,0,0.3888888888888889,16.0,0.0,-15.0,8.514285714285714,6.166666666666667,9.929824561403509,-1.0,0.6,0.6000000000000001,18.0,0.0,
2023,19,Mexico City Grand Prix,,Mexico City Grand Prix,kevin_magnussen,haas,16.0,,6.4,3.0,18,0.16666666666666666,15.166666666666666,18,0,0,0,0.0,14.0,0.0,0.0,14.833333333333334,0.25,14.363636363636363,-0.3333333333333333,0.6,0.6000000000000001,19.0,0.0,
2023,19,Mexico City Grand Prix,,Mexico City Grand Prix,perez,red_bull,5.0,,2.0,221.0,2,12.277777777777779,5.444444444444445,18,2,8,2,0.4444444444444444,4.0,12.0,-6.0,3.388888888888889,18.055555555555557,7.166666666666667,-1.3333333333333321,0.6,0.6000000000000001,20.0,0.0,
2023,20,São Paulo Grand Prix,,Sao Paulo Grand Prix,max_verstappen,red_bull,1.0,,0.4,454.0,1,23.894736842105264,1.3157894736842106,19,16,18,10,0.9473684210526315,1.0,25.0,0.0,3.763157894736842,17.763157894736842,3.254385964912281,2.0,0.6,0.6000000000000001,1.0,25.0,
2023,20,São Paulo Grand Prix,,Sao Paulo Grand Prix,norris,mclaren,6.0,,2.4000000000000004,155.0,6,8.157894736842104,7.842105263157895,19,0,6,0,0.3157894736842105,5.0,10.0,10.0,9.447368421052632,5.973684210526316,6.385964912280702,1.3333333333333357,0.6,0.6000000000000001,2.0,19.0,
2023,20,São Paulo Grand Prix,,Sao Paulo Grand Prix,alonso,aston_martin,4.0,,1.6,175.0,4,9.210526315789474,6.684210526315789,19,0,7,0,0.3684210526315789,18.0,0.0,-15.0,9.0,5.842105263157895,9.929824561403509,2.666666666666667,0.6,0.6000000000000001,3.0,15.0,
2023,20,São Paulo Grand Prix,,Sao Paulo Grand Prix,perez,red_bull,9.0,,3.6,221.0,2,11.631578947368421,6.2105263157894735,19,2,8,2,0.42105263157894735,20.0,0.0,-18.0,3.763157894736842,17.763157894736842,7.166666666666667,2.0,0.6,0.6000000000000001,4.0,12.0,
2023,20,São Paulo Grand Prix,,Sao Paulo Grand Prix,stroll,aston_martin,3.0,,1.2000000000000002,47.0,11,2.473684210526316,11.444444444444445,19,0,0,0,0.0,17.0,0.0,-8.0,9.0,5.842105263157895,12.410714285714286,2.666666666666667,0.6,0.6000000000000001,5.0,10.0,
2023,20,São Paulo Grand Prix,,Sao Paulo Grand Prix,sainz,ferrari,7.0,,2.8000000000000003,162.0,5,8.526315789473685,7.105263157894737,19,1,3,2,0.15789473684210525,4.0,12.0,0.0,7.684210526315789,8.18421052631579,8.0,-10.666666666666668,0.6,0.6000000000000001,6.0,8.0,
2023,20,São Paulo Grand Prix,,Sao Paulo Grand Prix,gasly,alpine,15.0,,6.0,48.0,10,2.526315789473684,10.736842105263158,19,0,1,0,0.05263157894736842,11.0,0.0,-2.0,11.552631578947368,2.3947368421052633,12.052631578947368,1.3333333333333335,0.6,0.6000000000000001,7.0,6.0,
2023,20,São Paulo Grand Prix,,Sao Paulo Grand Prix,hamilton,mercedes,5.0,,2.0,205.0,3,10.789473684210526,5.894736842105263,19,0,6,1,0.3157894736842105,2.0,19.0,9.0,6.947368421052632,9.026315789473685,6.271929824561403,-0.3333333333333357,0.6,0.6000000000000001,8.0,4.0,
2023,20,São Paulo Grand Prix,,Sao Paulo Grand Prix,tsunoda,alphatauri,16.0,,6.4,8.0,15,0.42105263157894735,13.421052631578947,19,0,0,0,0.0,12.0,0.0,0.0,13.842105263157896,0.42105263157894735,13.324561403508772,3.0,0.6,0.6000000000000001,9.0,2.0,
2023,20,São Paulo Grand Prix,,Sao Paulo Grand Prix,ocon,alpine,14.0,,5.6000000000000005,43.0,12,2.263157894736842,12.368421052631579,19,0,1,0,0.05263157894736842,10.0,1.0,1.0,11.552631578947368,2.3947368421052633,11.539823008849558,1.3333333333333335,0.6,0.6000000000000001,10.0,1.0,
2023,20,São Paulo Grand Prix,,Sao Paulo Grand Prix,sargeant,williams,19.0,,7.6000000000000005,1.0,21,0.05263157894736842,16.05263157894737,19,0,0,0,0.0,16.0,0.0,0.0,14.026315789473685,0.6842105263157895,16.333333333333332,-0.33333333333333326,0.6,0.6000000000000001,11.0,0.0,
2023,20,São Paulo Grand Prix,,Sao Paulo Grand Prix,hulkenberg,haas,11.0,,4.4,6.0,18,0.3157894736842105,14.421052631578947,19,0,0,0,0.0,13.0,0.0,0.0,14.894736842105264,0.23684210526315788,12.98611111111111,-0.3333333333333333,0.6,0.6000000000000001,12.0,0.0,
2023,20,São Paulo Grand Prix,,Sao Paulo Grand Prix,ricciardo,alphatauri,17.0,,6.800000000000001,6.0,16,1.5,12.75,4,0,0,0,0.0,7.0,6.0,6.0,13.842105263157896,0.42105263157894735,11.507246376811594,3.0,0.6,0.6000000000000001,13.0,0.0,
2023,20,São Paulo Grand Prix,,Sao Paulo Grand Prix,piastri,mclaren,10.0,,4.0,72.0,9,3.789473684210526,11.052631578947368,19,0,2,0,0.10526315789473684,8.0,4.0,4.0,9.447368421052632,5.973684210526316,6.628571428571429,1.3333333333333357,0.6,0.6000000000000001,14.0,0.0,
2023,20,São Paulo Grand Prix,,Sao Paulo Grand Prix,russell,mercedes,8.0,,3.2,138.0,8,7.2631578947368425,8.0,19,0,1,0,0.05263157894736842,6.0,8.0,2.0,6.947368421052632,9.026315789473685,7.587719298245614,-0.3333333333333357,0.6,0.6000000000000001,15.0,0.0,
2023,20,São Paulo Grand Prix,,Sao Paulo Grand Prix,bottas,alfa,18.0,,7.2,10.0,14,0.5263157894736842,13.421052631578947,19,0,0,0,0.0,15.0,0.0,-4.0,13.552631578947368,0.42105263157894735,12.4,1.6666666666666667,0.6,0.6000000000000001,16.0,0.0,
2023,20,São Paulo Grand Prix,,Sao Paulo Grand Prix,zhou,alfa,20.0,,8.0,6.0,17,0.3157894736842105,13.68421052631579,19,0,0,0,0.0,14.0,0.0,0.0,13.552631578947368,0.42105263157894735,14.647058823529411,1.6666666666666667,0.6,0.6000000000000001,17.0,0.0,
2023,20,São Paulo Grand Prix,,Sao Paulo Grand Prix,kevin_magnussen,haas,12.0,,4.800000000000001,3.0,19,0.15789473684210525,15.368421052631579,19,0,0,0,0.0,19.0,0.0,0.0,14.894736842105264,0.23684210526315788,14.363636363636363,-0.3333333333333333,0.6,0.6000000000000001,18.0,0.0,
2023,20,São Paulo Grand Prix,,Sao Paulo Grand Prix,albon,williams,13.0,,5.2,25.0,13,1.3157894736842106,12.0,19,0,0,0,0.0,9.0,2.0,1.0,14.026315789473685,0.6842105263157895,12.956043956043956,-0.33333333333333326,0.6,0.6000000000000001,19.0,0.0,
2023,20,São Paulo Grand Prix,,Sao Paulo Grand Prix,leclerc,ferrari,2.0,,0.8,149.0,7,7.842105263157895,8.263157894736842,19,0,4,4,0.21052631578947367,3.0,15.0,15.0,7.684210526315789,8.18421052631579,6.517543859649122,-10.666666666666668,0.6,0.6000000000000001,20.0,0.0,
2023,21,Las Vegas Grand Prix,,Las Vegas Grand Prix,max_verstappen,red_bull,2.0,,0.6000000000000001,479.0,1,23.95,1.3,20,17,19,11,0.95,1.0,25.0,0.0,3.7,17.8,3.254385964912281,10.666666666666668,0.7,0.6000000000000001,1.0,25.0,
2023,21,Las Vegas Grand Prix,,Las Vegas Grand Prix,leclerc,ferrari,1.0,,0.30000000000000004,149.0,7,7.45,8.85,20,0,4,4,0.2,20.0,0.0,0.0,7.95,7.975,6.517543859649122,-5.666666666666664,0.7,0.6000000000000001,2.0,18.0,
2023,21,Las Vegas Grand Prix,,Las Vegas Grand Prix,perez,red_bull,11.0,,3.3000000000000007,233.0,2,11.65,6.1,20,2,8,2,0.4,4.0,12.0,-6.0,3.7,17.8,7.166666666666667,10.666666666666668,0.7,0.6000000000000001,3.0,15.0,
2023,21,Las Vegas Grand Prix,,Las Vegas Grand Prix,ocon,alpine,16.0,,4.800000000000001,44.0,12,2.2,12.25,20,0,1,0,0.05,10.0,1.0,1.0,11.4,2.45,11.539823008849558,-0.3333333333333339,0.7,0.6000000000000001,4.0,12.0,
2023,21,Las Vegas Grand Prix,,Las Vegas Grand Prix,stroll,aston_martin,19.0,,5.700000000000001,57.0,10,2.85,11.105263157894736,20,0,0,0,0.0,5.0,10.0,2.0,8.743589743589743,6.175,12.410714285714286,6.333333333333334,0.7,0.6000000000000001,5.0,10.0,
2023,21,Las Vegas Grand Prix,,Las Vegas Grand Prix,sainz,ferrari,12.0,,3.6000000000000005,170.0,6,8.5,7.05,20,1,3,2,0.15,6.0,8.0,-4.0,7.95,7.975,8.0,-5.666666666666664,0.7,0.6000000000000001,6.0,8.0,
2023,21,Las Vegas Grand Prix,,Las Vegas Grand Prix,hamilton,mercedes,10.0,,3.0000000000000004,209.0,3,10.45,6.0,20,0,6,1,0.3,8.0,4.0,-6.0,7.175,8.675,6.271929824561403,-1.0,0.7,0.6000000000000001,7.0,6.0,
2023,21,Las Vegas Grand Prix,,Las Vegas Grand Prix,russell,mercedes,3.0,,0.9000000000000001,138.0,8,6.9,8.35,20,0,1,0,0.05,15.0,0.0,-6.0,7.175,8.675,7.587719298245614,-1.0,0.7,0.6000000000000001,8.0,4.0,
2023,21,Las Vegas Grand Prix,,Las Vegas Grand Prix,alonso,aston_martin,9.0,,2.7,190.0,4,9.5,6.5,20,0,8,0,0.4,3.0,15.0,0.0,8.743589743589743,6.175,9.929824561403509,6.333333333333334,0.7,0.6000000000000001,9.0,2.0,
2023,21,Las Vegas Grand Prix,,Las Vegas Grand Prix,piastri,mclaren,18.0,,5.4,72.0,9,3.6,11.2,20,0,2,0,0.1,14.0,0.0,0.0,9.375,6.15,6.628571428571429,-13.0,0.7,0.6000000000000001,10.0,2.0,
2023,21,Las Vegas Grand Prix,,Las Vegas Grand Prix,gasly,alpine,4.0,,1.2000000000000002,54.0,11,2.7,10.55,20,0,1,0,0.05,7.0,6.0,4.0,11.4,2.45,12.052631578947368,-0.3333333333333339,0.7,0.6000000000000001,11.0,0.0,
2023,21,Las Vegas Grand Prix,,Las Vegas Grand Prix,albon,williams,5.0,,1.5000000000000002,25.0,13,1.25,12.35,20,0,0,0,0.0,19.0,0.0,-1.0,14.075,0.65,12.956043956043956,1.6666666666666667,0.7,0.6000000000000001,12.0,0.0,
2023,21,Las Vegas Grand Prix,,Las Vegas Grand Prix,kevin_magnussen,haas,8.0,,2.4000000000000004,3.0,19,0.15,15.5,20,0,0,0,0.0,18.0,0.0,0.0,14.9,0.225,14.363636363636363,-0.3333333333333333,0.7,0.6000000000000001,13.0,0.0,
2023,21,Las Vegas Grand Prix,,Las Vegas Grand Prix,ricciardo,alphatauri,14.0,,4.200000000000001,6.0,16,1.2,12.8,5,0,0,0,0.0,13.0,0.0,0.0,13.7,0.45,11.507246376811594,3.6666666666666665,0.7,0.6000000000000001,14.0,0.0,
2023,21,Las Vegas Grand Prix,,Las Vegas Grand Prix,zhou,alfa,17.0,,5.1000000000000005,6.0,17,0.3,13.85,20,0,0,0,0.0,17.0,0.0,0.0,13.7,0.4,14.647058823529411,-2.0,0.7,0.6000000000000001,15.0,0.0,
2023,21,Las Vegas Grand Prix,,Las Vegas Grand Prix,sargeant,williams,6.0,,1.8000000000000003,1.0,21,0.05,15.8,20,0,0,0,0.0,11.0,0.0,0.0,14.075,0.65,16.333333333333332,1.6666666666666667,0.7,0.6000000000000001,16.0,0.0,
2023,21,Las Vegas Grand Prix,,Las Vegas Grand Prix,bottas,alfa,7.0,,2.1000000000000005,10.0,15,0.5,13.55,20,0,0,0,0.0,16.0,0.0,-4.0,13.7,0.4,12.4,-2.0,0.7,0.6000000000000001,17.0,0.0,
2023,21,Las Vegas Grand Prix,,Las Vegas Grand Prix,tsunoda,alphatauri,20.0,,6.000000000000001,10.0,14,0.5,13.2,20,0,0,0,0.0,9.0,2.0,2.0,13.7,0.45,13.324561403508772,3.6666666666666665,0.7,0.6000000000000001,18.0,0.0,
2023,21,Las Vegas Grand Prix,,Las Vegas Grand Prix,hulkenberg,haas,13.0,,3.9000000000000004,6.0,18,0.3,14.3,20,0,0,0,0.0,12.0,0.0,0.0,14.9,0.225,12.98611111111111,-0.3333333333333333,0.7,0.6000000000000001,19.0,0.0,
2023,21,Las Vegas Grand Prix,,Las Vegas Grand Prix,norris,mclaren,15.0,,4.500000000000001,174.0,5,8.7,7.55,20,0,7,0,0.35,2.0,19.0,19.0,9.375,6.15,6.385964912280702,-13.0,0.7,0.6000000000000001,20.0,0.0,
2023,22,Abu Dhabi Grand Prix,,Abu Dhabi Grand Prix,max_verstappen,red_bull,1.0,,0.5,504.0,1,24.0,1.2857142857142858,21,18,20,11,0.9523809523809523,1.0,25.0,0.0,3.619047619047619,17.904761904761905,3.254385964912281,4.0,0.5,0.6000000000000001,1.0,26.0,
2023,22,Abu Dhabi Grand Prix,,Abu Dhabi Grand Prix,leclerc,ferrari,2.0,,1.0,167.0,7,7.9523809523809526,8.523809523809524,21,0,5,5,0.23809523809523808,2.0,18.0,18.0,7.761904761904762,8.214285714285714,6.517543859649122,5.333333333333332,0.5,0.6000000000000001,2.0,18.0,
2023,22,Abu Dhabi Grand Prix,,Abu Dhabi Grand Prix,russell,mercedes,4.0,,2.0,142.0,8,6.761904761904762,8.333333333333334,21,0,1,0,0.047619047619047616,8.0,4.0,-2.0,7.190476190476191,8.5,7.587719298245614,1.0,0.5,0.6000000000000001,3.0,15.0,
2023,22,Abu Dhabi Grand Prix,,Abu Dhabi Grand Prix,perez,red_bull,9.0,,4.5,248.0,2,11.80952380952381,5.9523809523809526,21,2,9,2,0.42857142857142855,3.0,15.0,-3.0,3.619047619047619,17.904761904761905,7.166666666666667,4.0,0.5,0.6000000000000001,4.0,12.0,
2023,22,Abu Dhabi Grand Prix,,Abu Dhabi Grand Prix,norris,mclaren,5.0,,2.5,174.0,6,8.285714285714286,8.142857142857142,21,0,7,0,0.3333333333333333,20.0,0.0,0.0,9.642857142857142,5.904761904761905,6.385964912280702,-16.333333333333336,0.5,0.6000000000000001,5.0,10.0,
2023,22,Abu Dhabi Grand Prix,,Abu Dhabi Grand Prix,piastri,mclaren,3.0,,1.5,74.0,9,3.5238095238095237,11.142857142857142,21,0,2,0,0.09523809523809523,10.0,2.0,2.0,9.642857142857142,5.904761904761905,6.628571428571429,-16.333333333333336,0.5,0.6000000000000001,6.0,8.0,
2023,22,Abu Dhabi Grand Prix,,Abu Dhabi Grand Prix,alonso,aston_martin,7.0,,3.5,192.0,4,9.142857142857142,6.619047619047619,21,0,8,0,0.38095238095238093,9.0,2.0,-13.0,8.658536585365853,6.166666666666667,9.929824561403509,6.333333333333334,0.5,0.6000000000000001,7.0,6.0,
2023,22,Abu Dhabi Grand Prix,,Abu Dhabi Grand Prix,tsunoda,alphatauri,6.0,,3.0,10.0,14,0.47619047619047616,13.428571428571429,21,0,0,0,0.0,18.0,0.0,0.0,13.80952380952381,0.42857142857142855,13.324561403508772,0.9999999999999998,0.5,0.6000000000000001,8.0,4.0,
2023,22,Abu Dhabi Grand Prix,,Abu Dhabi Grand Prix,hamilton,mercedes,11.0,,5.5,215.0,3,10.238095238095237,6.0476190476190474,21,0,6,1,0.2857142857142857,7.0,6.0,-4.0,7.190476190476191,8.5,6.271929824561403,1.0,0.5,0.6000000000000001,9.0,2.0,
2023,22,Abu Dhabi Grand Prix,,Abu Dhabi Grand Prix,stroll,aston_martin,13.0,,6.5,67.0,10,3.1904761904761907,10.8,21,0,0,0,0.0,5.0,10.0,2.0,8.658536585365853,6.166666666666667,12.410714285714286,6.333333333333334,0.5,0.6000000000000001,10.0,1.0,
2023,22,Abu Dhabi Grand Prix,,Abu Dhabi Grand Prix,ricciardo,alphatauri,15.0,,7.5,6.0,16,1.0,13.0,6,0,0,0,0.0,14.0,0.0,0.0,13.80952380952381,0.42857142857142855,11.507246376811594,0.9999999999999998,0.5,0.6000000000000001,11.0,0.0,
2023,22,Abu Dhabi Grand Prix,,Abu Dhabi Grand Prix,ocon,alpine,12.0,,6.0,56.0,11,2.6666666666666665,11.857142857142858,21,0,1,0,0.047619047619047616,4.0,12.0,12.0,11.214285714285714,2.619047619047619,11.539823008849558,1.0,0.5,0.6000000000000001,12.0,0.0,
2023,22,Abu Dhabi Grand Prix,,Abu Dhabi Grand Prix,gasly,alpine,10.0,,5.0,54.0,12,2.5714285714285716,10.571428571428571,21,0,1,0,0.047619047619047616,11.0,0.0,-2.0,11.214285714285714,2.619047619047619,12.052631578947368,1.0,0.5,0.6000000000000001,13.0,0.0,
2023,22,Abu Dhabi Grand Prix,,Abu Dhabi Grand Prix,albon,williams,14.0,,7.0,25.0,13,1.1904761904761905,12.333333333333334,21,0,0,0,0.0,12.0,0.0,-1.0,14.071428571428571,0.6190476190476191,12.956043956043956,-0.33333333333333337,0.5,0.6000000000000001,14.0,0.0,
2023,22,Abu Dhabi Grand Prix,,Abu Dhabi Grand Prix,hulkenberg,haas,8.0,,4.0,6.0,18,0.2857142857142857,14.523809523809524,21,0,0,0,0.0,19.0,0.0,0.0,14.952380952380953,0.21428571428571427,12.98611111111111,0.0,0.5,0.6000000000000001,15.0,0.0,
2023,22,Abu Dhabi Grand Prix,,Abu Dhabi Grand Prix,sargeant,williams,20.0,,10.0,1.0,21,0.047619047619047616,15.80952380952381,21,0,0,0,0.0,16.0,0.0,0.0,14.071428571428571,0.6190476190476191,16.333333333333332,-0.33333333333333337,0.5,0.6000000000000001,16.0,0.0,
2023,22,Abu Dhabi Grand Prix,,Abu Dhabi Grand Prix,zhou,alfa,19.0,,9.5,6.0,17,0.2857142857142857,13.904761904761905,21,0,0,0,0.0,15.0,0.0,0.0,13.80952380952381,0.38095238095238093,14.647058823529411,-2.0,0.5,0.6000000000000001,17.0,0.0,
2023,22,Abu Dhabi Grand Prix,,Abu Dhabi Grand Prix,sainz,ferrari,16.0,,8.0,178.0,5,8.476190476190476,7.0,21,1,3,2,0.14285714285714285,6.0,8.0,-4.0,7.761904761904762,8.214285714285714,8.0,5.333333333333332,0.5,0.6000000000000001,18.0,0.0,
2023,22,Abu Dhabi Grand Prix,,Abu Dhabi Grand Prix,bottas,alfa,18.0,,9.0,10.0,15,0.47619047619047616,13.714285714285714,21,0,0,0,0.0,17.0,0.0,-4.0,13.80952380952381,0.38095238095238093,12.4,-2.0,0.5,0.6000000000000001,19.0,0.0,
2023,22,Abu Dhabi Grand Prix,,Abu Dhabi Grand Prix,kevin_magnussen,haas,17.0,,8.5,3.0,19,0.14285714285714285,15.380952380952381,21,0,0,0,0.0,13.0,0.0,0.0,14.952380952380953,0.21428571428571427,14.363636363636363,0.0,0.5,0.6000000000000001,20.0,0.0,
2024,1,Bahrain Grand Prix,,Bahrain Grand Prix,max_verstappen,red_bull,1.0,,0.19999999999999996,0.0,999,,,0,0,0,0,,,,,,,3.254385964912281,,0.8,0.8,1.0,26.0,
2024,1,Bahrain Grand Prix,,Bahrain Grand Prix,perez,red_bull,5.0,,0.9999999999999998,0.0,999,,,0,0,0,0,,,,,,,7.166666666666667,,0.8,0.8,2.0,18.0,
2024,1,Bahrain Grand Prix,,Bahrain Grand Prix,sainz,ferrari,4.0,,0.7999999999999998,0.0,999,,,0,0,0,0,,,,,,,8.0,,0.8,0.8,3.0,15.0,
2024,1,Bahrain Grand Prix,,Bahrain Grand Prix,leclerc,ferrari,2.0,,0.3999999999999999,0.0,999,,,0,0,0,0,,,,,,,6.517543859649122,,0.8,0.8,4.0,12.0,
2024,1,Bahrain Grand Prix,,Bahrain Grand Prix,russell,mercedes,3.0,,0.5999999999999999,0.0,999,,,0,0,0,0,,,,,,,7.587719298245614,,0.8,0.8,5.0,10.0,
2024,1,Bahrain Grand Prix,,Bahrain Grand Prix,norris,mclaren,7.0,,1.3999999999999997,0.0,999,,,0,0,0,0,,,,,,,6.385964912280702,,0.8,0.8,6.0,8.0,
2024,1,Bahrain Grand Prix,,Bahrain Grand Prix,hamilton,mercedes,9.0,,1.7999999999999996,0.0,999,,,0,0,0,0,,,,,,,6.271929824561403,,0.8,0.8,7.0,6.0,
2024,1,Bahrain Grand Prix,,Bahrain Grand Prix,piastri,mclaren,8.0,,1.5999999999999996,0.0,999,,,0,0,0,0,,,,,,,6.628571428571429,,0.8,0.8,8.0,4.0,
2024,1,Bahrain Grand Prix,,Bahrain Grand Prix,alonso,aston_martin,6.0,,1.1999999999999997,0.0,999,,,0,0,0,0,,,,,,,9.929824561403509,,0.8,0.8,9.0,2.0,
2024,1,Bahrain Grand Prix,,Bahrain Grand Prix,stroll,aston_martin,12.0,,2.3999999999999995,0.0,999,,,0,0,0,0,,,,,,,12.410714285714286,,0.8,0.8,10.0,1.0,
2024,1,Bahrain Grand Prix,,Bahrain Grand Prix,zhou,sauber,17.0,,3.3999999999999995,0.0,999,,,0,0,0,0,,,,,,,14.647058823529411,,0.8,0.8,11.0,0.0,
2024,1,Bahrain Grand Prix,,Bahrain Grand Prix,kevin_magnussen,haas,15.0,,2.999999999999999,0.0,999,,,0,0,0,0,,,,,,,14.363636363636363,,0.8,0.8,12.0,0.0,
2024,1,Bahrain Grand Prix,,Bahrain Grand Prix,ricciardo,rb,14.0,,2.7999999999999994,0.0,999,,,0,0,0,0,,,,,,,11.507246376811594,,0.8,0.8,13.0,0.0,
2024,1,Bahrain Grand Prix,,Bahrain Grand Prix,tsunoda,rb,11.0,,2.1999999999999993,0.0,999,,,0,0,0,0,,,,,,,13.324561403508772,,0.8,0.8,14.0,0.0,
2024,1,Bahrain Grand Prix,,Bahrain Grand Prix,albon,williams,13.0,,2.5999999999999996,0.0,999,,,0,0,0,0,,,,,,,12.956043956043956,,0.8,0.8,15.0,0.0,
2024,1,Bahrain Grand Prix,,Bahrain Grand Prix,hulkenberg,haas,10.0,,1.9999999999999996,0.0,999,,,0,0,0,0,,,,,,,12.98611111111111,,0.8,0.8,16.0,0.0,
2024,1,Bahrain Grand Prix,,Bahrain Grand Prix,ocon,alpine,19.0,,3.799999999999999,0.0,999,,,0,0,0,0,,,,,,,11.539823008849558,,0.8,0.8,17.0,0.0,
2024,1,Bahrain Grand Prix,,Bahrain Grand Prix,gasly,alpine,20.0,,3.999999999999999,0.0,999,,,0,0,0,0,,,,,,,12.052631578947368,,0.8,0.8,18.0,0.0,
2024,1,Bahrain Grand Prix,,Bahrain Grand Prix,bottas,sauber,16.0,,3.1999999999999993,0.0,999,,,0,0,0,0,,,,,,,12.4,,0.8,0.8,19.0,0.0,
2024,1,Bahrain Grand Prix,,Bahrain Grand Prix,sargeant,williams,18.0,,3.599999999999999,0.0,999,,,0,0,0,0,,,,,,,16.333333333333332,,0.8,0.8,20.0,0.0,
2024,2,Saudi Arabian Grand Prix,,Saudi Arabian Grand Prix,max_verstappen,red_bull,1.0,,0.4,26.0,1,26.0,1.0,1,1,1,1,1.0,1.0,26.0,,1.5,22.0,3.254385964912281,,0.6,0.8,1.0,25.0,
2024,2,Saudi Arabian Grand Prix,,Saudi Arabian Grand Prix,perez,red_bull,3.0,,1.2000000000000002,18.0,2,18.0,2.0,1,0,1,0,1.0,2.0,18.0,,1.5,22.0,7.166666666666667,,0.6,0.8,2.0,18.0,
2024,2,Saudi Arabian Grand Prix,,Saudi Arabian Grand Prix,leclerc,ferrari,2.0,,0.8,12.0,4,12.0,4.0,1,0,0,0,0.0,4.0,12.0,,3.5,13.5,6.517543859649122,,0.6,0.8,3.0,16.0,
2024,2,Saudi Arabian Grand Prix,,Saudi Arabian Grand Prix,piastri,mclaren,5.0,,2.0,4.0,8,4.0,8.0,1,0,0,0,0.0,8.0,4.0,,7.0,6.0,6.628571428571429,,0.6,0.8,4.0,12.0,
2024,2,Saudi Arabian Grand Prix,,Saudi Arabian Grand Prix,alonso,aston_martin,4.0,,1.6,2.0,9,2.0,9.0,1,0,0,0,0.0,9.0,2.0,,9.5,1.5,9.929824561403509,,0.6,0.8,5.0,10.0,
2024,2,Saudi Arabian Grand Prix,,Saudi Arabian Grand Prix,russell,mercedes,7.0,,2.8000000000000003,10.0,5,10.0,5.0,1,0,0,0,0.0,5.0,10.0,,6.0,8.0,7.587719298245614,,0.6,0.8,6.0,8.0,
2024,2,Saudi Arabian Grand Prix,,Saudi Arabian Grand Prix,bearman,ferrari,11.0,,4.4,0.0,999,,,0,0,0,0,,,,,3.5,13.5,11.555555555555555,,0.6,0.8,7.0,6.0,
2024,2,Saudi Arabian Grand Prix,,Saudi Arabian Grand Prix,norris,mclaren,6.0,,2.4000000000000004,8.0,6,8.0,6.0,1,0,0,0,0.0,6.0,8.0,,7.0,6.0,6.385964912280702,,0.6,0.8,8.0,4.0,
2024,2,Saudi Arabian Grand Prix,,Saudi Arabian Grand Prix,hamilton,mercedes,8.0,,3.2,6.0,7,6.0,7.0,1,0,0,0,0.0,7.0,6.0,,6.0,8.0,6.271929824561403,,0.6,0.8,9.0,2.0,
2024,2,Saudi Arabian Grand Prix,,Saudi Arabian Grand Prix,hulkenberg,haas,15.0,,6.0,0.0,16,0.0,16.0,1,0,0,0,0.0,16.0,0.0,,14.0,0.0,12.98611111111111,,0.6,0.8,10.0,1.0,
2024,2,Saudi Arabian Grand Prix,,Saudi Arabian Grand Prix,albon,williams,12.0,,4.800000000000001,0.0,15,0.0,15.0,1,0,0,0,0.0,15.0,0.0,,17.5,0.0,12.956043956043956,,0.6,0.8,11.0,0.0,
2024,2,Saudi Arabian Grand Prix,,Saudi Arabian Grand Prix,kevin_magnussen,haas,13.0,,5.2,0.0,12,0.0,12.0,1,0,0,0,0.0,12.0,0.0,,14.0,0.0,14.363636363636363,,0.6,0.8,12.0,0.0,
2024,2,Saudi Arabian Grand Prix,,Saudi Arabian Grand Prix,ocon,alpine,17.0,,6.800000000000001,0.0,17,0.0,17.0,1,0,0,0,0.0,17.0,0.0,,17.5,0.0,11.539823008849558,,0.6,0.8,13.0,0.0,
2024,2,Saudi Arabian Grand Prix,,Saudi Arabian Grand Prix,sargeant,williams,19.0,,7.6000000000000005,0.0,20,0.0,20.0,1,0,0,0,0.0,20.0,0.0,,17.5,0.0,16.333333333333332,,0.6,0.8,14.0,0.0,
2024,2,Saudi Arabian Grand Prix,,Saudi Arabian Grand Prix,tsunoda,rb,9.0,,3.6,0.0,14,0.0,14.0,1,0,0,0,0.0,14.0,0.0,,13.5,0.0,13.324561403508772,,0.6,0.8,15.0,0.0,
2024,2,Saudi Arabian Grand Prix,,Saudi Arabian Grand Prix,ricciardo,rb,14.0,,5.6000000000000005,0.0,13,0.0,13.0,1,0,0,0,0.0,13.0,0.0,,13.5,0.0,11.507246376811594,,0.6,0.8,16.0,0.0,
2024,2,Saudi Arabian Grand Prix,,Saudi Arabian Grand Prix,bottas,sauber,16.0,,6.4,0.0,19,0.0,19.0,1,0,0,0,0.0,19.0,0.0,,15.0,0.0,12.4,,0.6,0.8,17.0,0.0,
2024,2,Saudi Arabian Grand Prix,,Saudi Arabian Grand Prix,zhou,sauber,20.0,,8.0,0.0,11,0.0,11.0,1,0,0,0,0.0,11.0,0.0,,15.0,0.0,14.647058823529411,,0.6,0.8,18.0,0.0,
2024,2,Saudi Arabian Grand Prix,,Saudi Arabian Grand Prix,stroll,aston_martin,10.0,,4.0,1.0,10,1.0,10.0,1,0,0,0,0.0,10.0,1.0,,9.5,1.5,12.410714285714286,,0.6,0.8,19.0,0.0,
2024,2,Saudi Arabian Grand Prix,,Saudi Arabian Grand Prix,gasly,alpine,18.0,,7.2,0.0,18,0.0,18.0,1,0,0,0,0.0,18.0,0.0,,17.5,0.0,12.052631578947368,,0.6,0.8,20.0,0.0,
2024,3,Australian Grand Prix,,Australian Grand Prix,sainz,ferrari,2.0,,0.8,15.0,6,15.0,3.0,1,0,1,0,1.0,3.0,15.0,,4.25,12.25,8.0,24.5,0.6,0.8,1.0,25.0,
2024,3,Australian Grand Prix,,Australian Grand Prix,leclerc,ferrari,4.0,,1.6,28.0,3,14.0,3.5,2,0,1,0,0.5,3.0,16.0,4.0,4.25,12.25,6.517543859649122,24.5,0.6,0.8,2.0,19.0,
2024,3,Australian Grand Prix,,Australian Grand Prix,norris,mclaren,3.0,,1.2000000000000002,12.0,8,6.0,7.0,2,0,0,0,0.0,8.0,4.0,-4.0,6.5,7.0,6.385964912280702,14.0,0.6,0.8,3.0,15.0,
2024,3,Australian Grand Prix,,Australian Grand Prix,piastri,mclaren,5.0,,2.0,16.0,5,8.0,6.0,2,0,0,0,0.0,4.0,12.0,8.0,6.5,7.0,6.628571428571429,14.0,0.6,0.8,4.0,12.0,
2024,3,Australian Grand Prix,,Australian Grand Prix,perez,red_bull,6.0,,2.4000000000000004,36.0,2,18.0,2.0,2,0,2,0,1.0,2.0,18.0,0.0,1.5,21.75,7.166666666666667,43.5,0.6,0.8,5.0,10.0,
2024,3,Australian Grand Prix,,Australian Grand Prix,stroll,aston_martin,9.0,,3.6,1.0,12,0.5,14.5,2,0,0,0,0.0,19.0,0.0,-1.0,10.75,3.25,12.410714285714286,6.5,0.6,0.8,6.0,8.0,
2024,3,Australian Grand Prix,,Australian Grand Prix,tsunoda,rb,8.0,,3.2,0.0,16,0.0,14.5,2,0,0,0,0.0,15.0,0.0,0.0,14.5,0.0,13.324561403508772,0.0,0.6,0.8,7.0,6.0,
2024,3,Australian Grand Prix,,Australian Grand Prix,alonso,aston_martin,10.0,,4.0,12.0,7,6.0,7.0,2,0,0,0,0.0,5.0,10.0,8.0,10.75,3.25,9.929824561403509,6.5,0.6,0.8,8.0,4.0,
2024,3,Australian Grand Prix,,Australian Grand Prix,hulkenberg,haas,16.0,,6.4,1.0,11,0.5,13.0,2,0,0,0,0.0,10.0,1.0,1.0,12.5,0.25,12.98611111111111,0.5,0.6,0.8,9.0,2.0,
2024,3,Australian Grand Prix,,Australian Grand Prix,kevin_magnussen,haas,14.0,,5.6000000000000005,0.0,13,0.0,12.0,2,0,0,0,0.0,12.0,0.0,0.0,12.5,0.25,14.363636363636363,0.5,0.6,0.8,10.0,1.0,
2024,3,Australian Grand Prix,,Australian Grand Prix,albon,williams,12.0,,4.800000000000001,0.0,14,0.0,13.0,2,0,0,0,0.0,11.0,0.0,0.0,15.0,0.0,12.956043956043956,0.0,0.6,0.8,11.0,0.0,
2024,3,Australian Grand Prix,,Australian Grand Prix,ricciardo,rb,18.0,,7.2,0.0,15,0.0,14.5,2,0,0,0,0.0,16.0,0.0,0.0,14.5,0.0,11.507246376811594,0.0,0.6,0.8,12.0,0.0,
2024,3,Australian Grand Prix,,Australian Grand Prix,gasly,alpine,17.0,,6.800000000000001,0.0,21,0.0,19.0,2,0,0,0,0.0,20.0,0.0,0.0,17.0,0.0,12.052631578947368,0.0,0.6,0.8,13.0,0.0,
2024,3,Australian Grand Prix,,Australian Grand Prix,bottas,sauber,13.0,,5.2,0.0,20,0.0,18.0,2,0,0,0,0.0,17.0,0.0,0.0,16.25,0.0,12.4,0.0,0.6,0.8,14.0,0.0,
2024,3,Australian Grand Prix,,Australian Grand Prix,zhou,sauber,19.0,,7.6000000000000005,0.0,17,0.0,14.5,2,0,0,0,0.0,18.0,0.0,0.0,16.25,0.0,14.647058823529411,0.0,0.6,0.8,15.0,0.0,
2024,3,Australian Grand Prix,,Australian Grand Prix,ocon,alpine,15.0,,6.0,0.0,18,0.0,15.0,2,0,0,0,0.0,13.0,0.0,0.0,17.0,0.0,11.539823008849558,0.0,0.6,0.8,16.0,0.0,
2024,3,Australian Grand Prix,,Australian Grand Prix,russell,mercedes,7.0,,2.8000000000000003,18.0,4,9.0,5.5,2,0,0,0,0.0,6.0,8.0,-2.0,6.75,6.5,7.587719298245614,13.0,0.6,0.8,17.0,0.0,
2024,3,Australian Grand Prix,,Australian Grand Prix,hamilton,mercedes,11.0,,4.4,8.0,9,4.0,8.0,2,0,0,0,0.0,9.0,2.0,-4.0,6.75,6.5,6.271929824561403,13.0,0.6,0.8,18.0,0.0,
2024,3,Australian Grand Prix,,Australian Grand Prix,max_verstappen,red_bull,1.0,,0.4,51.0,1,25.5,1.0,2,2,2,2,1.0,1.0,25.0,-1.0,1.5,21.75,3.254385964912281,43.5,0.6,0.8,19.0,0.0,
2024,4,Japanese Grand Prix,,Japanese Grand Prix,max_verstappen,red_bull,1.0,,0.6,51.0,1,17.0,7.0,3,2,2,3,0.6666666666666666,19.0,0.0,-26.0,5.0,16.166666666666668,3.254385964912281,32.333333333333336,0.4,0.8,1.0,26.0,
2024,4,Japanese Grand Prix,,Japanese Grand Prix,perez,red_bull,2.0,,1.2,46.0,3,15.333333333333334,3.0,3,0,2,0,0.6666666666666666,5.0,10.0,-8.0,5.0,16.166666666666668,7.166666666666667,32.333333333333336,0.4,0.8,2.0,18.0,
2024,4,Japanese Grand Prix,,Japanese Grand Prix,sainz,ferrari,4.0,,2.4,40.0,4,20.0,2.0,2,1,2,0,1.0,1.0,25.0,10.0,3.3333333333333335,15.5,8.0,31.0,0.4,0.8,3.0,15.0,
2024,4,Japanese Grand Prix,,Japanese Grand Prix,leclerc,ferrari,8.0,,4.8,47.0,2,15.666666666666666,3.0,3,0,2,0,0.6666666666666666,2.0,19.0,7.0,3.3333333333333335,15.5,6.517543859649122,31.0,0.4,0.8,4.0,12.0,
2024,4,Japanese Grand Prix,,Japanese Grand Prix,norris,mclaren,3.0,,1.7999999999999998,27.0,6,9.0,5.666666666666667,3,0,1,0,0.3333333333333333,3.0,15.0,7.0,5.5,9.166666666666666,6.385964912280702,18.333333333333332,0.4,0.8,5.0,10.0,
2024,4,Japanese Grand Prix,,Japanese Grand Prix,alonso,aston_martin,5.0,,3.0,16.0,8,5.333333333333333,7.333333333333333,3,0,0,0,0.0,8.0,4.0,2.0,9.5,4.166666666666667,9.929824561403509,8.333333333333334,0.4,0.8,6.0,8.0,
2024,4,Japanese Grand Prix,,Japanese Grand Prix,russell,mercedes,9.0,,5.3999999999999995,18.0,7,6.0,9.333333333333334,3,0,0,0,0.0,17.0,0.0,-10.0,10.333333333333334,4.333333333333333,7.587719298245614,8.666666666666666,0.4,0.8,7.0,6.0,
2024,4,Japanese Grand Prix,,Japanese Grand Prix,piastri,mclaren,6.0,,3.5999999999999996,28.0,5,9.333333333333334,5.333333333333333,3,0,0,0,0.0,4.0,12.0,8.0,5.5,9.166666666666666,6.628571428571429,18.333333333333332,0.4,0.8,8.0,4.0,
2024,4,Japanese Grand Prix,,Japanese Grand Prix,hamilton,mercedes,7.0,,4.2,8.0,10,2.6666666666666665,11.333333333333334,3,0,0,0,0.0,18.0,0.0,-6.0,10.333333333333334,4.333333333333333,6.271929824561403,8.666666666666666,0.4,0.8,9.0,2.0,
2024,4,Japanese Grand Prix,,Japanese Grand Prix,tsunoda,rb,10.0,,6.0,6.0,12,2.0,12.0,3,0,0,0,0.0,7.0,6.0,6.0,12.833333333333334,1.0,13.324561403508772,2.0,0.4,0.8,10.0,1.0,
2024,4,Japanese Grand Prix,,Japanese Grand Prix,hulkenberg,haas,12.0,,7.199999999999999,3.0,13,1.0,11.666666666666666,3,0,0,0,0.0,9.0,2.0,2.0,11.5,0.6666666666666666,12.98611111111111,1.3333333333333333,0.4,0.8,11.0,0.0,
2024,4,Japanese Grand Prix,,Japanese Grand Prix,stroll,aston_martin,16.0,,9.6,9.0,9,3.0,11.666666666666666,3,0,0,0,0.0,6.0,8.0,7.0,9.5,4.166666666666667,12.410714285714286,8.333333333333334,0.4,0.8,12.0,0.0,
2024,4,Japanese Grand Prix,,Japanese Grand Prix,kevin_magnussen,haas,18.0,,10.799999999999999,1.0,14,0.3333333333333333,11.333333333333334,3,0,0,0,0.0,10.0,1.0,1.0,11.5,0.6666666666666666,14.363636363636363,1.3333333333333333,0.4,0.8,13.0,0.0,
2024,4,Japanese Grand Prix,,Japanese Grand Prix,bottas,sauber,13.0,,7.8,0.0,19,0.0,16.666666666666668,3,0,0,0,0.0,14.0,0.0,0.0,15.666666666666666,0.0,12.4,0.0,0.4,0.8,14.0,0.0,
2024,4,Japanese Grand Prix,,Japanese Grand Prix,ocon,alpine,15.0,,9.0,0.0,18,0.0,15.333333333333334,3,0,0,0,0.0,16.0,0.0,0.0,16.166666666666668,0.0,11.539823008849558,0.0,0.4,0.8,15.0,0.0,
2024,4,Japanese Grand Prix,,Japanese Grand Prix,gasly,alpine,17.0,,10.2,0.0,20,0.0,17.0,3,0,0,0,0.0,13.0,0.0,0.0,16.166666666666668,0.0,12.052631578947368,0.0,0.4,0.8,16.0,0.0,
2024,4,Japanese Grand Prix,,Japanese Grand Prix,sargeant,williams,19.0,,11.4,0.0,21,0.0,17.0,2,0,0,0,0.0,14.0,0.0,0.0,14.2,0.0,16.333333333333332,0.0,0.4,0.8,17.0,0.0,
2024,4,Japanese Grand Prix,,Japanese Grand Prix,zhou,sauber,20.0,,12.0,0.0,17,0.0,14.666666666666666,3,0,0,0,0.0,15.0,0.0,0.0,15.666666666666666,0.0,14.647058823529411,0.0,0.4,0.8,18.0,0.0,
2024,4,Japanese Grand Prix,,Japanese Grand Prix,ricciardo,rb,11.0,,6.6,0.0,16,0.0,13.666666666666666,3,0,0,0,0.0,12.0,0.0,0.0,12.833333333333334,1.0,11.507246376811594,2.0,0.4,0.8,19.0,0.0,
2024,4,Japanese Grand Prix,,Japanese Grand Prix,albon,williams,14.0,,8.4,0.0,15,0.0,12.333333333333334,3,0,0,0,0.0,11.0,0.0,0.0,14.2,0.0,12.956043956043956,0.0,0.4,0.8,20.0,0.0,
2024,5,Chinese Grand Prix,,Chinese Grand Prix,max_verstappen,red_bull,1.0,,0.30000000000000004,77.0,1,19.25,5.5,4,3,3,4,0.75,1.0,26.0,0.0,4.125,17.625,3.254385964912281,-11.666666666666664,0.7,0.8,1.0,25.0,
2024,5,Chinese Grand Prix,,Chinese Grand Prix,norris,mclaren,4.0,,1.2000000000000002,37.0,5,9.25,5.5,4,0,1,0,0.25,5.0,10.0,2.0,5.75,8.625,6.385964912280702,7.0,0.7,0.8,2.0,18.0,
2024,5,Chinese Grand Prix,,Chinese Grand Prix,perez,red_bull,2.0,,0.6000000000000001,64.0,2,16.0,2.75,4,0,3,0,0.75,2.0,18.0,0.0,4.125,17.625,7.166666666666667,-11.666666666666664,0.7,0.8,3.0,15.0,
2024,5,Chinese Grand Prix,,Chinese Grand Prix,leclerc,ferrari,6.0,,1.8000000000000003,59.0,3,14.75,3.25,4,0,2,0,0.5,4.0,12.0,0.0,3.375,15.0,6.517543859649122,4.0,0.7,0.8,4.0,12.0,
2024,5,Chinese Grand Prix,,Chinese Grand Prix,sainz,ferrari,7.0,,2.1000000000000005,55.0,4,18.333333333333332,2.3333333333333335,3,1,3,0,1.0,3.0,15.0,0.0,3.375,15.0,8.0,4.0,0.7,0.8,5.0,10.0,
2024,5,Chinese Grand Prix,,Chinese Grand Prix,russell,mercedes,8.0,,2.4000000000000004,24.0,8,6.0,8.75,4,0,0,0,0.0,7.0,6.0,-4.0,9.75,4.25,7.587719298245614,-10.0,0.7,0.8,6.0,8.0,
2024,5,Chinese Grand Prix,,Chinese Grand Prix,alonso,aston_martin,3.0,,0.9000000000000001,24.0,7,6.0,7.0,4,0,0,0,0.0,6.0,8.0,6.0,9.375,4.125,9.929824561403509,7.0,0.7,0.8,7.0,7.0,
2024,5,Chinese Grand Prix,,Chinese Grand Prix,piastri,mclaren,5.0,,1.5000000000000002,32.0,6,8.0,6.0,4,0,0,0,0.0,8.0,4.0,0.0,5.75,8.625,6.628571428571429,7.0,0.7,0.8,8.0,4.0,
2024,5,Chinese Grand Prix,,Chinese Grand Prix,hamilton,mercedes,18.0,,5.4,10.0,9,2.5,10.75,4,0,0,0,0.0,9.0,2.0,-4.0,9.75,4.25,6.271929824561403,-10.0,0.7,0.8,9.0,2.0,
2024,5,Chinese Grand Prix,,Chinese Grand Prix,hulkenberg,haas,9.0,,2.7,3.0,13,0.75,11.5,4,0,0,0,0.0,11.0,0.0,0.0,11.625,0.5,12.98611111111111,1.3333333333333333,0.7,0.8,10.0,1.0,
2024,5,Chinese Grand Prix,,Chinese Grand Prix,ocon,alpine,13.0,,3.9000000000000004,0.0,17,0.0,15.25,4,0,0,0,0.0,15.0,0.0,0.0,16.0,0.0,11.539823008849558,0.0,0.7,0.8,11.0,0.0,
2024,5,Chinese Grand Prix,,Chinese Grand Prix,albon,williams,14.0,,4.200000000000001,0.0,15,0.0,14.25,4,0,0,0,0.0,20.0,0.0,0.0,15.428571428571429,0.0,12.956043956043956,0.0,0.7,0.8,12.0,0.0,
2024,5,Chinese Grand Prix,,Chinese Grand Prix,gasly,alpine,15.0,,4.500000000000001,0.0,20,0.0,16.75,4,0,0,0,0.0,16.0,0.0,0.0,16.0,0.0,12.052631578947368,0.0,0.7,0.8,13.0,0.0,
2024,5,Chinese Grand Prix,,Chinese Grand Prix,zhou,sauber,16.0,,4.800000000000001,0.0,18,0.0,15.5,4,0,0,0,0.0,18.0,0.0,0.0,15.75,0.0,14.647058823529411,0.0,0.7,0.8,14.0,0.0,
2024,5,Chinese Grand Prix,,Chinese Grand Prix,stroll,aston_martin,11.0,,3.3000000000000007,9.0,10,2.25,11.75,4,0,0,0,0.0,12.0,0.0,-1.0,9.375,4.125,12.410714285714286,7.0,0.7,0.8,15.0,0.0,
2024,5,Chinese Grand Prix,,Chinese Grand Prix,kevin_magnussen,haas,17.0,,5.1000000000000005,1.0,14,0.25,11.75,4,0,0,0,0.0,13.0,0.0,0.0,11.625,0.5,14.363636363636363,1.3333333333333333,0.7,0.8,16.0,0.0,
2024,5,Chinese Grand Prix,,Chinese Grand Prix,sargeant,williams,20.0,,6.000000000000001,0.0,21,0.0,17.0,3,0,0,0,0.0,17.0,0.0,0.0,15.428571428571429,0.0,16.333333333333332,0.0,0.7,0.8,17.0,0.0,
2024,5,Chinese Grand Prix,,Chinese Grand Prix,ricciardo,rb,12.0,,3.6000000000000005,0.0,16,0.0,15.0,4,0,0,0,0.0,19.0,0.0,0.0,13.25,0.875,11.507246376811594,2.3333333333333335,0.7,0.8,18.0,0.0,
2024,5,Chinese Grand Prix,,Chinese Grand Prix,tsunoda,rb,19.0,,5.700000000000001,7.0,11,1.75,11.5,4,0,0,0,0.0,10.0,1.0,1.0,13.25,0.875,13.324561403508772,2.3333333333333335,0.7,0.8,19.0,0.0,
2024,5,Chinese Grand Prix,,Chinese Grand Prix,bottas,sauber,10.0,,3.0000000000000004,0.0,19,0.0,16.0,4,0,0,0,0.0,14.0,0.0,0.0,15.75,0.0,12.4,0.0,0.7,0.8,20.0,0.0,
2024,6,Miami Grand Prix,,Miami Grand Prix,norris,mclaren,5.0,,2.5,55.0,5,11.0,4.8,5,0,2,0,0.4,2.0,18.0,10.0,5.6,9.1,6.385964912280702,7.0,0.5,0.8,1.0,25.0,
2024,6,Miami Grand Prix,,Miami Grand Prix,max_verstappen,red_bull,1.0,,0.5,102.0,1,20.4,4.6,5,4,4,5,0.8,1.0,25.0,-1.0,3.7,18.1,3.254385964912281,-12.166666666666668,0.5,0.8,2.0,18.0,
2024,6,Miami Grand Prix,,Miami Grand Prix,leclerc,ferrari,2.0,,1.0,71.0,3,14.2,3.4,5,0,2,0,0.4,4.0,12.0,0.0,3.6,14.2,6.517543859649122,6.5,0.5,0.8,3.0,15.0,
2024,6,Miami Grand Prix,,Miami Grand Prix,perez,red_bull,4.0,,2.0,79.0,2,15.8,2.8,5,0,4,0,0.8,3.0,15.0,-3.0,3.7,18.1,7.166666666666667,-12.166666666666668,0.5,0.8,4.0,12.0,
2024,6,Miami Grand Prix,,Miami Grand Prix,sainz,ferrari,3.0,,1.5,65.0,4,16.25,3.0,4,1,3,0,0.75,5.0,10.0,-5.0,3.6,14.2,8.0,6.5,0.5,0.8,5.0,10.0,
2024,6,Miami Grand Prix,,Miami Grand Prix,hamilton,mercedes,8.0,,4.0,12.0,9,2.4,10.4,5,0,0,0,0.0,9.0,2.0,-4.0,9.3,4.4,6.271929824561403,-7.0,0.5,0.8,6.0,8.0,
2024,6,Miami Grand Prix,,Miami Grand Prix,tsunoda,rb,10.0,,5.0,7.0,11,1.4,13.0,5,0,0,0,0.0,19.0,0.0,0.0,14.3,0.7,13.324561403508772,2.3333333333333335,0.5,0.8,7.0,6.0,
2024,6,Miami Grand Prix,,Miami Grand Prix,russell,mercedes,7.0,,3.5,32.0,7,6.4,8.2,5,0,0,0,0.0,6.0,8.0,-2.0,9.3,4.4,7.587719298245614,-7.0,0.5,0.8,8.0,4.0,
2024,6,Miami Grand Prix,,Miami Grand Prix,alonso,aston_martin,15.0,,7.5,31.0,8,6.2,7.0,5,0,0,0,0.0,7.0,7.0,5.0,9.7,4.0,9.929824561403509,2.5,0.5,0.8,9.0,2.0,
2024,6,Miami Grand Prix,,Miami Grand Prix,ocon,alpine,13.0,,6.5,0.0,16,0.0,14.4,5,0,0,0,0.0,11.0,0.0,0.0,15.2,0.0,11.539823008849558,0.0,0.5,0.8,10.0,1.0,
2024,6,Miami Grand Prix,,Miami Grand Prix,hulkenberg,haas,9.0,,4.5,4.0,13,0.8,11.2,5,0,0,0,0.0,10.0,1.0,1.0,11.9,0.5,12.98611111111111,0.8333333333333333,0.5,0.8,11.0,0.0,
2024,6,Miami Grand Prix,,Miami Grand Prix,gasly,alpine,12.0,,6.0,0.0,19,0.0,16.0,5,0,0,0,0.0,13.0,0.0,0.0,15.2,0.0,12.052631578947368,0.0,0.5,0.8,12.0,0.0,
2024,6,Miami Grand Prix,,Miami Grand Prix,piastri,mclaren,6.0,,3.0,36.0,6,7.2,6.4,5,0,0,0,0.0,8.0,4.0,0.0,5.6,9.1,6.628571428571429,7.0,0.5,0.8,13.0,0.0,
2024,6,Miami Grand Prix,,Miami Grand Prix,zhou,sauber,19.0,,9.5,0.0,17,0.0,15.2,5,0,0,0,0.0,14.0,0.0,0.0,16.0,0.0,14.647058823529411,0.0,0.5,0.8,14.0,0.0,
2024,6,Miami Grand Prix,,Miami Grand Prix,ricciardo,rb,20.0,,10.0,0.0,18,0.0,15.6,5,0,0,0,0.0,18.0,0.0,0.0,14.3,0.7,11.507246376811594,2.3333333333333335,0.5,0.8,15.0,0.0,
2024,6,Miami Grand Prix,,Miami Grand Prix,bottas,sauber,16.0,,8.0,0.0,20,0.0,16.8,5,0,0,0,0.0,20.0,0.0,0.0,16.0,0.0,12.4,0.0,0.5,0.8,16.0,0.0,
2024,6,Miami Grand Prix,,Miami Grand Prix,stroll,aston_martin,11.0,,5.5,9.0,10,1.8,12.4,5,0,0,0,0.0,15.0,0.0,-1.0,9.7,4.0,12.410714285714286,2.5,0.5,0.8,17.0,0.0,
2024,6,Miami Grand Prix,,Miami Grand Prix,albon,williams,14.0,,7.0,0.0,15,0.0,13.8,5,0,0,0,0.0,12.0,0.0,0.0,15.222222222222221,0.0,12.956043956043956,0.0,0.5,0.8,18.0,0.0,
2024,6,Miami Grand Prix,,Miami Grand Prix,kevin_magnussen,haas,18.0,,9.0,1.0,14,0.2,12.6,5,0,0,0,0.0,16.0,0.0,0.0,11.9,0.5,14.363636363636363,0.8333333333333333,0.5,0.8,19.0,0.0,
2024,6,Miami Grand Prix,,Miami Grand Prix,sargeant,williams,17.0,,8.5,0.0,21,0.0,17.0,4,0,0,0,0.0,17.0,0.0,0.0,15.222222222222221,0.0,16.333333333333332,0.0,0.5,0.8,20.0,0.0,
2024,7,Emilia Romagna Grand Prix,,Emilia Romagna Grand Prix,max_verstappen,red_bull,1.0,,0.5,120.0,1,20.0,4.166666666666667,6,4,5,6,0.8333333333333334,2.0,18.0,-8.0,3.5833333333333335,17.583333333333332,3.254385964912281,5.666666666666664,0.5,0.8,1.0,25.0,
2024,7,Emilia Romagna Grand Prix,,Emilia Romagna Grand Prix,norris,mclaren,2.0,,1.0,80.0,4,13.333333333333334,4.166666666666667,6,1,3,0,0.5,1.0,25.0,17.0,5.833333333333333,9.666666666666666,6.385964912280702,2.0,0.5,0.8,2.0,18.0,
2024,7,Emilia Romagna Grand Prix,,Emilia Romagna Grand Prix,leclerc,ferrari,3.0,,1.5,86.0,3,14.333333333333334,3.3333333333333335,6,0,3,0,0.5,3.0,15.0,3.0,3.6666666666666665,13.916666666666666,6.517543859649122,-6.333333333333332,0.5,0.8,3.0,15.0,
2024,7,Emilia Romagna Grand Prix,,Emilia Romagna Grand Prix,piastri,mclaren,5.0,,2.5,36.0,6,6.0,7.5,6,0,0,0,0.0,13.0,0.0,-4.0,5.833333333333333,9.666666666666666,6.628571428571429,2.0,0.5,0.8,4.0,12.0,
2024,7,Emilia Romagna Grand Prix,,Emilia Romagna Grand Prix,sainz,ferrari,4.0,,2.0,75.0,5,15.0,3.4,5,1,3,0,0.6,5.0,10.0,-5.0,3.6666666666666665,13.916666666666666,8.0,-6.333333333333332,0.5,0.8,5.0,10.0,
2024,7,Emilia Romagna Grand Prix,,Emilia Romagna Grand Prix,hamilton,mercedes,8.0,,4.0,20.0,9,3.3333333333333335,9.666666666666666,6,0,0,0,0.0,6.0,8.0,2.0,8.916666666666666,4.666666666666667,6.271929824561403,1.333333333333334,0.5,0.8,6.0,8.0,
2024,7,Emilia Romagna Grand Prix,,Emilia Romagna Grand Prix,russell,mercedes,6.0,,3.0,36.0,7,6.0,8.166666666666666,6,0,0,0,0.0,8.0,4.0,-6.0,8.916666666666666,4.666666666666667,7.587719298245614,1.333333333333334,0.5,0.8,7.0,7.0,
2024,7,Emilia Romagna Grand Prix,,Emilia Romagna Grand Prix,perez,red_bull,11.0,,5.5,91.0,2,15.166666666666666,3.0,6,0,4,0,0.6666666666666666,4.0,12.0,-6.0,3.5833333333333335,17.583333333333332,7.166666666666667,5.666666666666664,0.5,0.8,8.0,4.0,
2024,7,Emilia Romagna Grand Prix,,Emilia Romagna Grand Prix,stroll,aston_martin,13.0,,6.5,9.0,11,1.5,13.166666666666666,6,0,0,0,0.0,17.0,0.0,-1.0,10.25,3.5,12.410714285714286,-2.666666666666667,0.5,0.8,9.0,2.0,
2024,7,Emilia Romagna Grand Prix,,Emilia Romagna Grand Prix,tsunoda,rb,7.0,,3.5,13.0,10,2.1666666666666665,12.0,6,0,0,0,0.0,7.0,6.0,6.0,13.75,1.0833333333333333,13.324561403508772,0.3333333333333335,0.5,0.8,10.0,1.0,
2024,7,Emilia Romagna Grand Prix,,Emilia Romagna Grand Prix,hulkenberg,haas,10.0,,5.0,4.0,13,0.6666666666666666,11.166666666666666,6,0,0,0,0.0,11.0,0.0,0.0,12.416666666666666,0.4166666666666667,12.98611111111111,-1.0,0.5,0.8,11.0,0.0,
2024,7,Emilia Romagna Grand Prix,,Emilia Romagna Grand Prix,kevin_magnussen,haas,18.0,,9.0,1.0,14,0.16666666666666666,13.666666666666666,6,0,0,0,0.0,19.0,0.0,0.0,12.416666666666666,0.4166666666666667,14.363636363636363,-1.0,0.5,0.8,12.0,0.0,
2024,7,Emilia Romagna Grand Prix,,Emilia Romagna Grand Prix,ricciardo,rb,9.0,,4.5,0.0,19,0.0,15.5,6,0,0,0,0.0,15.0,0.0,0.0,13.75,1.0833333333333333,11.507246376811594,0.3333333333333335,0.5,0.8,13.0,0.0,
2024,7,Emilia Romagna Grand Prix,,Emilia Romagna Grand Prix,ocon,alpine,12.0,,6.0,1.0,15,0.16666666666666666,13.666666666666666,6,0,0,0,0.0,10.0,1.0,1.0,14.5,0.08333333333333333,11.539823008849558,0.3333333333333333,0.5,0.8,14.0,0.0,
2024,7,Emilia Romagna Grand Prix,,Emilia Romagna Grand Prix,zhou,sauber,17.0,,8.5,0.0,17,0.0,15.0,6,0,0,0,0.0,14.0,0.0,0.0,15.833333333333334,0.0,14.647058823529411,0.0,0.5,0.8,15.0,0.0,
2024,7,Emilia Romagna Grand Prix,,Emilia Romagna Grand Prix,gasly,alpine,15.0,,7.5,0.0,18,0.0,15.333333333333334,6,0,0,0,0.0,12.0,0.0,0.0,14.5,0.08333333333333333,12.052631578947368,0.3333333333333333,0.5,0.8,16.0,0.0,
2024,7,Emilia Romagna Grand Prix,,Emilia Romagna Grand Prix,sargeant,williams,19.0,,9.5,0.0,21,0.0,17.6,5,0,0,0,0.0,20.0,0.0,0.0,15.909090909090908,0.0,16.333333333333332,0.0,0.5,0.8,17.0,0.0,
2024,7,Emilia Romagna Grand Prix,,Emilia Romagna Grand Prix,bottas,sauber,16.0,,8.0,0.0,20,0.0,16.666666666666668,6,0,0,0,0.0,16.0,0.0,0.0,15.833333333333334,0.0,12.4,0.0,0.5,0.8,18.0,0.0,
2024,7,Emilia Romagna Grand Prix,,Emilia Romagna Grand Prix,alonso,aston_martin,20.0,,10.0,33.0,8,5.5,7.333333333333333,6,0,0,0,0.0,9.0,2.0,0.0,10.25,3.5,9.929824561403509,-2.666666666666667,0.5,0.8,19.0,0.0,
2024,7,Emilia Romagna Grand Prix,,Emilia Romagna Grand Prix,albon,williams,14.0,,7.0,0.0,16,0.0,14.5,6,0,0,0,0.0,18.0,0.0,0.0,15.909090909090908,0.0,12.956043956043956,0.0,0.5,0.8,20.0,0.0,
2024,8,Monaco Grand Prix,,Monaco Grand Prix,leclerc,ferrari,1.0,,0.8,101.0,2,14.428571428571429,3.2857142857142856,7,0,4,0,0.5714285714285714,3.0,15.0,3.0,3.7142857142857144,13.714285714285714,6.517543859649122,-7.0,0.2,0.8,1.0,25.0,
2024,8,Monaco Grand Prix,,Monaco Grand Prix,piastri,mclaren,2.0,,1.6,48.0,6,6.857142857142857,7.0,7,0,0,0,0.0,4.0,12.0,8.0,5.428571428571429,10.428571428571429,6.628571428571429,6.666666666666668,0.2,0.8,2.0,18.0,
2024,8,Monaco Grand Prix,,Monaco Grand Prix,sainz,ferrari,3.0,,2.4000000000000004,85.0,5,14.166666666666666,3.6666666666666665,6,1,3,0,0.5,5.0,10.0,-5.0,3.7142857142857144,13.714285714285714,8.0,-7.0,0.2,0.8,3.0,15.0,
2024,8,Monaco Grand Prix,,Monaco Grand Prix,norris,mclaren,4.0,,3.2,98.0,3,14.0,3.857142857142857,7,1,4,0,0.5714285714285714,2.0,18.0,10.0,5.428571428571429,10.428571428571429,6.385964912280702,6.666666666666668,0.2,0.8,4.0,12.0,
2024,8,Monaco Grand Prix,,Monaco Grand Prix,russell,mercedes,5.0,,4.0,43.0,7,6.142857142857143,8.0,7,0,0,0,0.0,7.0,7.0,-3.0,8.571428571428571,5.071428571428571,7.587719298245614,6.333333333333334,0.2,0.8,5.0,10.0,
2024,8,Monaco Grand Prix,,Monaco Grand Prix,max_verstappen,red_bull,6.0,,4.800000000000001,145.0,1,20.714285714285715,3.7142857142857144,7,5,6,7,0.8571428571428571,1.0,25.0,-1.0,3.7142857142857144,17.142857142857142,3.254385964912281,0.6666666666666643,0.2,0.8,6.0,8.0,
2024,8,Monaco Grand Prix,,Monaco Grand Prix,hamilton,mercedes,7.0,,5.6000000000000005,28.0,9,4.0,9.142857142857142,7,0,0,0,0.0,6.0,8.0,2.0,8.571428571428571,5.071428571428571,6.271929824561403,6.333333333333334,0.2,0.8,7.0,7.0,
2024,8,Monaco Grand Prix,,Monaco Grand Prix,tsunoda,rb,8.0,,6.4,14.0,10,2.0,11.714285714285714,7,0,0,0,0.0,10.0,1.0,1.0,13.428571428571429,1.0,13.324561403508772,0.0,0.2,0.8,8.0,4.0,
2024,8,Monaco Grand Prix,,Monaco Grand Prix,albon,williams,9.0,,7.2,0.0,18,0.0,15.285714285714286,7,0,0,0,0.0,20.0,0.0,0.0,16.307692307692307,0.0,12.956043956043956,0.0,0.2,0.8,9.0,2.0,
2024,8,Monaco Grand Prix,,Monaco Grand Prix,gasly,alpine,10.0,,8.0,0.0,19,0.0,15.428571428571429,7,0,0,0,0.0,16.0,0.0,0.0,14.571428571428571,0.07142857142857142,12.052631578947368,0.3333333333333333,0.2,0.8,10.0,1.0,
2024,8,Monaco Grand Prix,,Monaco Grand Prix,alonso,aston_martin,14.0,,11.200000000000001,33.0,8,4.714285714285714,9.0,7,0,0,0,0.0,19.0,0.0,-2.0,10.785714285714286,3.142857142857143,9.929824561403509,-6.333333333333334,0.2,0.8,11.0,0.0,
2024,8,Monaco Grand Prix,,Monaco Grand Prix,ricciardo,rb,12.0,,9.600000000000001,0.0,17,0.0,15.142857142857142,7,0,0,0,0.0,13.0,0.0,0.0,13.428571428571429,1.0,11.507246376811594,0.0,0.2,0.8,12.0,0.0,
2024,8,Monaco Grand Prix,,Monaco Grand Prix,bottas,sauber,17.0,,13.600000000000001,0.0,20,0.0,16.857142857142858,7,0,0,0,0.0,18.0,0.0,0.0,15.928571428571429,0.0,12.4,0.0,0.2,0.8,13.0,0.0,
2024,8,Monaco Grand Prix,,Monaco Grand Prix,stroll,aston_martin,13.0,,10.4,11.0,11,1.5714285714285714,12.571428571428571,7,0,0,0,0.0,9.0,2.0,1.0,10.785714285714286,3.142857142857143,12.410714285714286,-6.333333333333334,0.2,0.8,14.0,0.0,
2024,8,Monaco Grand Prix,,Monaco Grand Prix,sargeant,williams,15.0,,12.0,0.0,21,0.0,17.5,6,0,0,0,0.0,17.0,0.0,0.0,16.307692307692307,0.0,16.333333333333332,0.0,0.2,0.8,15.0,0.0,
2024,8,Monaco Grand Prix,,Monaco Grand Prix,zhou,sauber,18.0,,14.4,0.0,16,0.0,15.0,7,0,0,0,0.0,15.0,0.0,0.0,15.928571428571429,0.0,14.647058823529411,0.0,0.2,0.8,16.0,0.0,
2024,8,Monaco Grand Prix,,Monaco Grand Prix,ocon,alpine,11.0,,8.8,1.0,15,0.14285714285714285,13.714285714285714,7,0,0,0,0.0,14.0,0.0,0.0,14.571428571428571,0.07142857142857142,11.539823008849558,0.3333333333333333,0.2,0.8,17.0,0.0,
2024,8,Monaco Grand Prix,,Monaco Grand Prix,perez,red_bull,16.0,,12.8,95.0,4,13.571428571428571,3.7142857142857144,7,0,4,0,0.5714285714285714,8.0,4.0,-14.0,3.7142857142857144,17.142857142857142,7.166666666666667,0.6666666666666643,0.2,0.8,18.0,0.0,
2024,8,Monaco Grand Prix,,Monaco Grand Prix,hulkenberg,haas,19.0,,15.200000000000001,4.0,13,0.5714285714285714,11.142857142857142,7,0,0,0,0.0,11.0,0.0,0.0,12.285714285714286,0.35714285714285715,12.98611111111111,-1.0,0.2,0.8,19.0,0.0,
2024,8,Monaco Grand Prix,,Monaco Grand Prix,kevin_magnussen,haas,20.0,,16.0,1.0,14,0.14285714285714285,13.428571428571429,7,0,0,0,0.0,12.0,0.0,0.0,12.285714285714286,0.35714285714285715,14.363636363636363,-1.0,0.2,0.8,20.0,0.0,
2024,9,Canadian Grand Prix,,Canadian Grand Prix,max_verstappen,red_bull,2.0,,0.6000000000000001,153.0,1,19.125,4.0,8,5,6,7,0.75,6.0,8.0,-18.0,4.75,15.5,3.254385964912281,-9.0,0.7,0.8,1.0,25.0,
2024,9,Canadian Grand Prix,,Canadian Grand Prix,norris,mclaren,3.0,,0.9000000000000001,110.0,3,13.75,3.875,8,1,4,0,0.5,4.0,12.0,4.0,5.125,11.0,6.385964912280702,7.333333333333332,0.7,0.8,2.0,18.0,
2024,9,Canadian Grand Prix,,Canadian Grand Prix,russell,mercedes,1.0,,0.30000000000000004,53.0,7,6.625,7.625,8,0,0,0,0.0,5.0,10.0,0.0,8.25,5.5,7.587719298245614,8.666666666666666,0.7,0.8,3.0,15.0,
2024,9,Canadian Grand Prix,,Canadian Grand Prix,hamilton,mercedes,7.0,,2.1000000000000005,35.0,8,4.375,8.875,8,0,0,0,0.0,7.0,7.0,1.0,8.25,5.5,6.271929824561403,8.666666666666666,0.7,0.8,4.0,13.0,
2024,9,Canadian Grand Prix,,Canadian Grand Prix,piastri,mclaren,4.0,,1.2000000000000002,66.0,6,8.25,6.375,8,0,1,0,0.125,2.0,18.0,14.0,5.125,11.0,6.628571428571429,7.333333333333332,0.7,0.8,5.0,10.0,
2024,9,Canadian Grand Prix,,Canadian Grand Prix,alonso,aston_martin,6.0,,1.8000000000000003,33.0,9,4.125,9.25,8,0,0,0,0.0,11.0,0.0,-2.0,11.0,2.75,9.929824561403509,-7.666666666666667,0.7,0.8,6.0,8.0,
2024,9,Canadian Grand Prix,,Canadian Grand Prix,stroll,aston_martin,9.0,,2.7,11.0,11,1.375,12.75,8,0,0,0,0.0,14.0,0.0,-1.0,11.0,2.75,12.410714285714286,-7.666666666666667,0.7,0.8,7.0,6.0,
2024,9,Canadian Grand Prix,,Canadian Grand Prix,ricciardo,rb,5.0,,1.5000000000000002,0.0,18,0.0,14.75,8,0,0,0,0.0,12.0,0.0,0.0,13.0,1.125,11.507246376811594,1.333333333333333,0.7,0.8,8.0,4.0,
2024,9,Canadian Grand Prix,,Canadian Grand Prix,gasly,alpine,15.0,,4.500000000000001,1.0,17,0.125,14.75,8,0,0,0,0.0,10.0,1.0,1.0,14.4375,0.125,12.052631578947368,0.6666666666666666,0.7,0.8,9.0,2.0,
2024,9,Canadian Grand Prix,,Canadian Grand Prix,ocon,alpine,18.0,,5.4,1.0,15,0.125,14.125,8,0,0,0,0.0,17.0,0.0,0.0,14.4375,0.125,11.539823008849558,0.6666666666666666,0.7,0.8,10.0,1.0,
2024,9,Canadian Grand Prix,,Canadian Grand Prix,hulkenberg,haas,17.0,,5.1000000000000005,4.0,13,0.5,12.125,8,0,0,0,0.0,19.0,0.0,0.0,13.1875,0.3125,12.98611111111111,-1.3333333333333333,0.7,0.8,11.0,0.0,
2024,9,Canadian Grand Prix,,Canadian Grand Prix,kevin_magnussen,haas,14.0,,4.200000000000001,1.0,16,0.125,14.25,8,0,0,0,0.0,20.0,0.0,0.0,13.1875,0.3125,14.363636363636363,-1.3333333333333333,0.7,0.8,12.0,0.0,
2024,9,Canadian Grand Prix,,Canadian Grand Prix,bottas,sauber,19.0,,5.700000000000001,0.0,20,0.0,16.375,8,0,0,0,0.0,13.0,0.0,0.0,15.75,0.0,12.4,0.0,0.7,0.8,13.0,0.0,
2024,9,Canadian Grand Prix,,Canadian Grand Prix,tsunoda,rb,8.0,,2.4000000000000004,18.0,10,2.25,11.25,8,0,0,0,0.0,8.0,4.0,4.0,13.0,1.125,13.324561403508772,1.333333333333333,0.7,0.8,14.0,0.0,
2024,9,Canadian Grand Prix,,Canadian Grand Prix,zhou,sauber,20.0,,6.000000000000001,0.0,19,0.0,15.125,8,0,0,0,0.0,16.0,0.0,0.0,15.75,0.0,14.647058823529411,0.0,0.7,0.8,15.0,0.0,
2024,9,Canadian Grand Prix,,Canadian Grand Prix,sainz,ferrari,12.0,,3.6000000000000005,100.0,4,14.285714285714286,3.5714285714285716,7,1,4,0,0.5714285714285714,3.0,15.0,0.0,3.5,14.5,8.0,-1.0,0.7,0.8,16.0,0.0,
2024,9,Canadian Grand Prix,,Canadian Grand Prix,albon,williams,10.0,,3.0000000000000004,2.0,14,0.25,14.5,8,0,0,0,0.0,9.0,2.0,2.0,15.733333333333333,0.13333333333333333,12.956043956043956,0.6666666666666666,0.7,0.8,17.0,0.0,
2024,9,Canadian Grand Prix,,Canadian Grand Prix,perez,red_bull,16.0,,4.800000000000001,95.0,5,11.875,5.5,8,0,4,0,0.5,18.0,0.0,-18.0,4.75,15.5,7.166666666666667,-9.0,0.7,0.8,18.0,0.0,
2024,9,Canadian Grand Prix,,Canadian Grand Prix,leclerc,ferrari,11.0,,3.3000000000000007,126.0,2,15.75,3.0,8,1,5,1,0.625,1.0,25.0,13.0,3.5,14.5,6.517543859649122,-1.0,0.7,0.8,19.0,0.0,
2024,9,Canadian Grand Prix,,Canadian Grand Prix,sargeant,williams,13.0,,3.9000000000000004,0.0,21,0.0,17.142857142857142,7,0,0,0,0.0,15.0,0.0,0.0,15.733333333333333,0.13333333333333333,16.333333333333332,0.6666666666666666,0.7,0.8,20.0,0.0,
2024,10,Spanish Grand Prix,,Spanish Grand Prix,max_verstappen,red_bull,2.0,,1.2,178.0,1,19.77777777777778,3.6666666666666665,9,6,7,7,0.7777777777777778,1.0,25.0,-1.0,5.277777777777778,15.166666666666666,3.254385964912281,-17.333333333333332,0.4,0.8,1.0,25.0,
2024,10,Spanish Grand Prix,,Spanish Grand Prix,norris,mclaren,1.0,,0.6,128.0,2,14.222222222222221,3.6666666666666665,9,1,5,0,0.5555555555555556,2.0,18.0,10.0,4.944444444444445,11.333333333333334,6.385964912280702,9.0,0.4,0.8,2.0,19.0,
2024,10,Spanish Grand Prix,,Spanish Grand Prix,hamilton,mercedes,3.0,,1.7999999999999998,48.0,8,5.333333333333333,8.333333333333334,9,0,0,0,0.0,4.0,13.0,7.0,7.722222222222222,6.444444444444445,6.271929824561403,10.0,0.4,0.8,3.0,15.0,
2024,10,Spanish Grand Prix,,Spanish Grand Prix,russell,mercedes,4.0,,2.4,68.0,7,7.555555555555555,7.111111111111111,9,0,1,1,0.1111111111111111,3.0,15.0,5.0,7.722222222222222,6.444444444444445,7.587719298245614,10.0,0.4,0.8,4.0,12.0,
2024,10,Spanish Grand Prix,,Spanish Grand Prix,leclerc,ferrari,5.0,,3.0,126.0,3,14.0,4.777777777777778,9,1,5,1,0.5555555555555556,19.0,0.0,-12.0,5.055555555555555,12.88888888888889,6.517543859649122,-3.0,0.4,0.8,5.0,10.0,
2024,10,Spanish Grand Prix,,Spanish Grand Prix,sainz,ferrari,6.0,,3.5999999999999996,100.0,4,12.5,5.125,8,1,4,0,0.5,16.0,0.0,-15.0,5.055555555555555,12.88888888888889,8.0,-3.0,0.4,0.8,6.0,8.0,
2024,10,Spanish Grand Prix,,Spanish Grand Prix,piastri,mclaren,9.0,,5.3999999999999995,76.0,6,8.444444444444445,6.222222222222222,9,0,1,0,0.1111111111111111,5.0,10.0,6.0,4.944444444444445,11.333333333333334,6.628571428571429,9.0,0.4,0.8,7.0,6.0,
2024,10,Spanish Grand Prix,,Spanish Grand Prix,perez,red_bull,11.0,,6.6,95.0,5,10.555555555555555,6.888888888888889,9,0,4,0,0.4444444444444444,18.0,0.0,-18.0,5.277777777777778,15.166666666666666,7.166666666666667,-17.333333333333332,0.4,0.8,8.0,4.0,
2024,10,Spanish Grand Prix,,Spanish Grand Prix,gasly,alpine,7.0,,4.2,3.0,15,0.3333333333333333,14.11111111111111,9,0,0,0,0.0,9.0,2.0,2.0,13.88888888888889,0.2777777777777778,12.052631578947368,1.0,0.4,0.8,9.0,2.0,
2024,10,Spanish Grand Prix,,Spanish Grand Prix,ocon,alpine,8.0,,4.8,2.0,16,0.2222222222222222,13.666666666666666,9,0,0,0,0.0,10.0,1.0,1.0,13.88888888888889,0.2777777777777778,11.539823008849558,1.0,0.4,0.8,10.0,1.0,
2024,10,Spanish Grand Prix,,Spanish Grand Prix,hulkenberg,haas,13.0,,7.8,4.0,13,0.4444444444444444,12.0,9,0,0,0,0.0,11.0,0.0,0.0,13.0,0.2777777777777778,12.98611111111111,-0.3333333333333333,0.4,0.8,11.0,0.0,
2024,10,Spanish Grand Prix,,Spanish Grand Prix,alonso,aston_martin,10.0,,6.0,41.0,9,4.555555555555555,8.88888888888889,9,0,0,0,0.0,6.0,8.0,6.0,10.5,3.2222222222222223,9.929824561403509,-0.3333333333333339,0.4,0.8,12.0,0.0,
2024,10,Spanish Grand Prix,,Spanish Grand Prix,zhou,sauber,15.0,,9.0,0.0,19,0.0,15.11111111111111,9,0,0,0,0.0,15.0,0.0,0.0,15.555555555555555,0.0,14.647058823529411,0.0,0.4,0.8,13.0,0.0,
2024,10,Spanish Grand Prix,,Spanish Grand Prix,stroll,aston_martin,14.0,,8.4,17.0,11,1.8888888888888888,12.11111111111111,9,0,0,0,0.0,7.0,6.0,5.0,10.5,3.2222222222222223,12.410714285714286,-0.3333333333333339,0.4,0.8,14.0,0.0,
2024,10,Spanish Grand Prix,,Spanish Grand Prix,ricciardo,rb,18.0,,10.799999999999999,4.0,14,0.4444444444444444,14.0,9,0,0,0,0.0,8.0,4.0,4.0,12.777777777777779,1.2222222222222223,11.507246376811594,0.6666666666666665,0.4,0.8,15.0,0.0,
2024,10,Spanish Grand Prix,,Spanish Grand Prix,bottas,sauber,12.0,,7.199999999999999,0.0,20,0.0,16.0,9,0,0,0,0.0,13.0,0.0,0.0,15.555555555555555,0.0,12.4,0.0,0.4,0.8,16.0,0.0,
2024,10,Spanish Grand Prix,,Spanish Grand Prix,kevin_magnussen,haas,16.0,,9.6,1.0,18,0.1111111111111111,14.0,9,0,0,0,0.0,12.0,0.0,0.0,13.0,0.2777777777777778,14.363636363636363,-0.3333333333333333,0.4,0.8,17.0,0.0,
2024,10,Spanish Grand Prix,,Spanish Grand Prix,albon,williams,20.0,,12.0,2.0,17,0.2222222222222222,14.777777777777779,9,0,0,0,0.0,17.0,0.0,0.0,16.058823529411764,0.11764705882352941,12.956043956043956,0.6666666666666666,0.4,0.8,18.0,0.0,
2024,10,Spanish Grand Prix,,Spanish Grand Prix,tsunoda,rb,17.0,,10.2,18.0,10,2.0,11.555555555555555,9,0,0,0,0.0,14.0,0.0,0.0,12.777777777777779,1.2222222222222223,13.324561403508772,0.6666666666666665,0.4,0.8,19.0,0.0,
2024,10,Spanish Grand Prix,,Spanish Grand Prix,sargeant,williams,19.0,,11.4,0.0,21,0.0,17.5,8,0,0,0,0.0,20.0,0.0,0.0,16.058823529411764,0.11764705882352941,16.333333333333332,0.6666666666666666,0.4,0.8,20.0,0.0,
2024,11,Austrian Grand Prix,,Austrian Grand Prix,russell,mercedes,3.0,,1.2000000000000002,80.0,7,8.0,6.8,10,0,1,1,0.1,4.0,12.0,2.0,7.3,7.15,7.587719298245614,11.666666666666666,0.6,0.8,1.0,25.0,
2024,11,Austrian Grand Prix,,Austrian Grand Prix,piastri,mclaren,7.0,,2.8000000000000003,82.0,6,8.2,6.3,10,0,1,0,0.1,7.0,6.0,2.0,4.9,11.45,6.628571428571429,2.0,0.6,0.8,2.0,18.0,
2024,11,Austrian Grand Prix,,Austrian Grand Prix,sainz,ferrari,4.0,,1.6,108.0,4,12.0,5.222222222222222,9,1,4,0,0.4444444444444444,6.0,8.0,-7.0,5.1,12.5,8.0,-4.666666666666668,0.6,0.8,3.0,15.0,
2024,11,Austrian Grand Prix,,Austrian Grand Prix,hamilton,mercedes,5.0,,2.0,63.0,8,6.3,7.8,10,0,1,0,0.1,3.0,15.0,9.0,7.3,7.15,6.271929824561403,11.666666666666666,0.6,0.8,4.0,12.0,
2024,11,Austrian Grand Prix,,Austrian Grand Prix,max_verstappen,red_bull,1.0,,0.4,203.0,1,20.3,3.4,10,7,8,7,0.8,1.0,25.0,-1.0,5.2,15.1,3.254385964912281,-12.333333333333332,0.6,0.8,5.0,10.0,
2024,11,Austrian Grand Prix,,Austrian Grand Prix,hulkenberg,haas,9.0,,3.6,4.0,14,0.4,11.9,10,0,0,0,0.0,11.0,0.0,0.0,13.1,0.25,12.98611111111111,-0.3333333333333333,0.6,0.8,6.0,8.0,
2024,11,Austrian Grand Prix,,Austrian Grand Prix,perez,red_bull,8.0,,3.2,99.0,5,9.9,7.0,10,0,4,0,0.4,8.0,4.0,-14.0,5.2,15.1,7.166666666666667,-12.333333333333332,0.6,0.8,7.0,6.0,
2024,11,Austrian Grand Prix,,Austrian Grand Prix,kevin_magnussen,haas,12.0,,4.800000000000001,1.0,18,0.1,14.3,10,0,0,0,0.0,17.0,0.0,0.0,13.1,0.25,14.363636363636363,-0.3333333333333333,0.6,0.8,8.0,4.0,
2024,11,Austrian Grand Prix,,Austrian Grand Prix,ricciardo,rb,11.0,,4.4,4.0,15,0.4,14.1,10,0,0,0,0.0,15.0,0.0,0.0,13.2,1.1,11.507246376811594,0.33333333333333304,0.6,0.8,9.0,2.0,
2024,11,Austrian Grand Prix,,Austrian Grand Prix,gasly,alpine,13.0,,5.2,5.0,13,0.5,13.6,10,0,0,0,0.0,9.0,2.0,2.0,13.45,0.4,12.052631578947368,2.0,0.6,0.8,10.0,1.0,
2024,11,Austrian Grand Prix,,Austrian Grand Prix,leclerc,ferrari,6.0,,2.4000000000000004,136.0,3,13.6,4.8,10,1,5,1,0.5,5.0,10.0,-2.0,5.1,12.5,6.517543859649122,-4.666666666666668,0.6,0.8,11.0,0.0,
2024,11,Austrian Grand Prix,,Austrian Grand Prix,ocon,alpine,10.0,,4.0,3.0,16,0.3,13.3,10,0,0,0,0.0,10.0,1.0,1.0,13.45,0.4,11.539823008849558,2.0,0.6,0.8,12.0,0.0,
2024,11,Austrian Grand Prix,,Austrian Grand Prix,stroll,aston_martin,17.0,,6.800000000000001,17.0,11,1.7,12.3,10,0,0,0,0.0,14.0,0.0,-1.0,10.75,2.9,12.410714285714286,1.0000000000000004,0.6,0.8,13.0,0.0,
2024,11,Austrian Grand Prix,,Austrian Grand Prix,tsunoda,rb,14.0,,5.6000000000000005,18.0,10,1.8,12.3,10,0,0,0,0.0,19.0,0.0,0.0,13.2,1.1,13.324561403508772,0.33333333333333304,0.6,0.8,14.0,0.0,
2024,11,Austrian Grand Prix,,Austrian Grand Prix,albon,williams,16.0,,6.4,2.0,17,0.2,15.1,10,0,0,0,0.0,18.0,0.0,0.0,16.36842105263158,0.10526315789473684,12.956043956043956,0.6666666666666666,0.6,0.8,15.0,0.0,
2024,11,Austrian Grand Prix,,Austrian Grand Prix,bottas,sauber,18.0,,7.2,0.0,20,0.0,16.0,10,0,0,0,0.0,16.0,0.0,0.0,15.45,0.0,12.4,0.0,0.6,0.8,16.0,0.0,
2024,11,Austrian Grand Prix,,Austrian Grand Prix,zhou,sauber,20.0,,8.0,0.0,19,0.0,14.9,10,0,0,0,0.0,13.0,0.0,0.0,15.45,0.0,14.647058823529411,0.0,0.6,0.8,17.0,0.0,
2024,11,Austrian Grand Prix,,Austrian Grand Prix,alonso,aston_martin,15.0,,6.0,41.0,9,4.1,9.2,10,0,0,0,0.0,12.0,0.0,-2.0,10.75,2.9,9.929824561403509,1.0000000000000004,0.6,0.8,18.0,0.0,
2024,11,Austrian Grand Prix,,Austrian Grand Prix,sargeant,williams,19.0,,7.6000000000000005,0.0,21,0.0,17.77777777777778,9,0,0,0,0.0,20.0,0.0,0.0,16.36842105263158,0.10526315789473684,16.333333333333332,0.6666666666666666,0.6,0.8,19.0,0.0,
2024,11,Austrian Grand Prix,,Austrian Grand Prix,norris,mclaren,2.0,,0.8,147.0,2,14.7,3.5,10,1,6,1,0.6,2.0,19.0,11.0,4.9,11.45,6.385964912280702,2.0,0.6,0.8,20.0,0.0,
2024,12,British Grand Prix,,British Grand Prix,hamilton,mercedes,2.0,,0.6000000000000001,75.0,8,6.818181818181818,7.454545454545454,11,0,1,0,0.09090909090909091,4.0,12.0,6.0,6.863636363636363,8.181818181818182,6.271929824561403,16.0,0.7,0.8,1.0,25.0,
2024,12,British Grand Prix,,British Grand Prix,max_verstappen,red_bull,4.0,,1.2000000000000002,213.0,1,19.363636363636363,3.5454545454545454,11,7,8,8,0.7272727272727273,5.0,10.0,-16.0,5.2727272727272725,14.454545454545455,3.254385964912281,1.0,0.7,0.8,2.0,18.0,
2024,12,British Grand Prix,,British Grand Prix,norris,mclaren,3.0,,0.9000000000000001,147.0,2,13.363636363636363,5.0,11,1,6,1,0.5454545454545454,20.0,0.0,-8.0,5.454545454545454,11.227272727272727,6.385964912280702,-4.666666666666664,0.7,0.8,3.0,15.0,
2024,12,British Grand Prix,,British Grand Prix,piastri,mclaren,5.0,,1.5000000000000002,100.0,7,9.090909090909092,5.909090909090909,11,0,2,0,0.18181818181818182,2.0,18.0,14.0,5.454545454545454,11.227272727272727,6.628571428571429,-4.666666666666664,0.7,0.8,4.0,12.0,
2024,12,British Grand Prix,,British Grand Prix,sainz,ferrari,7.0,,2.1000000000000005,123.0,4,12.3,5.0,10,1,5,0,0.5,3.0,15.0,0.0,5.2727272727272725,12.045454545454545,8.0,-19.0,0.7,0.8,5.0,11.0,
2024,12,British Grand Prix,,British Grand Prix,hulkenberg,haas,6.0,,1.8000000000000003,12.0,12,1.0909090909090908,11.363636363636363,11,0,0,0,0.0,6.0,8.0,8.0,12.545454545454545,0.7727272727272727,12.98611111111111,4.0,0.7,0.8,6.0,8.0,
2024,12,British Grand Prix,,British Grand Prix,stroll,aston_martin,8.0,,2.4000000000000004,17.0,11,1.5454545454545454,12.363636363636363,11,0,0,0,0.0,13.0,0.0,-1.0,11.181818181818182,2.6363636363636362,12.410714285714286,3.333333333333334,0.7,0.8,7.0,6.0,
2024,12,British Grand Prix,,British Grand Prix,alonso,aston_martin,10.0,,3.0000000000000004,41.0,9,3.727272727272727,10.0,11,0,0,0,0.0,18.0,0.0,-2.0,11.181818181818182,2.6363636363636362,9.929824561403509,3.333333333333334,0.7,0.8,8.0,4.0,
2024,12,British Grand Prix,,British Grand Prix,albon,williams,9.0,,2.7,2.0,18,0.18181818181818182,15.090909090909092,11,0,0,0,0.0,15.0,0.0,0.0,16.428571428571427,0.09523809523809523,12.956043956043956,-0.6666666666666666,0.7,0.8,9.0,2.0,
2024,12,British Grand Prix,,British Grand Prix,tsunoda,rb,13.0,,3.9000000000000004,18.0,10,1.6363636363636365,12.454545454545455,11,0,0,0,0.0,14.0,0.0,0.0,13.045454545454545,1.0909090909090908,13.324561403508772,-1.6666666666666665,0.7,0.8,10.0,1.0,
2024,12,British Grand Prix,,British Grand Prix,sargeant,williams,12.0,,3.6000000000000005,0.0,21,0.0,17.9,10,0,0,0,0.0,19.0,0.0,0.0,16.428571428571427,0.09523809523809523,16.333333333333332,-0.6666666666666666,0.7,0.8,11.0,0.0,
2024,12,British Grand Prix,,British Grand Prix,kevin_magnussen,haas,17.0,,5.1000000000000005,5.0,16,0.45454545454545453,13.727272727272727,11,0,0,0,0.0,8.0,4.0,4.0,12.545454545454545,0.7727272727272727,14.363636363636363,4.0,0.7,0.8,12.0,0.0,
2024,12,British Grand Prix,,British Grand Prix,ricciardo,rb,15.0,,4.500000000000001,6.0,15,0.5454545454545454,13.636363636363637,11,0,0,0,0.0,9.0,2.0,2.0,13.045454545454545,1.0909090909090908,11.507246376811594,-1.6666666666666665,0.7,0.8,13.0,0.0,
2024,12,British Grand Prix,,British Grand Prix,leclerc,ferrari,11.0,,3.3000000000000007,136.0,3,12.363636363636363,5.363636363636363,11,1,5,1,0.45454545454545453,11.0,0.0,-12.0,5.2727272727272725,12.045454545454545,6.517543859649122,-19.0,0.7,0.8,14.0,0.0,
2024,12,British Grand Prix,,British Grand Prix,bottas,sauber,16.0,,4.800000000000001,0.0,20,0.0,16.0,11,0,0,0,0.0,16.0,0.0,0.0,15.545454545454545,0.0,12.4,0.0,0.7,0.8,15.0,0.0,
2024,12,British Grand Prix,,British Grand Prix,ocon,alpine,18.0,,5.4,3.0,17,0.2727272727272727,13.181818181818182,11,0,0,0,0.0,12.0,0.0,0.0,13.227272727272727,0.4090909090909091,11.539823008849558,1.666666666666667,0.7,0.8,16.0,0.0,
2024,12,British Grand Prix,,British Grand Prix,perez,red_bull,20.0,,6.000000000000001,105.0,6,9.545454545454545,7.0,11,0,4,0,0.36363636363636365,7.0,6.0,-12.0,5.2727272727272725,14.454545454545455,7.166666666666667,1.0,0.7,0.8,17.0,0.0,
2024,12,British Grand Prix,,British Grand Prix,zhou,sauber,14.0,,4.200000000000001,0.0,19,0.0,15.090909090909092,11,0,0,0,0.0,17.0,0.0,0.0,15.545454545454545,0.0,14.647058823529411,0.0,0.7,0.8,18.0,0.0,
2024,12,British Grand Prix,,British Grand Prix,russell,mercedes,1.0,,0.30000000000000004,105.0,5,9.545454545454545,6.2727272727272725,11,1,2,1,0.18181818181818182,1.0,25.0,15.0,6.863636363636363,8.181818181818182,7.587719298245614,16.0,0.7,0.8,19.0,0.0,
2024,12,British Grand Prix,,British Grand Prix,gasly,alpine,19.0,,5.700000000000001,6.0,14,0.5454545454545454,13.272727272727273,11,0,0,0,0.0,10.0,1.0,1.0,13.227272727272727,0.4090909090909091,12.052631578947368,1.666666666666667,0.7,0.8,20.0,0.0,
2024,13,Hungarian Grand Prix,,Hungarian Grand Prix,piastri,mclaren,2.0,,1.4,112.0,5,9.333333333333334,5.75,12,0,2,0,0.16666666666666666,4.0,12.0,8.0,5.291666666666667,11.416666666666666,6.628571428571429,-6.0,0.3,0.8,1.0,25.0,
2024,13,Hungarian Grand Prix,,Hungarian Grand Prix,norris,mclaren,1.0,,0.7,162.0,2,13.5,4.833333333333333,12,1,7,1,0.5833333333333334,3.0,15.0,7.0,5.291666666666667,11.416666666666666,6.385964912280702,-6.0,0.3,0.8,2.0,18.0,
2024,13,Hungarian Grand Prix,,Hungarian Grand Prix,hamilton,mercedes,5.0,,3.5,100.0,8,8.333333333333334,6.916666666666667,12,1,2,0,0.16666666666666666,1.0,25.0,19.0,7.125,8.541666666666666,6.271929824561403,9.666666666666668,0.3,0.8,3.0,15.0,
2024,13,Hungarian Grand Prix,,Hungarian Grand Prix,leclerc,ferrari,6.0,,4.199999999999999,136.0,3,11.333333333333334,6.083333333333333,12,1,5,1,0.4166666666666667,14.0,0.0,-12.0,5.625,11.5,6.517543859649122,-7.000000000000002,0.3,0.8,4.0,12.0,
2024,13,Hungarian Grand Prix,,Hungarian Grand Prix,max_verstappen,red_bull,3.0,,2.0999999999999996,231.0,1,19.25,3.4166666666666665,12,7,9,8,0.75,2.0,18.0,-8.0,5.625,14.0,3.254385964912281,0.33333333333333215,0.3,0.8,5.0,10.0,
2024,13,Hungarian Grand Prix,,Hungarian Grand Prix,sainz,ferrari,4.0,,2.8,134.0,4,12.181818181818182,5.0,11,1,5,0,0.45454545454545453,5.0,11.0,-4.0,5.625,11.5,8.0,-7.000000000000002,0.3,0.8,6.0,8.0,
2024,13,Hungarian Grand Prix,,Hungarian Grand Prix,perez,red_bull,16.0,,11.2,105.0,7,8.75,7.833333333333333,12,0,4,0,0.3333333333333333,17.0,0.0,-18.0,5.625,14.0,7.166666666666667,0.33333333333333215,0.3,0.8,7.0,6.0,
2024,13,Hungarian Grand Prix,,Hungarian Grand Prix,russell,mercedes,17.0,,11.899999999999999,105.0,6,8.75,7.333333333333333,12,1,2,2,0.16666666666666666,19.0,0.0,-10.0,7.125,8.541666666666666,7.587719298245614,9.666666666666668,0.3,0.8,8.0,5.0,
2024,13,Hungarian Grand Prix,,Hungarian Grand Prix,tsunoda,rb,10.0,,7.0,19.0,12,1.5833333333333333,12.25,12,0,0,0,0.0,10.0,1.0,1.0,12.916666666666666,1.0416666666666667,13.324561403508772,-2.0,0.3,0.8,9.0,2.0,
2024,13,Hungarian Grand Prix,,Hungarian Grand Prix,stroll,aston_martin,8.0,,5.6,23.0,10,1.9166666666666667,11.916666666666666,12,0,0,0,0.0,7.0,6.0,5.0,10.875,2.8333333333333335,12.410714285714286,-1.9999999999999996,0.3,0.8,10.0,1.0,
2024,13,Hungarian Grand Prix,,Hungarian Grand Prix,alonso,aston_martin,7.0,,4.8999999999999995,45.0,9,3.75,9.833333333333334,12,0,0,0,0.0,8.0,4.0,2.0,10.875,2.8333333333333335,9.929824561403509,-1.9999999999999996,0.3,0.8,11.0,0.0,
2024,13,Hungarian Grand Prix,,Hungarian Grand Prix,ricciardo,rb,9.0,,6.3,6.0,14,0.5,13.583333333333334,12,0,0,0,0.0,13.0,0.0,0.0,12.916666666666666,1.0416666666666667,11.507246376811594,-2.0,0.3,0.8,12.0,0.0,
2024,13,Hungarian Grand Prix,,Hungarian Grand Prix,hulkenberg,haas,11.0,,7.699999999999999,20.0,11,1.6666666666666667,10.916666666666666,12,0,0,0,0.0,6.0,8.0,8.0,12.25,1.0416666666666667,12.98611111111111,6.666666666666667,0.3,0.8,13.0,0.0,
2024,13,Hungarian Grand Prix,,Hungarian Grand Prix,albon,williams,13.0,,9.1,4.0,17,0.3333333333333333,14.583333333333334,12,0,0,0,0.0,9.0,2.0,2.0,15.869565217391305,0.17391304347826086,12.956043956043956,0.0,0.3,0.8,14.0,0.0,
2024,13,Hungarian Grand Prix,,Hungarian Grand Prix,kevin_magnussen,haas,15.0,,10.5,5.0,16,0.4166666666666667,13.583333333333334,12,0,0,0,0.0,12.0,0.0,0.0,12.25,1.0416666666666667,14.363636363636363,6.666666666666667,0.3,0.8,15.0,0.0,
2024,13,Hungarian Grand Prix,,Hungarian Grand Prix,bottas,sauber,12.0,,8.399999999999999,0.0,20,0.0,15.916666666666666,12,0,0,0,0.0,15.0,0.0,0.0,15.625,0.0,12.4,0.0,0.3,0.8,16.0,0.0,
2024,13,Hungarian Grand Prix,,Hungarian Grand Prix,sargeant,williams,14.0,,9.799999999999999,0.0,21,0.0,17.272727272727273,11,0,0,0,0.0,11.0,0.0,0.0,15.869565217391305,0.17391304347826086,16.333333333333332,0.0,0.3,0.8,17.0,0.0,
2024,13,Hungarian Grand Prix,,Hungarian Grand Prix,ocon,alpine,19.0,,13.299999999999999,3.0,18,0.25,13.416666666666666,12,0,0,0,0.0,16.0,0.0,0.0,13.625,0.375,11.539823008849558,0.0,0.3,0.8,18.0,0.0,
2024,13,Hungarian Grand Prix,,Hungarian Grand Prix,zhou,sauber,18.0,,12.6,0.0,19,0.0,15.333333333333334,12,0,0,0,0.0,18.0,0.0,0.0,15.625,0.0,14.647058823529411,0.0,0.3,0.8,19.0,0.0,
2024,13,Hungarian Grand Prix,,Hungarian Grand Prix,gasly,alpine,20.0,,14.0,6.0,15,0.5,13.833333333333334,12,0,0,0,0.0,20.0,0.0,0.0,13.625,0.375,12.052631578947368,0.0,0.3,0.8,20.0,0.0,
2024,14,Belgian Grand Prix,,Belgian Grand Prix,hamilton,mercedes,3.0,,0.5999999999999999,115.0,6,8.846153846153847,6.615384615384615,13,1,3,0,0.23076923076923078,3.0,15.0,9.0,7.0,8.653846153846153,6.271929824561403,3.333333333333332,0.8,0.8,1.0,25.0,
2024,14,Belgian Grand Prix,,Belgian Grand Prix,piastri,mclaren,5.0,,0.9999999999999998,137.0,5,10.538461538461538,5.384615384615385,13,1,3,0,0.23076923076923078,1.0,25.0,21.0,5.0,12.192307692307692,6.628571428571429,1.6666666666666643,0.8,0.8,2.0,18.0,
2024,14,Belgian Grand Prix,,Belgian Grand Prix,leclerc,ferrari,1.0,,0.19999999999999996,148.0,3,11.384615384615385,5.923076923076923,13,1,5,1,0.38461538461538464,4.0,12.0,0.0,5.576923076923077,11.384615384615385,6.517543859649122,-3.9999999999999982,0.8,0.8,3.0,15.0,
2024,14,Belgian Grand Prix,,Belgian Grand Prix,max_verstappen,red_bull,11.0,,2.1999999999999993,241.0,1,18.53846153846154,3.5384615384615383,13,7,9,8,0.6923076923076923,5.0,10.0,-16.0,5.653846153846154,13.538461538461538,3.254385964912281,-4.0,0.8,0.8,4.0,12.0,
2024,14,Belgian Grand Prix,,Belgian Grand Prix,norris,mclaren,4.0,,0.7999999999999998,180.0,2,13.846153846153847,4.615384615384615,13,1,8,2,0.6153846153846154,2.0,18.0,10.0,5.0,12.192307692307692,6.385964912280702,1.6666666666666643,0.8,0.8,5.0,10.0,
2024,14,Belgian Grand Prix,,Belgian Grand Prix,sainz,ferrari,7.0,,1.3999999999999997,142.0,4,11.833333333333334,5.083333333333333,12,1,5,0,0.4166666666666667,6.0,8.0,-7.0,5.576923076923077,11.384615384615385,8.0,-3.9999999999999982,0.8,0.8,6.0,8.0,
2024,14,Belgian Grand Prix,,Belgian Grand Prix,perez,red_bull,2.0,,0.3999999999999999,111.0,7,8.538461538461538,7.769230769230769,13,0,4,0,0.3076923076923077,7.0,6.0,-12.0,5.653846153846154,13.538461538461538,7.166666666666667,-4.0,0.8,0.8,7.0,7.0,
2024,14,Belgian Grand Prix,,Belgian Grand Prix,alonso,aston_martin,8.0,,1.5999999999999996,45.0,9,3.4615384615384617,9.923076923076923,13,0,0,0,0.0,11.0,0.0,-2.0,10.846153846153847,2.6538461538461537,9.929824561403509,-1.0000000000000004,0.8,0.8,8.0,4.0,
2024,14,Belgian Grand Prix,,Belgian Grand Prix,ocon,alpine,9.0,,1.7999999999999996,3.0,18,0.23076923076923078,13.76923076923077,13,0,0,0,0.0,18.0,0.0,0.0,14.038461538461538,0.34615384615384615,11.539823008849558,-2.0,0.8,0.8,9.0,2.0,
2024,14,Belgian Grand Prix,,Belgian Grand Prix,ricciardo,rb,13.0,,2.5999999999999996,6.0,14,0.46153846153846156,13.461538461538462,13,0,0,0,0.0,12.0,0.0,0.0,12.73076923076923,1.0384615384615385,11.507246376811594,-0.9999999999999998,0.8,0.8,10.0,1.0,
2024,14,Belgian Grand Prix,,Belgian Grand Prix,stroll,aston_martin,15.0,,2.999999999999999,24.0,10,1.8461538461538463,11.76923076923077,13,0,0,0,0.0,10.0,1.0,0.0,10.846153846153847,2.6538461538461537,12.410714285714286,-1.0000000000000004,0.8,0.8,11.0,0.0,
2024,14,Belgian Grand Prix,,Belgian Grand Prix,albon,williams,10.0,,1.9999999999999996,4.0,17,0.3076923076923077,14.538461538461538,13,0,0,0,0.0,14.0,0.0,0.0,15.84,0.16,12.956043956043956,0.0,0.8,0.8,12.0,0.0,
2024,14,Belgian Grand Prix,,Belgian Grand Prix,gasly,alpine,12.0,,2.3999999999999995,6.0,15,0.46153846153846156,14.307692307692308,13,0,0,0,0.0,20.0,0.0,0.0,14.038461538461538,0.34615384615384615,12.052631578947368,-2.0,0.8,0.8,13.0,0.0,
2024,14,Belgian Grand Prix,,Belgian Grand Prix,kevin_magnussen,haas,17.0,,3.3999999999999995,5.0,16,0.38461538461538464,13.692307692307692,13,0,0,0,0.0,15.0,0.0,0.0,12.384615384615385,0.9615384615384616,14.363636363636363,6.666666666666667,0.8,0.8,14.0,0.0,
2024,14,Belgian Grand Prix,,Belgian Grand Prix,bottas,sauber,14.0,,2.7999999999999994,0.0,20,0.0,15.923076923076923,13,0,0,0,0.0,16.0,0.0,0.0,15.76923076923077,0.0,12.4,0.0,0.8,0.8,15.0,0.0,
2024,14,Belgian Grand Prix,,Belgian Grand Prix,tsunoda,rb,20.0,,3.999999999999999,21.0,11,1.6153846153846154,12.0,13,0,0,0,0.0,9.0,2.0,2.0,12.73076923076923,1.0384615384615385,13.324561403508772,-0.9999999999999998,0.8,0.8,16.0,0.0,
2024,14,Belgian Grand Prix,,Belgian Grand Prix,sargeant,williams,18.0,,3.599999999999999,0.0,21,0.0,17.25,12,0,0,0,0.0,17.0,0.0,0.0,15.84,0.16,16.333333333333332,0.0,0.8,0.8,17.0,0.0,
2024,14,Belgian Grand Prix,,Belgian Grand Prix,hulkenberg,haas,16.0,,3.1999999999999993,20.0,12,1.5384615384615385,11.076923076923077,13,0,0,0,0.0,13.0,0.0,0.0,12.384615384615385,0.9615384615384616,12.98611111111111,6.666666666666667,0.8,0.8,18.0,0.0,
2024,14,Belgian Grand Prix,,Belgian Grand Prix,zhou,sauber,19.0,,3.799999999999999,0.0,19,0.0,15.615384615384615,13,0,0,0,0.0,19.0,0.0,0.0,15.76923076923077,0.0,14.647058823529411,0.0,0.8,0.8,19.0,0.0,
2024,14,Belgian Grand Prix,,Belgian Grand Prix,russell,mercedes,6.0,,1.1999999999999997,110.0,8,8.461538461538462,7.384615384615385,13,1,2,2,0.15384615384615385,8.0,5.0,-5.0,7.0,8.653846153846153,7.587719298245614,3.333333333333332,0.8,0.8,20.0,0.0,
2024,15,Dutch Grand Prix,,Dutch Grand Prix,norris,mclaren,1.0,,0.7,190.0,2,13.571428571428571,4.642857142857143,14,1,8,2,0.5714285714285714,5.0,10.0,2.0,4.892857142857143,12.321428571428571,6.385964912280702,8.999999999999996,0.3,0.8,1.0,26.0,
2024,15,Dutch Grand Prix,,Dutch Grand Prix,max_verstappen,red_bull,2.0,,1.4,253.0,1,18.071428571428573,3.5714285714285716,14,7,9,8,0.6428571428571429,4.0,12.0,-14.0,5.642857142857143,13.25,3.254385964912281,-5.666666666666664,0.3,0.8,2.0,18.0,
2024,15,Dutch Grand Prix,,Dutch Grand Prix,leclerc,ferrari,6.0,,4.199999999999999,163.0,3,11.642857142857142,5.714285714285714,14,1,6,2,0.42857142857142855,3.0,15.0,3.0,5.5,11.392857142857142,6.517543859649122,7.0,0.3,0.8,3.0,15.0,
2024,15,Dutch Grand Prix,,Dutch Grand Prix,piastri,mclaren,3.0,,2.0999999999999996,155.0,4,11.071428571428571,5.142857142857143,14,1,4,0,0.2857142857142857,2.0,18.0,14.0,4.892857142857143,12.321428571428571,6.628571428571429,8.999999999999996,0.3,0.8,4.0,12.0,
2024,15,Dutch Grand Prix,,Dutch Grand Prix,sainz,ferrari,10.0,,7.0,150.0,5,11.538461538461538,5.153846153846154,13,1,5,0,0.38461538461538464,6.0,8.0,-7.0,5.5,11.392857142857142,8.0,7.0,0.3,0.8,5.0,10.0,
2024,15,Dutch Grand Prix,,Dutch Grand Prix,perez,red_bull,5.0,,3.5,118.0,7,8.428571428571429,7.714285714285714,14,0,4,0,0.2857142857142857,7.0,7.0,-11.0,5.642857142857143,13.25,7.166666666666667,-5.666666666666664,0.3,0.8,6.0,8.0,
2024,15,Dutch Grand Prix,,Dutch Grand Prix,russell,mercedes,4.0,,2.8,110.0,8,7.857142857142857,8.285714285714286,14,1,2,2,0.14285714285714285,20.0,0.0,-10.0,7.25,8.928571428571429,7.587719298245614,-7.333333333333336,0.3,0.8,7.0,6.0,
2024,15,Dutch Grand Prix,,Dutch Grand Prix,hamilton,mercedes,14.0,,9.799999999999999,140.0,6,10.0,6.214285714285714,14,2,4,0,0.2857142857142857,1.0,25.0,19.0,7.25,8.928571428571429,6.271929824561403,-7.333333333333336,0.3,0.8,8.0,4.0,
2024,15,Dutch Grand Prix,,Dutch Grand Prix,gasly,alpine,9.0,,6.3,6.0,15,0.42857142857142855,14.214285714285714,14,0,0,0,0.0,13.0,0.0,0.0,13.821428571428571,0.39285714285714285,12.052631578947368,-1.666666666666667,0.3,0.8,9.0,2.0,
2024,15,Dutch Grand Prix,,Dutch Grand Prix,alonso,aston_martin,7.0,,4.8999999999999995,49.0,9,3.5,9.785714285714286,14,0,0,0,0.0,8.0,4.0,2.0,10.75,2.607142857142857,9.929824561403509,0.33333333333333304,0.3,0.8,10.0,1.0,
2024,15,Dutch Grand Prix,,Dutch Grand Prix,hulkenberg,haas,12.0,,8.399999999999999,20.0,12,1.4285714285714286,11.571428571428571,14,0,0,0,0.0,18.0,0.0,0.0,12.642857142857142,0.8928571428571429,12.98611111111111,-1.3333333333333335,0.3,0.8,11.0,0.0,
2024,15,Dutch Grand Prix,,Dutch Grand Prix,ricciardo,rb,13.0,,9.1,7.0,13,0.5,13.214285714285714,14,0,0,0,0.0,10.0,1.0,1.0,12.75,1.0,11.507246376811594,-0.6666666666666667,0.3,0.8,12.0,0.0,
2024,15,Dutch Grand Prix,,Dutch Grand Prix,stroll,aston_martin,8.0,,5.6,24.0,10,1.7142857142857142,11.714285714285714,14,0,0,0,0.0,11.0,0.0,-1.0,10.75,2.607142857142857,12.410714285714286,0.33333333333333304,0.3,0.8,13.0,0.0,
2024,15,Dutch Grand Prix,,Dutch Grand Prix,albon,williams,19.0,,13.299999999999999,4.0,18,0.2857142857142857,14.357142857142858,14,0,0,0,0.0,12.0,0.0,0.0,15.74074074074074,0.14814814814814814,12.956043956043956,0.6666666666666666,0.3,0.8,14.0,0.0,
2024,15,Dutch Grand Prix,,Dutch Grand Prix,ocon,alpine,15.0,,10.5,5.0,16,0.35714285714285715,13.428571428571429,14,0,0,0,0.0,9.0,2.0,2.0,13.821428571428571,0.39285714285714285,11.539823008849558,-1.666666666666667,0.3,0.8,15.0,0.0,
2024,15,Dutch Grand Prix,,Dutch Grand Prix,sargeant,williams,18.0,,12.6,0.0,21,0.0,17.23076923076923,13,0,0,0,0.0,17.0,0.0,0.0,15.74074074074074,0.14814814814814814,16.333333333333332,0.6666666666666666,0.3,0.8,16.0,0.0,
2024,15,Dutch Grand Prix,,Dutch Grand Prix,tsunoda,rb,11.0,,7.699999999999999,21.0,11,1.5,12.285714285714286,14,0,0,0,0.0,16.0,0.0,0.0,12.75,1.0,13.324561403508772,-0.6666666666666667,0.3,0.8,17.0,0.0,
2024,15,Dutch Grand Prix,,Dutch Grand Prix,kevin_magnussen,haas,20.0,,14.0,5.0,17,0.35714285714285715,13.714285714285714,14,0,0,0,0.0,14.0,0.0,0.0,12.642857142857142,0.8928571428571429,14.363636363636363,-1.3333333333333335,0.3,0.8,18.0,0.0,
2024,15,Dutch Grand Prix,,Dutch Grand Prix,bottas,sauber,16.0,,11.2,0.0,19,0.0,15.857142857142858,14,0,0,0,0.0,15.0,0.0,0.0,15.857142857142858,0.0,12.4,0.0,0.3,0.8,19.0,0.0,
2024,15,Dutch Grand Prix,,Dutch Grand Prix,zhou,sauber,17.0,,11.899999999999999,0.0,20,0.0,15.857142857142858,14,0,0,0,0.0,19.0,0.0,0.0,15.857142857142858,0.0,14.647058823529411,0.0,0.3,0.8,20.0,0.0,
2024,16,Italian Grand Prix,,Italian Grand Prix,leclerc,ferrari,4.0,,0.3999999999999999,178.0,3,11.866666666666667,5.533333333333333,15,1,7,2,0.4666666666666667,3.0,15.0,3.0,5.4,11.466666666666667,6.517543859649122,8.000000000000002,0.9,0.8,1.0,25.0,
2024,16,Italian Grand Prix,,Italian Grand Prix,piastri,mclaren,2.0,,0.19999999999999996,167.0,4,11.133333333333333,5.066666666666666,15,1,4,0,0.26666666666666666,4.0,12.0,8.0,4.733333333333333,12.766666666666667,6.628571428571429,13.000000000000004,0.9,0.8,2.0,18.0,
2024,16,Italian Grand Prix,,Italian Grand Prix,norris,mclaren,1.0,,0.09999999999999998,216.0,2,14.4,4.4,15,2,9,3,0.6,1.0,26.0,18.0,4.733333333333333,12.766666666666667,6.385964912280702,13.000000000000004,0.9,0.8,3.0,16.0,
2024,16,Italian Grand Prix,,Italian Grand Prix,sainz,ferrari,5.0,,0.4999999999999999,160.0,5,11.428571428571429,5.142857142857143,14,1,5,0,0.35714285714285715,5.0,10.0,-5.0,5.4,11.466666666666667,8.0,8.000000000000002,0.9,0.8,4.0,12.0,
2024,16,Italian Grand Prix,,Italian Grand Prix,hamilton,mercedes,6.0,,0.5999999999999999,144.0,6,9.6,6.333333333333333,15,2,4,0,0.26666666666666666,8.0,4.0,-2.0,7.266666666666667,8.666666666666666,6.271929824561403,-11.333333333333336,0.9,0.8,5.0,10.0,
2024,16,Italian Grand Prix,,Italian Grand Prix,max_verstappen,red_bull,7.0,,0.6999999999999998,271.0,1,18.066666666666666,3.466666666666667,15,7,10,8,0.6666666666666666,2.0,18.0,-8.0,5.533333333333333,13.233333333333333,3.254385964912281,-0.6666666666666679,0.9,0.8,6.0,8.0,
2024,16,Italian Grand Prix,,Italian Grand Prix,russell,mercedes,3.0,,0.29999999999999993,116.0,8,7.733333333333333,8.2,15,1,2,2,0.13333333333333333,7.0,6.0,-4.0,7.266666666666667,8.666666666666666,7.587719298245614,-11.333333333333336,0.9,0.8,7.0,6.0,
2024,16,Italian Grand Prix,,Italian Grand Prix,perez,red_bull,8.0,,0.7999999999999998,126.0,7,8.4,7.6,15,0,4,0,0.26666666666666666,6.0,8.0,-10.0,5.533333333333333,13.233333333333333,7.166666666666667,-0.6666666666666679,0.9,0.8,8.0,4.0,
2024,16,Italian Grand Prix,,Italian Grand Prix,albon,williams,9.0,,0.8999999999999998,4.0,18,0.26666666666666666,14.333333333333334,15,0,0,0,0.0,14.0,0.0,0.0,15.689655172413794,0.13793103448275862,12.956043956043956,-0.6666666666666666,0.9,0.8,9.0,2.0,
2024,16,Italian Grand Prix,,Italian Grand Prix,kevin_magnussen,haas,13.0,,1.2999999999999998,5.0,17,0.3333333333333333,14.0,15,0,0,0,0.0,18.0,0.0,0.0,12.766666666666667,0.8333333333333334,14.363636363636363,-6.666666666666667,0.9,0.8,10.0,1.0,
2024,16,Italian Grand Prix,,Italian Grand Prix,alonso,aston_martin,11.0,,1.0999999999999996,50.0,9,3.3333333333333335,9.8,15,0,0,0,0.0,10.0,1.0,-1.0,10.8,2.466666666666667,9.929824561403509,-1.3333333333333335,0.9,0.8,11.0,0.0,
2024,16,Italian Grand Prix,,Italian Grand Prix,colapinto,williams,18.0,,1.7999999999999996,0.0,999,,,0,0,0,0,,,,,15.689655172413794,0.13793103448275862,15.222222222222221,-0.6666666666666666,0.9,0.8,12.0,0.0,
2024,16,Italian Grand Prix,,Italian Grand Prix,ricciardo,rb,12.0,,1.1999999999999997,7.0,14,0.4666666666666667,13.133333333333333,15,0,0,0,0.0,12.0,0.0,0.0,12.866666666666667,0.9333333333333333,11.507246376811594,0.0,0.9,0.8,13.0,0.0,
2024,16,Italian Grand Prix,,Italian Grand Prix,ocon,alpine,15.0,,1.4999999999999996,5.0,16,0.3333333333333333,13.533333333333333,15,0,0,0,0.0,15.0,0.0,0.0,13.7,0.43333333333333335,11.539823008849558,0.0,0.9,0.8,14.0,0.0,
2024,16,Italian Grand Prix,,Italian Grand Prix,gasly,alpine,14.0,,1.3999999999999997,8.0,13,0.5333333333333333,13.866666666666667,15,0,0,0,0.0,9.0,2.0,2.0,13.7,0.43333333333333335,12.052631578947368,0.0,0.9,0.8,15.0,0.0,
2024,16,Italian Grand Prix,,Italian Grand Prix,bottas,sauber,19.0,,1.8999999999999995,0.0,19,0.0,16.066666666666666,15,0,0,0,0.0,19.0,0.0,0.0,16.1,0.0,12.4,0.0,0.9,0.8,16.0,0.0,
2024,16,Italian Grand Prix,,Italian Grand Prix,hulkenberg,haas,10.0,,0.9999999999999998,20.0,12,1.3333333333333333,11.533333333333333,15,0,0,0,0.0,11.0,0.0,0.0,12.766666666666667,0.8333333333333334,12.98611111111111,-6.666666666666667,0.9,0.8,17.0,0.0,
2024,16,Italian Grand Prix,,Italian Grand Prix,zhou,sauber,20.0,,1.9999999999999996,0.0,20,0.0,16.133333333333333,15,0,0,0,0.0,20.0,0.0,0.0,16.1,0.0,14.647058823529411,0.0,0.9,0.8,18.0,0.0,
2024,16,Italian Grand Prix,,Italian Grand Prix,stroll,aston_martin,17.0,,1.6999999999999997,24.0,10,1.6,11.8,15,0,0,0,0.0,13.0,0.0,-1.0,10.8,2.466666666666667,12.410714285714286,-1.3333333333333335,0.9,0.8,19.0,0.0,
2024,16,Italian Grand Prix,,Italian Grand Prix,tsunoda,rb,16.0,,1.5999999999999996,21.0,11,1.4,12.6,15,0,0,0,0.0,17.0,0.0,0.0,12.866666666666667,0.9333333333333333,13.324561403508772,0.0,0.9,0.8,20.0,0.0,
2024,17,Azerbaijan Grand Prix,,Azerbaijan Grand Prix,piastri,mclaren,2.0,,0.6000000000000001,185.0,4,11.5625,4.875,16,1,5,0,0.3125,2.0,18.0,14.0,4.59375,13.03125,6.628571428571429,4.0000000000000036,0.7,0.8,1.0,25.0,
2024,17,Azerbaijan Grand Prix,,Azerbaijan Grand Prix,leclerc,ferrari,1.0,,0.30000000000000004,203.0,3,12.6875,5.25,16,2,8,2,0.5,1.0,25.0,13.0,5.21875,11.90625,6.517543859649122,12.999999999999998,0.7,0.8,2.0,18.0,
2024,17,Azerbaijan Grand Prix,,Azerbaijan Grand Prix,russell,mercedes,5.0,,1.5000000000000002,122.0,8,7.625,8.125,16,1,2,2,0.125,7.0,6.0,-4.0,7.1875,8.625,7.587719298245614,-10.333333333333332,0.7,0.8,3.0,15.0,
2024,17,Azerbaijan Grand Prix,,Azerbaijan Grand Prix,norris,mclaren,15.0,,4.500000000000001,232.0,2,14.5,4.3125,16,2,10,4,0.625,3.0,16.0,8.0,4.59375,13.03125,6.385964912280702,4.0000000000000036,0.7,0.8,4.0,13.0,
2024,17,Azerbaijan Grand Prix,,Azerbaijan Grand Prix,max_verstappen,red_bull,6.0,,1.8000000000000003,279.0,1,17.4375,3.625,16,7,10,8,0.625,6.0,8.0,-18.0,5.625,12.78125,3.254385964912281,2.333333333333332,0.7,0.8,5.0,10.0,
2024,17,Azerbaijan Grand Prix,,Azerbaijan Grand Prix,alonso,aston_martin,7.0,,2.1000000000000005,50.0,9,3.125,9.875,16,0,0,0,0.0,11.0,0.0,-2.0,11.0625,2.3125,9.929824561403509,-1.9999999999999998,0.7,0.8,6.0,8.0,
2024,17,Azerbaijan Grand Prix,,Azerbaijan Grand Prix,albon,williams,9.0,,2.7,6.0,17,0.375,14.0,16,0,0,0,0.0,9.0,2.0,2.0,15.35483870967742,0.1935483870967742,12.956043956043956,0.0,0.7,0.8,7.0,6.0,
2024,17,Azerbaijan Grand Prix,,Azerbaijan Grand Prix,colapinto,williams,8.0,,2.4000000000000004,0.0,19,0.0,12.0,1,0,0,0,0.0,12.0,0.0,,15.35483870967742,0.1935483870967742,15.222222222222221,0.0,0.7,0.8,8.0,4.0,
2024,17,Azerbaijan Grand Prix,,Azerbaijan Grand Prix,hamilton,mercedes,19.0,,5.700000000000001,154.0,6,9.625,6.25,16,2,4,0,0.25,5.0,10.0,4.0,7.1875,8.625,6.271929824561403,-10.333333333333332,0.7,0.8,9.0,2.0,
2024,17,Azerbaijan Grand Prix,,Azerbaijan Grand Prix,bearman,haas,10.0,,3.0000000000000004,6.0,15,6.0,7.0,1,0,0,0,0.0,7.0,6.0,,12.8125,0.8125,11.555555555555555,-6.333333333333334,0.7,0.8,10.0,1.0,
2024,17,Azerbaijan Grand Prix,,Azerbaijan Grand Prix,hulkenberg,haas,12.0,,3.6000000000000005,20.0,12,1.25,11.875,16,0,0,0,0.0,17.0,0.0,0.0,12.8125,0.8125,12.98611111111111,-6.333333333333334,0.7,0.8,11.0,0.0,
2024,17,Azerbaijan Grand Prix,,Azerbaijan Grand Prix,gasly,alpine,18.0,,5.4,8.0,13,0.5,13.9375,16,0,0,0,0.0,15.0,0.0,0.0,13.75,0.40625,12.052631578947368,1.0,0.7,0.8,12.0,0.0,
2024,17,Azerbaijan Grand Prix,,Azerbaijan Grand Prix,ricciardo,rb,14.0,,4.200000000000001,7.0,14,0.4375,13.125,16,0,0,0,0.0,13.0,0.0,0.0,13.09375,0.875,11.507246376811594,-1.3333333333333335,0.7,0.8,13.0,0.0,
2024,17,Azerbaijan Grand Prix,,Azerbaijan Grand Prix,zhou,sauber,17.0,,5.1000000000000005,0.0,21,0.0,16.25,16,0,0,0,0.0,18.0,0.0,0.0,16.15625,0.0,14.647058823529411,0.0,0.7,0.8,14.0,0.0,
2024,17,Azerbaijan Grand Prix,,Azerbaijan Grand Prix,ocon,alpine,20.0,,6.000000000000001,5.0,18,0.3125,13.5625,16,0,0,0,0.0,14.0,0.0,0.0,13.75,0.40625,11.539823008849558,1.0,0.7,0.8,15.0,0.0,
2024,17,Azerbaijan Grand Prix,,Azerbaijan Grand Prix,bottas,sauber,16.0,,4.800000000000001,0.0,20,0.0,16.0625,16,0,0,0,0.0,16.0,0.0,0.0,16.15625,0.0,12.4,0.0,0.7,0.8,16.0,0.0,
2024,17,Azerbaijan Grand Prix,,Azerbaijan Grand Prix,perez,red_bull,4.0,,1.2000000000000002,130.0,7,8.125,7.625,16,0,4,0,0.25,8.0,4.0,-14.0,5.625,12.78125,7.166666666666667,2.333333333333332,0.7,0.8,17.0,0.0,
2024,17,Azerbaijan Grand Prix,,Azerbaijan Grand Prix,sainz,ferrari,3.0,,0.9000000000000001,172.0,5,11.466666666666667,5.066666666666666,15,1,5,0,0.3333333333333333,4.0,12.0,-3.0,5.21875,11.90625,8.0,12.999999999999998,0.7,0.8,18.0,0.0,
2024,17,Azerbaijan Grand Prix,,Azerbaijan Grand Prix,stroll,aston_martin,13.0,,3.9000000000000004,24.0,10,1.5,12.25,16,0,0,0,0.0,19.0,0.0,-1.0,11.0625,2.3125,12.410714285714286,-1.9999999999999998,0.7,0.8,19.0,0.0,
2024,17,Azerbaijan Grand Prix,,Azerbaijan Grand Prix,tsunoda,rb,11.0,,3.3000000000000007,21.0,11,1.3125,13.0625,16,0,0,0,0.0,20.0,0.0,0.0,13.09375,0.875,13.324561403508772,-1.3333333333333335,0.7,0.8,20.0,0.0,
2024,18,Singapore Grand Prix,,Singapore Grand Prix,norris,mclaren,1.0,,0.8,245.0,2,14.411764705882353,4.294117647058823,17,2,10,4,0.5882352941176471,4.0,13.0,5.0,4.470588235294118,13.382352941176471,6.385964912280702,4.0,0.2,0.8,1.0,25.0,
2024,18,Singapore Grand Prix,,Singapore Grand Prix,max_verstappen,red_bull,2.0,,1.6,289.0,1,17.0,3.7058823529411766,17,7,10,8,0.5882352941176471,5.0,10.0,-16.0,5.9411764705882355,12.323529411764707,3.254385964912281,-1.6666666666666679,0.2,0.8,2.0,18.0,
2024,18,Singapore Grand Prix,,Singapore Grand Prix,piastri,mclaren,5.0,,4.0,210.0,4,12.352941176470589,4.647058823529412,17,2,6,0,0.35294117647058826,1.0,25.0,21.0,4.470588235294118,13.382352941176471,6.628571428571429,4.0,0.2,0.8,3.0,15.0,
2024,18,Singapore Grand Prix,,Singapore Grand Prix,russell,mercedes,4.0,,3.2,137.0,7,8.058823529411764,7.823529411764706,17,1,3,2,0.17647058823529413,3.0,15.0,5.0,7.117647058823529,8.617647058823529,7.587719298245614,-8.999999999999998,0.2,0.8,4.0,12.0,
2024,18,Singapore Grand Prix,,Singapore Grand Prix,leclerc,ferrari,9.0,,7.2,221.0,3,13.0,5.0588235294117645,17,2,9,3,0.5294117647058824,2.0,18.0,6.0,5.5,11.735294117647058,6.517543859649122,8.666666666666668,0.2,0.8,5.0,10.0,
2024,18,Singapore Grand Prix,,Singapore Grand Prix,hamilton,mercedes,3.0,,2.4000000000000004,156.0,6,9.176470588235293,6.411764705882353,17,2,4,0,0.23529411764705882,9.0,2.0,-4.0,7.117647058823529,8.617647058823529,6.271929824561403,-8.999999999999998,0.2,0.8,6.0,8.0,
2024,18,Singapore Grand Prix,,Singapore Grand Prix,sainz,ferrari,10.0,,8.0,172.0,5,10.75,5.875,16,1,5,0,0.3125,18.0,0.0,-15.0,5.5,11.735294117647058,8.0,8.666666666666668,0.2,0.8,7.0,6.0,
2024,18,Singapore Grand Prix,,Singapore Grand Prix,alonso,aston_martin,7.0,,5.6000000000000005,58.0,9,3.411764705882353,9.647058823529411,17,0,0,0,0.0,6.0,8.0,6.0,11.147058823529411,2.411764705882353,9.929824561403509,-2.0,0.2,0.8,8.0,4.0,
2024,18,Singapore Grand Prix,,Singapore Grand Prix,hulkenberg,haas,6.0,,4.800000000000001,20.0,12,1.1764705882352942,11.823529411764707,17,0,0,0,0.0,11.0,0.0,0.0,12.676470588235293,0.7941176470588235,12.98611111111111,-2.0,0.2,0.8,9.0,2.0,
2024,18,Singapore Grand Prix,,Singapore Grand Prix,perez,red_bull,13.0,,10.4,130.0,8,7.647058823529412,8.176470588235293,17,0,4,0,0.23529411764705882,17.0,0.0,-18.0,5.9411764705882355,12.323529411764707,7.166666666666667,-1.6666666666666679,0.2,0.8,10.0,1.0,
2024,18,Singapore Grand Prix,,Singapore Grand Prix,colapinto,williams,12.0,,9.600000000000001,4.0,19,2.0,10.0,2,0,0,0,0.0,8.0,4.0,4.0,14.878787878787879,0.48484848484848486,15.222222222222221,3.3333333333333335,0.2,0.8,11.0,0.0,
2024,18,Singapore Grand Prix,,Singapore Grand Prix,tsunoda,rb,8.0,,6.4,21.0,11,1.2352941176470589,13.470588235294118,17,0,0,0,0.0,20.0,0.0,0.0,13.294117647058824,0.8235294117647058,13.324561403508772,-1.3333333333333333,0.2,0.8,12.0,0.0,
2024,18,Singapore Grand Prix,,Singapore Grand Prix,ocon,alpine,15.0,,12.0,5.0,18,0.29411764705882354,13.647058823529411,17,0,0,0,0.0,15.0,0.0,0.0,13.735294117647058,0.38235294117647056,11.539823008849558,0.0,0.2,0.8,13.0,0.0,
2024,18,Singapore Grand Prix,,Singapore Grand Prix,stroll,aston_martin,17.0,,13.600000000000001,24.0,10,1.411764705882353,12.647058823529411,17,0,0,0,0.0,19.0,0.0,-1.0,11.147058823529411,2.411764705882353,12.410714285714286,-2.0,0.2,0.8,14.0,0.0,
2024,18,Singapore Grand Prix,,Singapore Grand Prix,zhou,sauber,20.0,,16.0,0.0,21,0.0,16.11764705882353,17,0,0,0,0.0,14.0,0.0,0.0,16.08823529411765,0.0,14.647058823529411,0.0,0.2,0.8,15.0,0.0,
2024,18,Singapore Grand Prix,,Singapore Grand Prix,bottas,sauber,19.0,,15.200000000000001,0.0,20,0.0,16.058823529411764,17,0,0,0,0.0,16.0,0.0,0.0,16.08823529411765,0.0,12.4,0.0,0.2,0.8,16.0,0.0,
2024,18,Singapore Grand Prix,,Singapore Grand Prix,gasly,alpine,18.0,,14.4,8.0,14,0.47058823529411764,13.823529411764707,17,0,0,0,0.0,12.0,0.0,0.0,13.735294117647058,0.38235294117647056,12.052631578947368,0.0,0.2,0.8,17.0,0.0,
2024,18,Singapore Grand Prix,,Singapore Grand Prix,ricciardo,rb,16.0,,12.8,7.0,16,0.4117647058823529,13.117647058823529,17,0,0,0,0.0,13.0,0.0,0.0,13.294117647058824,0.8235294117647058,11.507246376811594,-1.3333333333333333,0.2,0.8,18.0,0.0,
2024,18,Singapore Grand Prix,,Singapore Grand Prix,kevin_magnussen,haas,14.0,,11.200000000000001,6.0,17,0.375,13.75,16,0,0,0,0.0,10.0,1.0,1.0,12.676470588235293,0.7941176470588235,14.363636363636363,-2.0,0.2,0.8,19.0,0.0,
2024,18,Singapore Grand Prix,,Singapore Grand Prix,albon,williams,11.0,,8.8,12.0,13,0.7058823529411765,13.588235294117647,17,0,0,0,0.0,7.0,6.0,6.0,14.878787878787879,0.48484848484848486,12.956043956043956,3.3333333333333335,0.2,0.8,20.0,0.0,
2024,19,United States Grand Prix,,United States Grand Prix,leclerc,ferrari,4.0,,1.2000000000000002,231.0,3,12.833333333333334,5.055555555555555,18,2,9,3,0.5,5.0,10.0,-2.0,5.527777777777778,11.527777777777779,6.517543859649122,1.0,0.7,0.8,1.0,25.0,
2024,19,United States Grand Prix,,United States Grand Prix,sainz,ferrari,3.0,,0.9000000000000001,178.0,5,10.470588235294118,5.9411764705882355,17,1,5,0,0.29411764705882354,7.0,6.0,-9.0,5.527777777777778,11.527777777777779,8.0,1.0,0.7,0.8,2.0,18.0,
2024,19,United States Grand Prix,,United States Grand Prix,max_verstappen,red_bull,2.0,,0.6000000000000001,307.0,1,17.055555555555557,3.611111111111111,18,7,11,8,0.6111111111111112,2.0,18.0,-8.0,5.944444444444445,12.166666666666666,3.254385964912281,-6.666666666666666,0.7,0.8,3.0,15.0,
2024,19,United States Grand Prix,,United States Grand Prix,norris,mclaren,1.0,,0.30000000000000004,270.0,2,15.0,4.111111111111111,18,3,11,5,0.6111111111111112,1.0,25.0,17.0,4.333333333333333,13.75,6.385964912280702,1.0,0.7,0.8,4.0,12.0,
2024,19,United States Grand Prix,,United States Grand Prix,piastri,mclaren,5.0,,1.5000000000000002,225.0,4,12.5,4.555555555555555,18,2,7,0,0.3888888888888889,3.0,15.0,11.0,4.333333333333333,13.75,6.628571428571429,1.0,0.7,0.8,5.0,10.0,
2024,19,United States Grand Prix,,United States Grand Prix,russell,mercedes,20.0,,6.000000000000001,149.0,7,8.277777777777779,7.611111111111111,18,1,3,2,0.16666666666666666,4.0,12.0,2.0,7.0,8.694444444444445,7.587719298245614,-0.6666666666666643,0.7,0.8,6.0,8.0,
2024,19,United States Grand Prix,,United States Grand Prix,perez,red_bull,9.0,,2.7,131.0,8,7.277777777777778,8.277777777777779,18,0,4,0,0.2222222222222222,10.0,1.0,-17.0,5.944444444444445,12.166666666666666,7.166666666666667,-6.666666666666666,0.7,0.8,7.0,6.0,
2024,19,United States Grand Prix,,United States Grand Prix,hulkenberg,haas,11.0,,3.3000000000000007,22.0,11,1.2222222222222223,11.666666666666666,18,0,0,0,0.0,9.0,2.0,2.0,12.75,0.8055555555555556,12.98611111111111,1.3333333333333333,0.7,0.8,8.0,4.0,
2024,19,United States Grand Prix,,United States Grand Prix,lawson,rb,19.0,,5.700000000000001,0.0,999,,,0,0,0,0,,,,,13.38888888888889,0.7777777777777778,12.82857142857143,-1.0,0.7,0.8,9.0,2.0,
2024,19,United States Grand Prix,,United States Grand Prix,colapinto,williams,15.0,,4.500000000000001,4.0,19,1.3333333333333333,10.333333333333334,3,0,0,0,0.0,11.0,0.0,0.0,14.914285714285715,0.45714285714285713,15.222222222222221,4.0,0.7,0.8,10.0,1.0,
2024,19,United States Grand Prix,,United States Grand Prix,kevin_magnussen,haas,8.0,,2.4000000000000004,6.0,17,0.35294117647058826,14.058823529411764,17,0,0,0,0.0,19.0,0.0,0.0,12.75,0.8055555555555556,14.363636363636363,1.3333333333333333,0.7,0.8,11.0,0.0,
2024,19,United States Grand Prix,,United States Grand Prix,gasly,alpine,6.0,,1.8000000000000003,8.0,14,0.4444444444444444,14.0,18,0,0,0,0.0,17.0,0.0,0.0,13.805555555555555,0.3611111111111111,12.052631578947368,-1.3333333333333333,0.7,0.8,12.0,0.0,
2024,19,United States Grand Prix,,United States Grand Prix,alonso,aston_martin,7.0,,2.1000000000000005,62.0,9,3.4444444444444446,9.555555555555555,18,0,0,0,0.0,8.0,4.0,2.0,11.13888888888889,2.388888888888889,9.929824561403509,2.0,0.7,0.8,13.0,0.0,
2024,19,United States Grand Prix,,United States Grand Prix,tsunoda,rb,10.0,,3.0000000000000004,21.0,12,1.1666666666666667,13.38888888888889,18,0,0,0,0.0,12.0,0.0,0.0,13.38888888888889,0.7777777777777778,13.324561403508772,-1.0,0.7,0.8,14.0,0.0,
2024,19,United States Grand Prix,,United States Grand Prix,stroll,aston_martin,13.0,,3.9000000000000004,24.0,10,1.3333333333333333,12.722222222222221,18,0,0,0,0.0,14.0,0.0,-1.0,11.13888888888889,2.388888888888889,12.410714285714286,2.0,0.7,0.8,15.0,0.0,
2024,19,United States Grand Prix,,United States Grand Prix,albon,williams,14.0,,4.200000000000001,12.0,13,0.6666666666666666,13.944444444444445,18,0,0,0,0.0,20.0,0.0,0.0,14.914285714285715,0.45714285714285713,12.956043956043956,4.0,0.7,0.8,16.0,0.0,
2024,19,United States Grand Prix,,United States Grand Prix,bottas,sauber,16.0,,4.800000000000001,0.0,20,0.0,16.055555555555557,18,0,0,0,0.0,16.0,0.0,0.0,16.055555555555557,0.0,12.4,0.0,0.7,0.8,17.0,0.0,
2024,19,United States Grand Prix,,United States Grand Prix,ocon,alpine,12.0,,3.6000000000000005,5.0,18,0.2777777777777778,13.61111111111111,18,0,0,0,0.0,13.0,0.0,0.0,13.805555555555555,0.3611111111111111,11.539823008849558,-1.3333333333333333,0.7,0.8,18.0,0.0,
2024,19,United States Grand Prix,,United States Grand Prix,zhou,sauber,18.0,,5.4,0.0,21,0.0,16.055555555555557,18,0,0,0,0.0,15.0,0.0,0.0,16.055555555555557,0.0,14.647058823529411,0.0,0.7,0.8,19.0,0.0,
2024,19,United States Grand Prix,,United States Grand Prix,hamilton,mercedes,17.0,,5.1000000000000005,164.0,6,9.11111111111111,6.388888888888889,18,2,4,0,0.2222222222222222,6.0,8.0,2.0,7.0,8.694444444444445,6.271929824561403,-0.6666666666666643,0.7,0.8,20.0,0.0,
2024,20,Mexico City Grand Prix,,Mexico City Grand Prix,sainz,ferrari,1.0,,0.4,196.0,5,10.88888888888889,5.722222222222222,18,1,6,0,0.3333333333333333,2.0,18.0,3.0,5.315789473684211,12.052631578947368,8.0,-2.6666666666666643,0.6,0.8,1.0,25.0,
2024,20,Mexico City Grand Prix,,Mexico City Grand Prix,norris,mclaren,3.0,,1.2000000000000002,282.0,2,14.842105263157896,4.105263157894737,19,3,11,6,0.5789473684210527,4.0,12.0,4.0,4.342105263157895,13.605263157894736,6.385964912280702,0.0,0.6,0.8,2.0,18.0,
2024,20,Mexico City Grand Prix,,Mexico City Grand Prix,leclerc,ferrari,4.0,,1.6,256.0,3,13.473684210526315,4.842105263157895,19,3,10,3,0.5263157894736842,1.0,25.0,13.0,5.315789473684211,12.052631578947368,6.517543859649122,-2.6666666666666643,0.6,0.8,3.0,16.0,
2024,20,Mexico City Grand Prix,,Mexico City Grand Prix,hamilton,mercedes,6.0,,2.4000000000000004,164.0,6,8.631578947368421,7.105263157894737,19,2,4,0,0.21052631578947367,20.0,0.0,-6.0,7.315789473684211,8.447368421052632,6.271929824561403,-2.0,0.6,0.8,4.0,12.0,
2024,20,Mexico City Grand Prix,,Mexico City Grand Prix,russell,mercedes,5.0,,2.0,157.0,7,8.263157894736842,7.526315789473684,19,1,3,2,0.15789473684210525,6.0,8.0,-2.0,7.315789473684211,8.447368421052632,7.587719298245614,-2.0,0.6,0.8,5.0,10.0,
2024,20,Mexico City Grand Prix,,Mexico City Grand Prix,max_verstappen,red_bull,2.0,,0.8,322.0,1,16.94736842105263,3.5789473684210527,19,7,12,8,0.631578947368421,3.0,15.0,-11.0,5.894736842105263,12.078947368421053,3.254385964912281,-2.333333333333332,0.6,0.8,6.0,8.0,
2024,20,Mexico City Grand Prix,,Mexico City Grand Prix,kevin_magnussen,haas,7.0,,2.8000000000000003,6.0,17,0.3333333333333333,13.88888888888889,18,0,0,0,0.0,11.0,0.0,0.0,12.578947368421053,0.868421052631579,14.363636363636363,2.0,0.6,0.8,7.0,6.0,
2024,20,Mexico City Grand Prix,,Mexico City Grand Prix,piastri,mclaren,17.0,,6.800000000000001,235.0,4,12.368421052631579,4.578947368421052,19,2,7,0,0.3684210526315789,5.0,10.0,6.0,4.342105263157895,13.605263157894736,6.628571428571429,0.0,0.6,0.8,8.0,4.0,
2024,20,Mexico City Grand Prix,,Mexico City Grand Prix,hulkenberg,haas,10.0,,4.0,26.0,10,1.368421052631579,11.473684210526315,19,0,0,0,0.0,8.0,4.0,4.0,12.578947368421053,0.868421052631579,12.98611111111111,2.0,0.6,0.8,9.0,2.0,
2024,20,Mexico City Grand Prix,,Mexico City Grand Prix,gasly,alpine,8.0,,3.2,8.0,14,0.42105263157894735,13.894736842105264,19,0,0,0,0.0,12.0,0.0,0.0,13.868421052631579,0.34210526315789475,12.052631578947368,-1.3333333333333333,0.6,0.8,10.0,1.0,
2024,20,Mexico City Grand Prix,,Mexico City Grand Prix,stroll,aston_martin,14.0,,5.6000000000000005,24.0,11,1.263157894736842,12.842105263157896,19,0,0,0,0.0,15.0,0.0,-1.0,11.289473684210526,2.263157894736842,12.410714285714286,2.333333333333333,0.6,0.8,11.0,0.0,
2024,20,Mexico City Grand Prix,,Mexico City Grand Prix,colapinto,williams,16.0,,6.4,5.0,18,1.25,10.25,4,0,0,0,0.0,10.0,1.0,1.0,14.81081081081081,0.4594594594594595,15.222222222222221,3.0,0.6,0.8,12.0,0.0,
2024,20,Mexico City Grand Prix,,Mexico City Grand Prix,ocon,alpine,,,,5.0,19,0.2631578947368421,13.842105263157896,19,0,0,0,0.0,18.0,0.0,0.0,13.868421052631579,0.34210526315789475,11.539823008849558,-1.3333333333333333,0.6,0.8,13.0,0.0,
2024,20,Mexico City Grand Prix,,Mexico City Grand Prix,bottas,sauber,15.0,,6.0,0.0,21,0.0,16.105263157894736,19,0,0,0,0.0,17.0,0.0,0.0,16.157894736842106,0.0,12.4,0.0,0.6,0.8,14.0,0.0,
2024,20,Mexico City Grand Prix,,Mexico City Grand Prix,zhou,sauber,19.0,,7.6000000000000005,0.0,22,0.0,16.210526315789473,19,0,0,0,0.0,19.0,0.0,0.0,16.157894736842106,0.0,14.647058823529411,0.0,0.6,0.8,15.0,0.0,
2024,20,Mexico City Grand Prix,,Mexico City Grand Prix,lawson,rb,12.0,,4.800000000000001,2.0,20,2.0,9.0,1,0,0,0,0.0,9.0,2.0,,13.289473684210526,0.7894736842105263,12.82857142857143,0.3333333333333333,0.6,0.8,16.0,0.0,
2024,20,Mexico City Grand Prix,,Mexico City Grand Prix,perez,red_bull,18.0,,7.2,137.0,8,7.2105263157894735,8.210526315789474,19,0,4,0,0.21052631578947367,7.0,6.0,-12.0,5.894736842105263,12.078947368421053,7.166666666666667,-2.333333333333332,0.6,0.8,17.0,0.0,
2024,20,Mexico City Grand Prix,,Mexico City Grand Prix,alonso,aston_martin,13.0,,5.2,62.0,9,3.263157894736842,9.736842105263158,19,0,0,0,0.0,13.0,0.0,-2.0,11.289473684210526,2.263157894736842,9.929824561403509,2.333333333333333,0.6,0.8,18.0,0.0,
2024,20,Mexico City Grand Prix,,Mexico City Grand Prix,albon,williams,9.0,,3.6,12.0,13,0.631578947368421,14.052631578947368,19,0,0,0,0.0,16.0,0.0,0.0,14.81081081081081,0.4594594594594595,12.956043956043956,3.0,0.6,0.8,19.0,0.0,
2024,20,Mexico City Grand Prix,,Mexico City Grand Prix,tsunoda,rb,11.0,,4.4,21.0,12,1.105263157894737,13.421052631578947,19,0,0,0,0.0,14.0,0.0,0.0,13.289473684210526,0.7894736842105263,13.324561403508772,0.3333333333333333,0.6,0.8,20.0,0.0,
2024,21,São Paulo Grand Prix,,Sao Paulo Grand Prix,max_verstappen,red_bull,17.0,,6.800000000000001,330.0,1,16.5,3.7,20,7,12,8,0.6,6.0,8.0,-18.0,6.175,11.675,3.254385964912281,0.0,0.6,0.8,1.0,26.0,
2024,21,São Paulo Grand Prix,,Sao Paulo Grand Prix,ocon,alpine,4.0,,1.6,5.0,19,0.25,13.8,20,0,0,0,0.0,13.0,0.0,0.0,13.75,0.35,11.539823008849558,-0.3333333333333333,0.6,0.8,2.0,18.0,
2024,21,São Paulo Grand Prix,,Sao Paulo Grand Prix,gasly,alpine,13.0,,5.2,9.0,15,0.45,13.7,20,0,0,0,0.0,10.0,1.0,1.0,13.75,0.35,12.052631578947368,-0.3333333333333333,0.6,0.8,3.0,15.0,
2024,21,São Paulo Grand Prix,,Sao Paulo Grand Prix,russell,mercedes,2.0,,0.8,167.0,7,8.35,7.4,20,1,3,2,0.15,5.0,10.0,0.0,7.175,8.575,7.587719298245614,2.333333333333334,0.6,0.8,4.0,12.0,
2024,21,São Paulo Grand Prix,,Sao Paulo Grand Prix,leclerc,ferrari,6.0,,2.4000000000000004,272.0,3,13.6,4.75,20,3,11,3,0.55,3.0,16.0,4.0,5.15,12.475,6.517543859649122,6.666666666666668,0.6,0.8,5.0,10.0,
2024,21,São Paulo Grand Prix,,Sao Paulo Grand Prix,norris,mclaren,1.0,,0.4,300.0,2,15.0,4.0,20,3,12,6,0.6,2.0,18.0,10.0,4.375,13.475,6.385964912280702,-8.666666666666664,0.6,0.8,6.0,8.0,
2024,21,São Paulo Grand Prix,,Sao Paulo Grand Prix,tsunoda,rb,3.0,,1.2000000000000002,21.0,12,1.05,13.75,20,0,0,0,0.0,20.0,0.0,0.0,13.525,0.75,13.324561403508772,0.6666666666666666,0.6,0.8,7.0,6.0,
2024,21,São Paulo Grand Prix,,Sao Paulo Grand Prix,piastri,mclaren,8.0,,3.2,239.0,4,11.95,4.75,20,2,7,0,0.35,8.0,4.0,0.0,4.375,13.475,6.628571428571429,-8.666666666666664,0.6,0.8,8.0,4.0,
2024,21,São Paulo Grand Prix,,Sao Paulo Grand Prix,lawson,rb,5.0,,2.0,2.0,20,1.0,12.5,2,0,0,0,0.0,16.0,0.0,-2.0,13.525,0.75,12.82857142857143,0.6666666666666666,0.6,0.8,9.0,2.0,
2024,21,São Paulo Grand Prix,,Sao Paulo Grand Prix,hamilton,mercedes,14.0,,5.6000000000000005,176.0,6,8.8,6.95,20,2,4,0,0.2,4.0,12.0,6.0,7.175,8.575,6.271929824561403,2.333333333333334,0.6,0.8,10.0,1.0,
2024,21,São Paulo Grand Prix,,Sao Paulo Grand Prix,perez,red_bull,12.0,,4.800000000000001,137.0,8,6.85,8.65,20,0,4,0,0.2,17.0,0.0,-18.0,6.175,11.675,7.166666666666667,0.0,0.6,0.8,11.0,0.0,
2024,21,São Paulo Grand Prix,,Sao Paulo Grand Prix,bearman,haas,15.0,,6.0,7.0,16,3.5,8.5,2,0,0,0,0.0,10.0,1.0,-5.0,12.35,1.025,11.555555555555555,4.0,0.6,0.8,12.0,0.0,
2024,21,São Paulo Grand Prix,,Sao Paulo Grand Prix,bottas,sauber,11.0,,4.4,0.0,21,0.0,16.0,20,0,0,0,0.0,14.0,0.0,0.0,16.075,0.0,12.4,0.0,0.6,0.8,13.0,0.0,
2024,21,São Paulo Grand Prix,,Sao Paulo Grand Prix,alonso,aston_martin,9.0,,3.6,62.0,9,3.1,10.15,20,0,0,0,0.0,18.0,0.0,-2.0,11.45,2.15,9.929824561403509,-1.6666666666666667,0.6,0.8,14.0,0.0,
2024,21,São Paulo Grand Prix,,Sao Paulo Grand Prix,zhou,sauber,19.0,,7.6000000000000005,0.0,22,0.0,16.15,20,0,0,0,0.0,15.0,0.0,0.0,16.075,0.0,14.647058823529411,0.0,0.6,0.8,15.0,0.0,
2024,21,São Paulo Grand Prix,,Sao Paulo Grand Prix,sainz,ferrari,20.0,,8.0,221.0,5,11.631578947368421,5.473684210526316,19,2,7,1,0.3684210526315789,1.0,25.0,10.0,5.15,12.475,8.0,6.666666666666668,0.6,0.8,16.0,0.0,
2024,21,São Paulo Grand Prix,,Sao Paulo Grand Prix,colapinto,williams,16.0,,6.4,5.0,18,1.0,10.6,5,0,0,0,0.0,12.0,0.0,0.0,14.846153846153847,0.4358974358974359,15.222222222222221,-3.6666666666666665,0.6,0.8,17.0,0.0,
2024,21,São Paulo Grand Prix,,Sao Paulo Grand Prix,albon,williams,7.0,,2.8000000000000003,12.0,14,0.6,14.3,20,0,0,0,0.0,19.0,0.0,0.0,14.846153846153847,0.4358974358974359,12.956043956043956,-3.6666666666666665,0.6,0.8,18.0,0.0,
2024,21,São Paulo Grand Prix,,Sao Paulo Grand Prix,stroll,aston_martin,10.0,,4.0,24.0,11,1.2,12.75,20,0,0,0,0.0,11.0,0.0,-1.0,11.45,2.15,12.410714285714286,-1.6666666666666667,0.6,0.8,19.0,0.0,
2024,21,São Paulo Grand Prix,,Sao Paulo Grand Prix,hulkenberg,haas,18.0,,7.2,28.0,10,1.4,11.35,20,0,0,0,0.0,9.0,2.0,2.0,12.35,1.025,12.98611111111111,4.0,0.6,0.8,20.0,0.0,
2024,22,Las Vegas Grand Prix,,Las Vegas Grand Prix,russell,mercedes,1.0,,0.30000000000000004,179.0,6,8.523809523809524,7.238095238095238,21,1,3,2,0.14285714285714285,4.0,12.0,2.0,7.166666666666667,8.476190476190476,7.587719298245614,-3.333333333333334,0.7,0.8,1.0,25.0,
2024,22,Las Vegas Grand Prix,,Las Vegas Grand Prix,hamilton,mercedes,10.0,,3.0000000000000004,177.0,7,8.428571428571429,7.095238095238095,21,2,4,0,0.19047619047619047,10.0,1.0,-5.0,7.166666666666667,8.476190476190476,6.271929824561403,-3.333333333333334,0.7,0.8,2.0,18.0,
2024,22,Las Vegas Grand Prix,,Las Vegas Grand Prix,sainz,ferrari,2.0,,0.6000000000000001,221.0,5,11.05,6.0,20,2,7,1,0.35,16.0,0.0,-15.0,5.404761904761905,12.119047619047619,8.0,7.666666666666664,0.7,0.8,3.0,15.0,
2024,22,Las Vegas Grand Prix,,Las Vegas Grand Prix,leclerc,ferrari,4.0,,1.2000000000000002,282.0,3,13.428571428571429,4.761904761904762,21,3,11,3,0.5238095238095238,5.0,10.0,-2.0,5.404761904761905,12.119047619047619,6.517543859649122,7.666666666666664,0.7,0.8,4.0,12.0,
2024,22,Las Vegas Grand Prix,,Las Vegas Grand Prix,max_verstappen,red_bull,5.0,,1.5000000000000002,356.0,1,16.952380952380953,3.5714285714285716,21,8,13,8,0.6190476190476191,1.0,26.0,0.0,6.166666666666667,11.738095238095237,3.254385964912281,4.666666666666666,0.7,0.8,5.0,10.0,
2024,22,Las Vegas Grand Prix,,Las Vegas Grand Prix,norris,mclaren,6.0,,1.8000000000000003,308.0,2,14.666666666666666,4.095238095238095,21,3,12,7,0.5714285714285714,6.0,8.0,0.0,4.5,13.119047619047619,6.385964912280702,-18.666666666666668,0.7,0.8,6.0,9.0,
2024,22,Las Vegas Grand Prix,,Las Vegas Grand Prix,piastri,mclaren,8.0,,2.4000000000000004,243.0,4,11.571428571428571,4.904761904761905,21,2,7,0,0.3333333333333333,8.0,4.0,0.0,4.5,13.119047619047619,6.628571428571429,-18.666666666666668,0.7,0.8,7.0,6.0,
2024,22,Las Vegas Grand Prix,,Las Vegas Grand Prix,hulkenberg,haas,9.0,,2.7,28.0,10,1.3333333333333333,11.761904761904763,21,0,0,0,0.0,20.0,0.0,0.0,12.523809523809524,0.9761904761904762,12.98611111111111,2.666666666666667,0.7,0.8,8.0,4.0,
2024,22,Las Vegas Grand Prix,,Las Vegas Grand Prix,tsunoda,rb,7.0,,2.1000000000000005,27.0,11,1.2857142857142858,13.428571428571429,21,0,0,0,0.0,7.0,6.0,6.0,13.261904761904763,0.9047619047619048,13.324561403508772,3.3333333333333335,0.7,0.8,9.0,2.0,
2024,22,Las Vegas Grand Prix,,Las Vegas Grand Prix,perez,red_bull,15.0,,4.500000000000001,137.0,8,6.523809523809524,8.761904761904763,21,0,4,0,0.19047619047619047,11.0,0.0,-18.0,6.166666666666667,11.738095238095237,7.166666666666667,4.666666666666666,0.7,0.8,10.0,1.0,
2024,22,Las Vegas Grand Prix,,Las Vegas Grand Prix,alonso,aston_martin,16.0,,4.800000000000001,62.0,9,2.9523809523809526,10.333333333333334,21,0,0,0,0.0,14.0,0.0,-2.0,11.69047619047619,2.0476190476190474,9.929824561403509,-4.0,0.7,0.8,11.0,0.0,
2024,22,Las Vegas Grand Prix,,Las Vegas Grand Prix,kevin_magnussen,haas,12.0,,3.6000000000000005,12.0,15,0.631578947368421,13.526315789473685,19,0,0,0,0.0,7.0,6.0,6.0,12.523809523809524,0.9761904761904762,14.363636363636363,2.666666666666667,0.7,0.8,12.0,0.0,
2024,22,Las Vegas Grand Prix,,Las Vegas Grand Prix,zhou,sauber,13.0,,3.9000000000000004,0.0,22,0.0,16.095238095238095,21,0,0,0,0.0,15.0,0.0,0.0,15.976190476190476,0.0,14.647058823529411,0.0,0.7,0.8,13.0,0.0,
2024,22,Las Vegas Grand Prix,,Las Vegas Grand Prix,colapinto,williams,20.0,,6.000000000000001,5.0,19,0.8333333333333334,11.666666666666666,6,0,0,0,0.0,17.0,0.0,0.0,14.975609756097562,0.4146341463414634,15.222222222222221,-3.6666666666666665,0.7,0.8,14.0,0.0,
2024,22,Las Vegas Grand Prix,,Las Vegas Grand Prix,stroll,aston_martin,18.0,,5.4,24.0,13,1.1428571428571428,13.047619047619047,21,0,0,0,0.0,19.0,0.0,-1.0,11.69047619047619,2.0476190476190474,12.410714285714286,-4.0,0.7,0.8,15.0,0.0,
2024,22,Las Vegas Grand Prix,,Las Vegas Grand Prix,lawson,rb,14.0,,4.200000000000001,4.0,20,1.3333333333333333,11.333333333333334,3,0,0,0,0.0,9.0,2.0,0.0,13.261904761904763,0.9047619047619048,12.82857142857143,3.3333333333333335,0.7,0.8,16.0,0.0,
2024,22,Las Vegas Grand Prix,,Las Vegas Grand Prix,ocon,alpine,11.0,,3.3000000000000007,23.0,14,1.0952380952380953,13.238095238095237,21,0,1,0,0.047619047619047616,2.0,18.0,18.0,13.214285714285714,1.119047619047619,11.539823008849558,11.333333333333334,0.7,0.8,17.0,0.0,
2024,22,Las Vegas Grand Prix,,Las Vegas Grand Prix,bottas,sauber,19.0,,5.700000000000001,0.0,21,0.0,15.857142857142858,21,0,0,0,0.0,13.0,0.0,0.0,15.976190476190476,0.0,12.4,0.0,0.7,0.8,18.0,0.0,
2024,22,Las Vegas Grand Prix,,Las Vegas Grand Prix,albon,williams,17.0,,5.1000000000000005,12.0,16,0.5714285714285714,14.476190476190476,21,0,0,0,0.0,18.0,0.0,0.0,14.975609756097562,0.4146341463414634,12.956043956043956,-3.6666666666666665,0.7,0.8,19.0,0.0,
2024,22,Las Vegas Grand Prix,,Las Vegas Grand Prix,gasly,alpine,3.0,,0.9000000000000001,24.0,12,1.1428571428571428,13.19047619047619,21,0,1,0,0.047619047619047616,3.0,15.0,15.0,13.214285714285714,1.119047619047619,12.052631578947368,11.333333333333334,0.7,0.8,20.0,0.0,
2024,23,Qatar Grand Prix,,Qatar Grand Prix,max_verstappen,red_bull,2.0,,1.0,366.0,1,16.636363636363637,3.6363636363636362,22,8,13,8,0.5909090909090909,5.0,10.0,-16.0,6.2272727272727275,11.454545454545455,3.254385964912281,-1.6666666666666679,0.5,0.8,1.0,25.0,
2024,23,Qatar Grand Prix,,Qatar Grand Prix,leclerc,ferrari,5.0,,2.5,294.0,3,13.363636363636363,4.7272727272727275,22,3,11,3,0.5,4.0,12.0,0.0,5.318181818181818,12.181818181818182,6.517543859649122,0.33333333333333215,0.5,0.8,2.0,18.0,
2024,23,Qatar Grand Prix,,Qatar Grand Prix,piastri,mclaren,4.0,,2.0,249.0,4,11.318181818181818,5.0,22,2,7,0,0.3181818181818182,7.0,6.0,2.0,4.590909090909091,12.863636363636363,6.628571428571429,-17.000000000000004,0.5,0.8,3.0,15.0,
2024,23,Qatar Grand Prix,,Qatar Grand Prix,russell,mercedes,1.0,,0.5,204.0,6,9.272727272727273,6.954545454545454,22,2,4,3,0.18181818181818182,1.0,25.0,15.0,6.909090909090909,9.068181818181818,7.587719298245614,11.0,0.5,0.8,4.0,12.0,
2024,23,Qatar Grand Prix,,Qatar Grand Prix,gasly,alpine,11.0,,5.5,24.0,12,1.0909090909090908,13.5,22,0,1,0,0.045454545454545456,20.0,0.0,0.0,13.454545454545455,1.0681818181818181,12.052631578947368,11.333333333333334,0.5,0.8,5.0,10.0,
2024,23,Qatar Grand Prix,,Qatar Grand Prix,sainz,ferrari,7.0,,3.5,236.0,5,11.238095238095237,5.857142857142857,21,2,8,1,0.38095238095238093,3.0,15.0,0.0,5.318181818181818,12.181818181818182,8.0,0.33333333333333215,0.5,0.8,6.0,8.0,
2024,23,Qatar Grand Prix,,Qatar Grand Prix,alonso,aston_martin,8.0,,4.0,62.0,9,2.8181818181818183,10.363636363636363,22,0,0,0,0.0,11.0,0.0,-2.0,11.75,1.9545454545454546,9.929824561403509,-4.0,0.5,0.8,7.0,6.0,
2024,23,Qatar Grand Prix,,Qatar Grand Prix,zhou,sauber,12.0,,6.0,0.0,22,0.0,15.954545454545455,22,0,0,0,0.0,13.0,0.0,0.0,15.954545454545455,0.0,14.647058823529411,0.0,0.5,0.8,8.0,4.0,
2024,23,Qatar Grand Prix,,Qatar Grand Prix,kevin_magnussen,haas,10.0,,5.0,12.0,15,0.6,13.45,20,0,0,0,0.0,12.0,0.0,0.0,12.409090909090908,1.0227272727272727,14.363636363636363,1.6666666666666665,0.5,0.8,9.0,2.0,
2024,23,Qatar Grand Prix,,Qatar Grand Prix,norris,mclaren,3.0,,1.5,317.0,2,14.409090909090908,4.181818181818182,22,3,12,7,0.5454545454545454,6.0,9.0,1.0,4.590909090909091,12.863636363636363,6.385964912280702,-17.000000000000004,0.5,0.8,10.0,2.0,
2024,23,Qatar Grand Prix,,Qatar Grand Prix,bottas,sauber,13.0,,6.5,0.0,21,0.0,15.954545454545455,22,0,0,0,0.0,18.0,0.0,0.0,15.954545454545455,0.0,12.4,0.0,0.5,0.8,11.0,0.0,
2024,23,Qatar Grand Prix,,Qatar Grand Prix,hamilton,mercedes,6.0,,3.0,195.0,7,8.863636363636363,6.863636363636363,22,2,5,0,0.22727272727272727,2.0,18.0,12.0,6.909090909090909,9.068181818181818,6.271929824561403,11.0,0.5,0.8,12.0,0.0,
2024,23,Qatar Grand Prix,,Qatar Grand Prix,tsunoda,rb,14.0,,7.0,29.0,11,1.3181818181818181,13.227272727272727,22,0,0,0,0.0,9.0,2.0,2.0,13.227272727272727,0.9090909090909091,13.324561403508772,2.666666666666667,0.5,0.8,13.0,0.0,
2024,23,Qatar Grand Prix,,Qatar Grand Prix,lawson,rb,17.0,,8.5,4.0,20,1.0,12.5,4,0,0,0,0.0,16.0,0.0,-2.0,13.227272727272727,0.9090909090909091,12.82857142857143,2.666666666666667,0.5,0.8,14.0,0.0,
2024,23,Qatar Grand Prix,,Qatar Grand Prix,albon,williams,16.0,,8.0,12.0,16,0.5454545454545454,14.681818181818182,22,0,0,0,0.0,19.0,0.0,0.0,15.046511627906977,0.3953488372093023,12.956043956043956,-3.6666666666666665,0.5,0.8,15.0,0.0,
2024,23,Qatar Grand Prix,,Qatar Grand Prix,hulkenberg,haas,18.0,,9.0,32.0,10,1.4545454545454546,11.590909090909092,22,0,0,0,0.0,8.0,4.0,4.0,12.409090909090908,1.0227272727272727,12.98611111111111,1.6666666666666665,0.5,0.8,16.0,0.0,
2024,23,Qatar Grand Prix,,Qatar Grand Prix,perez,red_bull,9.0,,4.5,138.0,8,6.2727272727272725,8.818181818181818,22,0,4,0,0.18181818181818182,10.0,1.0,-17.0,6.2272727272727275,11.454545454545455,7.166666666666667,-1.6666666666666679,0.5,0.8,17.0,0.0,
2024,23,Qatar Grand Prix,,Qatar Grand Prix,stroll,aston_martin,15.0,,7.5,24.0,13,1.0909090909090908,13.136363636363637,22,0,0,0,0.0,15.0,0.0,-1.0,11.75,1.9545454545454546,12.410714285714286,-4.0,0.5,0.8,18.0,0.0,
2024,23,Qatar Grand Prix,,Qatar Grand Prix,colapinto,williams,19.0,,9.5,5.0,19,0.7142857142857143,12.0,7,0,0,0,0.0,14.0,0.0,0.0,15.046511627906977,0.3953488372093023,15.222222222222221,-3.6666666666666665,0.5,0.8,19.0,0.0,
2024,23,Qatar Grand Prix,,Qatar Grand Prix,ocon,alpine,20.0,,10.0,23.0,14,1.0454545454545454,13.409090909090908,22,0,1,0,0.045454545454545456,17.0,0.0,0.0,13.454545454545455,1.0681818181818181,11.539823008849558,11.333333333333334,0.5,0.8,20.0,0.0,
2024,24,Abu Dhabi Grand Prix,,Abu Dhabi Grand Prix,norris,mclaren,1.0,,0.5,319.0,2,13.869565217391305,4.434782608695652,23,3,12,7,0.5217391304347826,10.0,2.0,-6.0,4.673913043478261,12.673913043478262,6.385964912280702,-13.333333333333334,0.5,0.8,1.0,25.0,
2024,24,Abu Dhabi Grand Prix,,Abu Dhabi Grand Prix,sainz,ferrari,3.0,,1.5,244.0,5,11.090909090909092,5.863636363636363,22,2,8,1,0.36363636363636365,6.0,8.0,-7.0,5.260869565217392,12.217391304347826,8.0,-12.333333333333336,0.5,0.8,2.0,18.0,
2024,24,Abu Dhabi Grand Prix,,Abu Dhabi Grand Prix,leclerc,ferrari,19.0,,9.5,312.0,3,13.565217391304348,4.608695652173913,23,3,12,3,0.5217391304347826,2.0,18.0,6.0,5.260869565217392,12.217391304347826,6.517543859649122,-12.333333333333336,0.5,0.8,3.0,15.0,
2024,24,Abu Dhabi Grand Prix,,Abu Dhabi Grand Prix,hamilton,mercedes,16.0,,8.0,195.0,7,8.478260869565217,7.086956521739131,23,2,5,0,0.21739130434782608,12.0,0.0,-6.0,6.956521739130435,8.934782608695652,6.271929824561403,6.0,0.5,0.8,4.0,12.0,
2024,24,Abu Dhabi Grand Prix,,Abu Dhabi Grand Prix,russell,mercedes,6.0,,3.0,216.0,6,9.391304347826088,6.826086956521739,23,2,4,4,0.17391304347826086,4.0,12.0,2.0,6.956521739130435,8.934782608695652,7.587719298245614,6.0,0.5,0.8,5.0,10.0,
2024,24,Abu Dhabi Grand Prix,,Abu Dhabi Grand Prix,max_verstappen,red_bull,4.0,,2.0,391.0,1,17.0,3.5217391304347827,23,9,14,8,0.6086956521739131,1.0,25.0,-1.0,6.3478260869565215,11.5,3.254385964912281,4.666666666666668,0.5,0.8,6.0,8.0,
2024,24,Abu Dhabi Grand Prix,,Abu Dhabi Grand Prix,gasly,alpine,5.0,,2.5,34.0,10,1.4782608695652173,13.130434782608695,23,0,1,0,0.043478260869565216,5.0,10.0,10.0,13.41304347826087,1.2391304347826086,12.052631578947368,14.0,0.5,0.8,7.0,6.0,
2024,24,Abu Dhabi Grand Prix,,Abu Dhabi Grand Prix,hulkenberg,haas,7.0,,3.5,32.0,11,1.391304347826087,11.782608695652174,23,0,0,0,0.0,16.0,0.0,0.0,12.41304347826087,1.0217391304347827,12.98611111111111,-2.666666666666667,0.5,0.8,8.0,4.0,
2024,24,Abu Dhabi Grand Prix,,Abu Dhabi Grand Prix,alonso,aston_martin,8.0,,4.0,68.0,9,2.9565217391304346,10.217391304347826,23,0,0,0,0.0,7.0,6.0,4.0,11.782608695652174,2.0,9.929824561403509,0.6666666666666667,0.5,0.8,9.0,2.0,
2024,24,Abu Dhabi Grand Prix,,Abu Dhabi Grand Prix,piastri,mclaren,2.0,,1.0,264.0,4,11.478260869565217,4.913043478260869,23,2,8,0,0.34782608695652173,3.0,15.0,11.0,4.673913043478261,12.673913043478262,6.628571428571429,-13.333333333333334,0.5,0.8,10.0,1.0,
2024,24,Abu Dhabi Grand Prix,,Abu Dhabi Grand Prix,albon,williams,18.0,,9.0,12.0,16,0.5217391304347826,14.695652173913043,23,0,0,0,0.0,15.0,0.0,0.0,15.133333333333333,0.37777777777777777,12.956043956043956,-0.3333333333333333,0.5,0.8,11.0,0.0,
2024,24,Abu Dhabi Grand Prix,,Abu Dhabi Grand Prix,tsunoda,rb,11.0,,5.5,29.0,12,1.2608695652173914,13.217391304347826,23,0,0,0,0.0,13.0,0.0,0.0,13.23913043478261,0.8695652173913043,13.324561403508772,2.666666666666667,0.5,0.8,12.0,0.0,
2024,24,Abu Dhabi Grand Prix,,Abu Dhabi Grand Prix,zhou,sauber,15.0,,7.5,4.0,21,0.17391304347826086,15.608695652173912,23,0,0,0,0.0,8.0,4.0,4.0,15.673913043478262,0.08695652173913043,14.647058823529411,1.3333333333333333,0.5,0.8,13.0,0.0,
2024,24,Abu Dhabi Grand Prix,,Abu Dhabi Grand Prix,stroll,aston_martin,13.0,,6.5,24.0,13,1.0434782608695652,13.347826086956522,23,0,0,0,0.0,18.0,0.0,-1.0,11.782608695652174,2.0,12.410714285714286,0.6666666666666667,0.5,0.8,14.0,0.0,
2024,24,Abu Dhabi Grand Prix,,Abu Dhabi Grand Prix,doohan,alpine,17.0,,8.5,0.0,999,,,0,0,0,0,,,,,13.41304347826087,1.2391304347826086,16.142857142857142,14.0,0.5,0.8,15.0,0.0,
2024,24,Abu Dhabi Grand Prix,,Abu Dhabi Grand Prix,kevin_magnussen,haas,14.0,,7.0,14.0,15,0.6666666666666666,13.238095238095237,21,0,0,0,0.0,9.0,2.0,2.0,12.41304347826087,1.0217391304347827,14.363636363636363,-2.666666666666667,0.5,0.8,16.0,0.0,
2024,24,Abu Dhabi Grand Prix,,Abu Dhabi Grand Prix,lawson,rb,12.0,,6.0,4.0,20,0.8,12.8,5,0,0,0,0.0,14.0,0.0,-2.0,13.23913043478261,0.8695652173913043,12.82857142857143,2.666666666666667,0.5,0.8,17.0,0.0,
2024,24,Abu Dhabi Grand Prix,,Abu Dhabi Grand Prix,bottas,sauber,9.0,,4.5,0.0,22,0.0,15.73913043478261,23,0,0,0,0.0,11.0,0.0,0.0,15.673913043478262,0.08695652173913043,12.4,1.3333333333333333,0.5,0.8,18.0,0.0,
2024,24,Abu Dhabi Grand Prix,,Abu Dhabi Grand Prix,colapinto,williams,20.0,,10.0,5.0,19,0.625,12.875,8,0,0,0,0.0,19.0,0.0,0.0,15.133333333333333,0.37777777777777777,15.222222222222221,-0.3333333333333333,0.5,0.8,19.0,0.0,
2024,24,Abu Dhabi Grand Prix,,Abu Dhabi Grand Prix,perez,red_bull,10.0,,5.0,138.0,8,6.0,9.173913043478262,23,0,4,0,0.17391304347826086,17.0,0.0,-18.0,6.3478260869565215,11.5,7.166666666666667,4.666666666666668,0.5,0.8,20.0,0.0,
2025,1,Australian Grand Prix,,Australian Grand Prix,norris,mclaren,1.0,,0.4,0.0,999,,,0,0,0,0,,,,,,,6.385964912280702,,0.6,1.0,1.0,25.0,
2025,1,Australian Grand Prix,,Australian Grand Prix,max_verstappen,red_bull,3.0,,1.2000000000000002,0.0,999,,,0,0,0,0,,,,,,,3.254385964912281,,0.6,1.0,2.0,18.0,
2025,1,Australian Grand Prix,,Australian Grand Prix,russell,mercedes,4.0,,1.6,0.0,999,,,0,0,0,0,,,,,,,7.587719298245614,,0.6,1.0,3.0,15.0,
2025,1,Australian Grand Prix,,Australian Grand Prix,antonelli,mercedes,16.0,,6.4,0.0,999,,,0,0,0,0,,,,,,,9.833333333333334,,0.6,1.0,4.0,12.0,
2025,1,Australian Grand Prix,,Australian Grand Prix,albon,williams,6.0,,2.4000000000000004,0.0,999,,,0,0,0,0,,,,,,,12.956043956043956,,0.6,1.0,5.0,10.0,
2025,1,Australian Grand Prix,,Australian Grand Prix,stroll,aston_martin,13.0,,5.2,0.0,999,,,0,0,0,0,,,,,,,12.410714285714286,,0.6,1.0,6.0,8.0,
2025,1,Australian Grand Prix,,Australian Grand Prix,hulkenberg,sauber,17.0,,6.800000000000001,0.0,999,,,0,0,0,0,,,,,,,12.98611111111111,,0.6,1.0,7.0,6.0,
2025,1,Australian Grand Prix,,Australian Grand Prix,leclerc,ferrari,7.0,,2.8000000000000003,0.0,999,,,0,0,0,0,,,,,,,6.517543859649122,,0.6,1.0,8.0,4.0,
2025,1,Australian Grand Prix,,Australian Grand Prix,piastri,mclaren,2.0,,0.8,0.0,999,,,0,0,0,0,,,,,,,6.628571428571429,,0.6,1.0,9.0,2.0,
2025,1,Australian Grand Prix,,Australian Grand Prix,hamilton,ferrari,8.0,,3.2,0.0,999,,,0,0,0,0,,,,,,,6.271929824561403,,0.6,1.0,10.0,1.0,
2025,1,Australian Grand Prix,,Australian Grand Prix,gasly,alpine,9.0,,3.6,0.0,999,,,0,0,0,0,,,,,,,12.052631578947368,,0.6,1.0,11.0,0.0,
2025,1,Australian Grand Prix,,Australian Grand Prix,tsunoda,rb,5.0,,2.0,0.0,999,,,0,0,0,0,,,,,,,13.324561403508772,,0.6,1.0,12.0,0.0,
2025,1,Australian Grand Prix,,Australian Grand Prix,ocon,haas,19.0,,7.6000000000000005,0.0,999,,,0,0,0,0,,,,,,,11.539823008849558,,0.6,1.0,13.0,0.0,
2025,1,Australian Grand Prix,,Australian Grand Prix,bearman,haas,20.0,,8.0,0.0,999,,,0,0,0,0,,,,,,,11.555555555555555,,0.6,1.0,14.0,0.0,
2025,1,Australian Grand Prix,,Australian Grand Prix,lawson,red_bull,18.0,,7.2,0.0,999,,,0,0,0,0,,,,,,,12.82857142857143,,0.6,1.0,15.0,0.0,
2025,1,Australian Grand Prix,,Australian Grand Prix,bortoleto,sauber,15.0,,6.0,0.0,999,,,0,0,0,0,,,,,,,14.25,,0.6,1.0,16.0,0.0,
2025,1,Australian Grand Prix,,Australian Grand Prix,alonso,aston_martin,12.0,,4.800000000000001,0.0,999,,,0,0,0,0,,,,,,,9.929824561403509,,0.6,1.0,17.0,0.0,
2025,1,Australian Grand Prix,,Australian Grand Prix,sainz,williams,10.0,,4.0,0.0,999,,,0,0,0,0,,,,,,,8.0,,0.6,1.0,18.0,0.0,
2025,1,Australian Grand Prix,,Australian Grand Prix,doohan,alpine,14.0,,5.6000000000000005,0.0,999,,,0,0,0,0,,,,,,,16.142857142857142,,0.6,1.0,19.0,0.0,
2025,1,Australian Grand Prix,,Australian Grand Prix,hadjar,rb,11.0,,4.4,0.0,999,,,0,0,0,0,,,,,,,11.791666666666666,,0.6,1.0,20.0,0.0,
2025,2,Chinese Grand Prix,,Chinese Grand Prix,piastri,mclaren,1.0,,0.30000000000000004,2.0,9,2.0,9.0,1,0,0,0,0.0,9.0,2.0,,5.0,13.5,6.628571428571429,,0.7,1.0,1.0,25.0,
2025,2,Chinese Grand Prix,,Chinese Grand Prix,norris,mclaren,3.0,,0.9000000000000001,25.0,1,25.0,1.0,1,1,1,1,1.0,1.0,25.0,,5.0,13.5,6.385964912280702,,0.7,1.0,2.0,18.0,
2025,2,Chinese Grand Prix,,Chinese Grand Prix,russell,mercedes,2.0,,0.6000000000000001,15.0,3,15.0,3.0,1,0,1,0,1.0,3.0,15.0,,3.5,13.5,7.587719298245614,,0.7,1.0,3.0,15.0,
2025,2,Chinese Grand Prix,,Chinese Grand Prix,max_verstappen,red_bull,4.0,,1.2000000000000002,18.0,2,18.0,2.0,1,0,1,0,1.0,2.0,18.0,,8.5,9.0,3.254385964912281,,0.7,1.0,4.0,12.0,
2025,2,Chinese Grand Prix,,Chinese Grand Prix,ocon,haas,11.0,,3.3000000000000007,0.0,13,0.0,13.0,1,0,0,0,0.0,13.0,0.0,,13.5,0.0,11.539823008849558,,0.7,1.0,5.0,10.0,
2025,2,Chinese Grand Prix,,Chinese Grand Prix,antonelli,mercedes,8.0,,2.4000000000000004,12.0,4,12.0,4.0,1,0,0,0,0.0,4.0,12.0,,3.5,13.5,9.833333333333334,,0.7,1.0,6.0,8.0,
2025,2,Chinese Grand Prix,,Chinese Grand Prix,albon,williams,10.0,,3.0000000000000004,10.0,5,10.0,5.0,1,0,0,0,0.0,5.0,10.0,,11.5,5.0,12.956043956043956,,0.7,1.0,7.0,6.0,
2025,2,Chinese Grand Prix,,Chinese Grand Prix,bearman,haas,17.0,,5.1000000000000005,0.0,14,0.0,14.0,1,0,0,0,0.0,14.0,0.0,,13.5,0.0,11.555555555555555,,0.7,1.0,8.0,4.0,
2025,2,Chinese Grand Prix,,Chinese Grand Prix,stroll,aston_martin,14.0,,4.200000000000001,8.0,6,8.0,6.0,1,0,0,0,0.0,6.0,8.0,,11.5,4.0,12.410714285714286,,0.7,1.0,9.0,2.0,
2025,2,Chinese Grand Prix,,Chinese Grand Prix,sainz,williams,15.0,,4.500000000000001,0.0,18,0.0,18.0,1,0,0,0,0.0,18.0,0.0,,11.5,5.0,8.0,,0.7,1.0,10.0,1.0,
2025,2,Chinese Grand Prix,,Chinese Grand Prix,hadjar,rb,7.0,,2.1000000000000005,0.0,20,0.0,20.0,1,0,0,0,0.0,20.0,0.0,,16.0,0.0,11.791666666666666,,0.7,1.0,11.0,0.0,
2025,2,Chinese Grand Prix,,Chinese Grand Prix,lawson,red_bull,20.0,,6.000000000000001,0.0,15,0.0,15.0,1,0,0,0,0.0,15.0,0.0,,8.5,9.0,12.82857142857143,,0.7,1.0,12.0,0.0,
2025,2,Chinese Grand Prix,,Chinese Grand Prix,doohan,alpine,18.0,,5.4,0.0,19,0.0,19.0,1,0,0,0,0.0,19.0,0.0,,15.0,0.0,16.142857142857142,,0.7,1.0,13.0,0.0,
2025,2,Chinese Grand Prix,,Chinese Grand Prix,bortoleto,sauber,19.0,,5.700000000000001,0.0,16,0.0,16.0,1,0,0,0,0.0,16.0,0.0,,11.5,3.0,14.25,,0.7,1.0,14.0,0.0,
2025,2,Chinese Grand Prix,,Chinese Grand Prix,hulkenberg,sauber,12.0,,3.6000000000000005,6.0,7,6.0,7.0,1,0,0,0,0.0,7.0,6.0,,11.5,3.0,12.98611111111111,,0.7,1.0,15.0,0.0,
2025,2,Chinese Grand Prix,,Chinese Grand Prix,tsunoda,rb,9.0,,2.7,0.0,12,0.0,12.0,1,0,0,0,0.0,12.0,0.0,,16.0,0.0,13.324561403508772,,0.7,1.0,16.0,0.0,
2025,2,Chinese Grand Prix,,Chinese Grand Prix,alonso,aston_martin,13.0,,3.9000000000000004,0.0,17,0.0,17.0,1,0,0,0,0.0,17.0,0.0,,11.5,4.0,9.929824561403509,,0.7,1.0,17.0,0.0,
2025,2,Chinese Grand Prix,,Chinese Grand Prix,leclerc,ferrari,6.0,,1.8000000000000003,4.0,8,4.0,8.0,1,0,0,0,0.0,8.0,4.0,,9.0,2.5,6.517543859649122,,0.7,1.0,18.0,0.0,
2025,2,Chinese Grand Prix,,Chinese Grand Prix,hamilton,ferrari,5.0,,1.5000000000000002,1.0,10,1.0,10.0,1,0,0,0,0.0,10.0,1.0,,9.0,2.5,6.271929824561403,,0.7,1.0,19.0,0.0,
2025,2,Chinese Grand Prix,,Chinese Grand Prix,gasly,alpine,16.0,,4.800000000000001,0.0,11,0.0,11.0,1,0,0,0,0.0,11.0,0.0,,15.0,0.0,12.052631578947368,,0.7,1.0,20.0,0.0,
2025,3,Japanese Grand Prix,,Japanese Grand Prix,max_verstappen,red_bull,1.0,,0.6,30.0,3,15.0,3.0,2,0,1,0,0.5,4.0,12.0,-6.0,8.25,7.5,3.254385964912281,15.0,0.4,1.0,1.0,25.0,
2025,3,Japanese Grand Prix,,Japanese Grand Prix,norris,mclaren,2.0,,1.2,43.0,1,21.5,1.5,2,1,2,1,1.0,2.0,18.0,-7.0,3.25,17.5,6.385964912280702,35.0,0.4,1.0,2.0,18.0,
2025,3,Japanese Grand Prix,,Japanese Grand Prix,piastri,mclaren,3.0,,1.7999999999999998,27.0,4,13.5,5.0,2,1,1,1,0.5,1.0,25.0,23.0,3.25,17.5,6.628571428571429,35.0,0.4,1.0,3.0,15.0,
2025,3,Japanese Grand Prix,,Japanese Grand Prix,leclerc,ferrari,4.0,,2.4,4.0,11,2.0,13.0,2,0,0,0,0.0,18.0,0.0,-4.0,13.75,1.25,6.517543859649122,2.5,0.4,1.0,4.0,12.0,
2025,3,Japanese Grand Prix,,Japanese Grand Prix,russell,mercedes,5.0,,3.0,30.0,2,15.0,3.0,2,0,2,0,1.0,3.0,15.0,0.0,4.0,12.5,7.587719298245614,25.0,0.4,1.0,5.0,10.0,
2025,3,Japanese Grand Prix,,Japanese Grand Prix,antonelli,mercedes,6.0,,3.5999999999999996,20.0,5,10.0,5.0,2,0,0,0,0.0,6.0,8.0,-4.0,4.0,12.5,9.833333333333334,25.0,0.4,1.0,6.0,8.0,
2025,3,Japanese Grand Prix,,Japanese Grand Prix,hamilton,ferrari,8.0,,4.8,1.0,13,0.5,14.5,2,0,0,0,0.0,19.0,0.0,-1.0,13.75,1.25,6.271929824561403,2.5,0.4,1.0,7.0,6.0,
2025,3,Japanese Grand Prix,,Japanese Grand Prix,hadjar,rb,7.0,,4.2,0.0,18,0.0,15.5,2,0,0,0,0.0,11.0,0.0,0.0,14.75,0.0,11.791666666666666,0.0,0.4,1.0,8.0,4.0,
2025,3,Japanese Grand Prix,,Japanese Grand Prix,albon,williams,9.0,,5.3999999999999995,16.0,6,8.0,6.0,2,0,0,0,0.0,7.0,6.0,-4.0,10.0,4.25,12.956043956043956,8.5,0.4,1.0,9.0,2.0,
2025,3,Japanese Grand Prix,,Japanese Grand Prix,bearman,haas,10.0,,6.0,4.0,10,2.0,11.0,2,0,0,0,0.0,8.0,4.0,4.0,10.0,3.5,11.555555555555555,7.0,0.4,1.0,10.0,1.0,
2025,3,Japanese Grand Prix,,Japanese Grand Prix,alonso,aston_martin,12.0,,7.199999999999999,0.0,20,0.0,17.0,2,0,0,0,0.0,17.0,0.0,0.0,12.25,2.5,9.929824561403509,5.0,0.4,1.0,11.0,0.0,
2025,3,Japanese Grand Prix,,Japanese Grand Prix,tsunoda,red_bull,14.0,,8.4,0.0,15,0.0,14.0,2,0,0,0,0.0,16.0,0.0,0.0,8.25,7.5,13.324561403508772,15.0,0.4,1.0,12.0,0.0,
2025,3,Japanese Grand Prix,,Japanese Grand Prix,gasly,alpine,11.0,,6.6,0.0,17,0.0,15.5,2,0,0,0,0.0,20.0,0.0,0.0,15.75,0.0,12.052631578947368,0.0,0.4,1.0,13.0,0.0,
2025,3,Japanese Grand Prix,,Japanese Grand Prix,sainz,williams,15.0,,9.0,1.0,12,0.5,14.0,2,0,0,0,0.0,10.0,1.0,1.0,10.0,4.25,8.0,8.5,0.4,1.0,14.0,0.0,
2025,3,Japanese Grand Prix,,Japanese Grand Prix,doohan,alpine,19.0,,11.4,0.0,19,0.0,16.0,2,0,0,0,0.0,13.0,0.0,0.0,15.75,0.0,16.142857142857142,0.0,0.4,1.0,15.0,0.0,
2025,3,Japanese Grand Prix,,Japanese Grand Prix,hulkenberg,sauber,16.0,,9.6,6.0,9,3.0,11.0,2,0,0,0,0.0,15.0,0.0,-6.0,13.0,1.5,12.98611111111111,3.0,0.4,1.0,16.0,0.0,
2025,3,Japanese Grand Prix,,Japanese Grand Prix,lawson,rb,13.0,,7.8,0.0,14,0.0,13.5,2,0,0,0,0.0,12.0,0.0,0.0,14.75,0.0,12.82857142857143,0.0,0.4,1.0,17.0,0.0,
2025,3,Japanese Grand Prix,,Japanese Grand Prix,ocon,haas,18.0,,10.799999999999999,10.0,8,5.0,9.0,2,0,0,0,0.0,5.0,10.0,10.0,10.0,3.5,11.539823008849558,7.0,0.4,1.0,18.0,0.0,
2025,3,Japanese Grand Prix,,Japanese Grand Prix,bortoleto,sauber,17.0,,10.2,0.0,16,0.0,15.0,2,0,0,0,0.0,14.0,0.0,0.0,13.0,1.5,14.25,3.0,0.4,1.0,19.0,0.0,
2025,3,Japanese Grand Prix,,Japanese Grand Prix,stroll,aston_martin,20.0,,12.0,10.0,7,5.0,7.5,2,0,0,0,0.0,9.0,2.0,-6.0,12.25,2.5,12.410714285714286,5.0,0.4,1.0,20.0,0.0,
2025,4,Bahrain Grand Prix,,Bahrain Grand Prix,piastri,mclaren,1.0,,0.19999999999999996,42.0,3,14.0,4.333333333333333,3,1,2,1,0.6666666666666666,3.0,15.0,13.0,3.0,17.166666666666668,6.628571428571429,34.333333333333336,0.8,1.0,1.0,25.0,
2025,4,Bahrain Grand Prix,,Bahrain Grand Prix,russell,mercedes,3.0,,0.5999999999999999,40.0,4,13.333333333333334,3.6666666666666665,3,0,2,0,0.6666666666666666,5.0,10.0,-5.0,4.5,11.333333333333334,7.587719298245614,22.666666666666668,0.8,1.0,2.0,18.0,
2025,4,Bahrain Grand Prix,,Bahrain Grand Prix,norris,mclaren,6.0,,1.1999999999999997,61.0,1,20.333333333333332,1.6666666666666667,3,1,3,1,1.0,2.0,18.0,-7.0,3.0,17.166666666666668,6.385964912280702,34.333333333333336,0.8,1.0,3.0,15.0,
2025,4,Bahrain Grand Prix,,Bahrain Grand Prix,leclerc,ferrari,2.0,,0.3999999999999999,16.0,7,5.333333333333333,10.0,3,0,0,0,0.0,4.0,12.0,8.0,11.0,3.8333333333333335,6.517543859649122,7.666666666666667,0.8,1.0,4.0,12.0,
2025,4,Bahrain Grand Prix,,Bahrain Grand Prix,hamilton,ferrari,9.0,,1.7999999999999996,7.0,10,2.3333333333333335,12.0,3,0,0,0,0.0,7.0,6.0,5.0,11.0,3.8333333333333335,6.271929824561403,7.666666666666667,0.8,1.0,5.0,10.0,
2025,4,Bahrain Grand Prix,,Bahrain Grand Prix,max_verstappen,red_bull,7.0,,1.3999999999999997,55.0,2,18.333333333333332,2.3333333333333335,3,1,2,1,0.6666666666666666,1.0,25.0,7.0,7.666666666666667,9.166666666666666,3.254385964912281,18.333333333333332,0.8,1.0,6.0,8.0,
2025,4,Bahrain Grand Prix,,Bahrain Grand Prix,gasly,alpine,4.0,,0.7999999999999998,0.0,16,0.0,14.666666666666666,3,0,0,0,0.0,13.0,0.0,0.0,15.166666666666666,0.0,12.052631578947368,0.0,0.8,1.0,7.0,6.0,
2025,4,Bahrain Grand Prix,,Bahrain Grand Prix,ocon,haas,14.0,,2.7999999999999994,10.0,9,3.3333333333333335,12.0,3,0,0,0,0.0,18.0,0.0,0.0,11.333333333333334,2.5,11.539823008849558,5.0,0.8,1.0,8.0,4.0,
2025,4,Bahrain Grand Prix,,Bahrain Grand Prix,tsunoda,red_bull,10.0,,1.9999999999999996,0.0,15,0.0,13.333333333333334,3,0,0,0,0.0,12.0,0.0,0.0,7.666666666666667,9.166666666666666,13.324561403508772,18.333333333333332,0.8,1.0,9.0,2.0,
2025,4,Bahrain Grand Prix,,Bahrain Grand Prix,bearman,haas,20.0,,3.999999999999999,5.0,12,1.6666666666666667,10.666666666666666,3,0,0,0,0.0,10.0,1.0,1.0,11.333333333333334,2.5,11.555555555555555,5.0,0.8,1.0,10.0,1.0,
2025,4,Bahrain Grand Prix,,Bahrain Grand Prix,antonelli,mercedes,5.0,,0.9999999999999998,28.0,5,9.333333333333334,5.333333333333333,3,0,0,0,0.0,6.0,8.0,-4.0,4.5,11.333333333333334,9.833333333333334,22.666666666666668,0.8,1.0,11.0,0.0,
2025,4,Bahrain Grand Prix,,Bahrain Grand Prix,albon,williams,15.0,,2.999999999999999,18.0,6,6.0,7.0,3,0,0,0,0.0,9.0,2.0,-8.0,10.5,3.1666666666666665,12.956043956043956,6.333333333333333,0.8,1.0,12.0,0.0,
2025,4,Bahrain Grand Prix,,Bahrain Grand Prix,hadjar,rb,12.0,,2.3999999999999995,4.0,13,1.3333333333333333,13.0,3,0,0,0,0.0,8.0,4.0,4.0,14.0,0.6666666666666666,11.791666666666666,1.3333333333333333,0.8,1.0,13.0,0.0,
2025,4,Bahrain Grand Prix,,Bahrain Grand Prix,doohan,alpine,11.0,,2.1999999999999993,0.0,19,0.0,15.666666666666666,3,0,0,0,0.0,15.0,0.0,0.0,15.166666666666666,0.0,16.142857142857142,0.0,0.8,1.0,14.0,0.0,
2025,4,Bahrain Grand Prix,,Bahrain Grand Prix,alonso,aston_martin,13.0,,2.5999999999999996,0.0,18,0.0,15.0,3,0,0,0,0.0,11.0,0.0,0.0,13.333333333333334,1.6666666666666667,9.929824561403509,3.3333333333333335,0.8,1.0,15.0,0.0,
2025,4,Bahrain Grand Prix,,Bahrain Grand Prix,lawson,rb,17.0,,3.3999999999999995,0.0,17,0.0,14.666666666666666,3,0,0,0,0.0,17.0,0.0,0.0,14.0,0.6666666666666666,12.82857142857143,1.3333333333333333,0.8,1.0,16.0,0.0,
2025,4,Bahrain Grand Prix,,Bahrain Grand Prix,stroll,aston_martin,19.0,,3.799999999999999,10.0,8,3.3333333333333335,11.666666666666666,3,0,0,0,0.0,20.0,0.0,-8.0,13.333333333333334,1.6666666666666667,12.410714285714286,3.3333333333333335,0.8,1.0,17.0,0.0,
2025,4,Bahrain Grand Prix,,Bahrain Grand Prix,bortoleto,sauber,18.0,,3.599999999999999,0.0,20,0.0,16.333333333333332,3,0,0,0,0.0,19.0,0.0,0.0,14.5,1.0,14.25,2.0,0.8,1.0,18.0,0.0,
2025,4,Bahrain Grand Prix,,Bahrain Grand Prix,sainz,williams,8.0,,1.5999999999999996,1.0,14,0.3333333333333333,14.0,3,0,0,0,0.0,14.0,0.0,0.0,10.5,3.1666666666666665,8.0,6.333333333333333,0.8,1.0,19.0,0.0,
2025,4,Bahrain Grand Prix,,Bahrain Grand Prix,hulkenberg,sauber,16.0,,3.1999999999999993,6.0,11,2.0,12.666666666666666,3,0,0,0,0.0,16.0,0.0,-6.0,14.5,1.0,12.98611111111111,2.0,0.8,1.0,20.0,0.0,
2025,5,Saudi Arabian Grand Prix,,Saudi Arabian Grand Prix,piastri,mclaren,2.0,,0.8,67.0,2,16.75,3.5,4,2,3,2,0.75,1.0,25.0,23.0,2.75,17.875,6.628571428571429,11.666666666666664,0.6,1.0,1.0,25.0,
2025,5,Saudi Arabian Grand Prix,,Saudi Arabian Grand Prix,max_verstappen,red_bull,1.0,,0.4,63.0,3,15.75,3.25,4,1,2,1,0.5,6.0,8.0,-10.0,7.625,8.125,3.254385964912281,-2.333333333333334,0.6,1.0,2.0,18.0,
2025,5,Saudi Arabian Grand Prix,,Saudi Arabian Grand Prix,leclerc,ferrari,4.0,,1.6,28.0,6,7.0,8.5,4,0,0,0,0.0,4.0,12.0,8.0,9.375,5.625,6.517543859649122,8.333333333333334,0.6,1.0,3.0,15.0,
2025,5,Saudi Arabian Grand Prix,,Saudi Arabian Grand Prix,norris,mclaren,10.0,,4.0,76.0,1,19.0,2.0,4,1,4,1,1.0,3.0,15.0,-10.0,2.75,17.875,6.385964912280702,11.666666666666664,0.6,1.0,4.0,12.0,
2025,5,Saudi Arabian Grand Prix,,Saudi Arabian Grand Prix,russell,mercedes,3.0,,1.2000000000000002,58.0,4,14.5,3.25,4,0,3,0,0.75,2.0,18.0,3.0,5.0,10.75,7.587719298245614,-7.333333333333332,0.6,1.0,5.0,10.0,
2025,5,Saudi Arabian Grand Prix,,Saudi Arabian Grand Prix,antonelli,mercedes,5.0,,2.0,28.0,5,7.0,6.75,4,0,0,0,0.0,11.0,0.0,-12.0,5.0,10.75,9.833333333333334,-7.333333333333332,0.6,1.0,6.0,8.0,
2025,5,Saudi Arabian Grand Prix,,Saudi Arabian Grand Prix,hamilton,ferrari,7.0,,2.8000000000000003,17.0,8,4.25,10.25,4,0,0,0,0.0,5.0,10.0,9.0,9.375,5.625,6.271929824561403,8.333333333333334,0.6,1.0,7.0,6.0,
2025,5,Saudi Arabian Grand Prix,,Saudi Arabian Grand Prix,sainz,williams,6.0,,2.4000000000000004,1.0,16,0.25,15.25,4,0,0,0,0.0,19.0,0.0,0.0,11.75,2.375,8.0,-7.0,0.6,1.0,8.0,4.0,
2025,5,Saudi Arabian Grand Prix,,Saudi Arabian Grand Prix,albon,williams,11.0,,4.4,18.0,7,4.5,8.25,4,0,0,0,0.0,12.0,0.0,-10.0,11.75,2.375,12.956043956043956,-7.0,0.6,1.0,9.0,2.0,
2025,5,Saudi Arabian Grand Prix,,Saudi Arabian Grand Prix,hadjar,rb,14.0,,5.6000000000000005,4.0,14,1.0,13.0,4,0,0,0,0.0,13.0,0.0,0.0,14.125,0.5,11.791666666666666,1.3333333333333333,0.6,1.0,10.0,1.0,
2025,5,Saudi Arabian Grand Prix,,Saudi Arabian Grand Prix,alonso,aston_martin,13.0,,5.2,0.0,17,0.0,15.0,4,0,0,0,0.0,15.0,0.0,0.0,14.0,1.25,9.929824561403509,-7.333333333333333,0.6,1.0,11.0,0.0,
2025,5,Saudi Arabian Grand Prix,,Saudi Arabian Grand Prix,lawson,rb,12.0,,4.800000000000001,0.0,18,0.0,15.0,4,0,0,0,0.0,16.0,0.0,0.0,14.125,0.5,12.82857142857143,1.3333333333333333,0.6,1.0,12.0,0.0,
2025,5,Saudi Arabian Grand Prix,,Saudi Arabian Grand Prix,bearman,haas,15.0,,6.0,6.0,11,1.5,10.5,4,0,0,0,0.0,10.0,1.0,1.0,10.75,2.5,11.555555555555555,6.666666666666667,0.6,1.0,13.0,0.0,
2025,5,Saudi Arabian Grand Prix,,Saudi Arabian Grand Prix,ocon,haas,19.0,,7.6000000000000005,14.0,9,3.5,11.0,4,0,0,0,0.0,8.0,4.0,4.0,10.75,2.5,11.539823008849558,6.666666666666667,0.6,1.0,14.0,0.0,
2025,5,Saudi Arabian Grand Prix,,Saudi Arabian Grand Prix,hulkenberg,sauber,18.0,,7.2,6.0,13,1.5,14.5,4,0,0,0,0.0,20.0,0.0,-6.0,15.625,0.75,12.98611111111111,-6.0,0.6,1.0,15.0,0.0,
2025,5,Saudi Arabian Grand Prix,,Saudi Arabian Grand Prix,stroll,aston_martin,16.0,,6.4,10.0,10,2.5,13.0,4,0,0,0,0.0,17.0,0.0,-8.0,14.0,1.25,12.410714285714286,-7.333333333333333,0.6,1.0,16.0,0.0,
2025,5,Saudi Arabian Grand Prix,,Saudi Arabian Grand Prix,doohan,alpine,17.0,,6.800000000000001,0.0,19,0.0,15.25,4,0,0,0,0.0,14.0,0.0,0.0,14.0,0.75,16.142857142857142,2.0,0.6,1.0,17.0,0.0,
2025,5,Saudi Arabian Grand Prix,,Saudi Arabian Grand Prix,bortoleto,sauber,20.0,,8.0,0.0,20,0.0,16.75,4,0,0,0,0.0,18.0,0.0,0.0,15.625,0.75,14.25,-6.0,0.6,1.0,18.0,0.0,
2025,5,Saudi Arabian Grand Prix,,Saudi Arabian Grand Prix,tsunoda,red_bull,8.0,,3.2,2.0,15,0.5,12.25,4,0,0,0,0.0,9.0,2.0,2.0,7.625,8.125,13.324561403508772,-2.333333333333334,0.6,1.0,19.0,0.0,
2025,5,Saudi Arabian Grand Prix,,Saudi Arabian Grand Prix,gasly,alpine,9.0,,3.6,6.0,12,1.5,12.75,4,0,0,0,0.0,7.0,6.0,6.0,14.0,0.75,12.052631578947368,2.0,0.6,1.0,20.0,0.0,
2025,6,Miami Grand Prix,,Miami Grand Prix,piastri,mclaren,4.0,,2.0,92.0,1,18.4,3.0,5,3,4,2,0.8,1.0,25.0,23.0,2.7,18.0,6.628571428571429,1.6666666666666643,0.5,1.0,1.0,25.0,
2025,6,Miami Grand Prix,,Miami Grand Prix,norris,mclaren,2.0,,1.0,88.0,2,17.6,2.4,5,1,4,1,0.8,4.0,12.0,-13.0,2.7,18.0,6.385964912280702,1.6666666666666643,0.5,1.0,2.0,18.0,
2025,6,Miami Grand Prix,,Miami Grand Prix,russell,mercedes,5.0,,2.5,68.0,4,13.6,3.6,5,0,3,0,0.6,5.0,10.0,-5.0,5.1,10.4,7.587719298245614,-7.0,0.5,1.0,3.0,15.0,
2025,6,Miami Grand Prix,,Miami Grand Prix,max_verstappen,red_bull,1.0,,0.5,81.0,3,16.2,3.0,5,1,3,2,0.6,2.0,18.0,0.0,8.2,8.3,3.254385964912281,2.666666666666668,0.5,1.0,4.0,12.0,
2025,6,Miami Grand Prix,,Miami Grand Prix,albon,williams,7.0,,3.5,20.0,8,4.0,8.4,5,0,0,0,0.0,9.0,2.0,-8.0,11.1,2.5,12.956043956043956,-5.833333333333334,0.5,1.0,5.0,10.0,
2025,6,Miami Grand Prix,,Miami Grand Prix,antonelli,mercedes,3.0,,1.5,36.0,6,7.2,6.6,5,0,0,0,0.0,6.0,8.0,-4.0,5.1,10.4,9.833333333333334,-7.0,0.5,1.0,6.0,8.0,
2025,6,Miami Grand Prix,,Miami Grand Prix,leclerc,ferrari,8.0,,4.0,43.0,5,8.6,7.4,5,0,1,0,0.2,3.0,15.0,11.0,8.5,6.6,6.517543859649122,17.833333333333332,0.5,1.0,7.0,6.0,
2025,6,Miami Grand Prix,,Miami Grand Prix,hamilton,ferrari,12.0,,6.0,23.0,7,4.6,9.6,5,0,0,0,0.0,7.0,6.0,5.0,8.5,6.6,6.271929824561403,17.833333333333332,0.5,1.0,8.0,4.0,
2025,6,Miami Grand Prix,,Miami Grand Prix,sainz,williams,6.0,,3.0,5.0,15,1.0,13.8,5,0,0,0,0.0,8.0,4.0,4.0,11.1,2.5,8.0,-5.833333333333334,0.5,1.0,9.0,2.0,
2025,6,Miami Grand Prix,,Miami Grand Prix,tsunoda,red_bull,10.0,,5.0,2.0,16,0.4,13.6,5,0,0,0,0.0,19.0,0.0,0.0,8.2,8.3,13.324561403508772,2.666666666666668,0.5,1.0,10.0,1.0,
2025,6,Miami Grand Prix,,Miami Grand Prix,hadjar,rb,11.0,,5.5,5.0,14,1.0,12.4,5,0,0,0,0.0,10.0,1.0,1.0,13.5,0.5,11.791666666666666,1.6666666666666667,0.5,1.0,11.0,0.0,
2025,6,Miami Grand Prix,,Miami Grand Prix,ocon,haas,9.0,,4.5,14.0,9,2.8,11.6,5,0,0,0,0.0,14.0,0.0,0.0,11.3,2.0,11.539823008849558,-5.0,0.5,1.0,12.0,0.0,
2025,6,Miami Grand Prix,,Miami Grand Prix,gasly,alpine,20.0,,10.0,6.0,12,1.2,14.2,5,0,0,0,0.0,20.0,0.0,0.0,14.9,0.6,12.052631578947368,2.0,0.5,1.0,13.0,0.0,
2025,6,Miami Grand Prix,,Miami Grand Prix,hulkenberg,sauber,16.0,,8.0,6.0,13,1.2,14.6,5,0,0,0,0.0,15.0,0.0,-6.0,15.8,0.6,12.98611111111111,-3.0,0.5,1.0,14.0,0.0,
2025,6,Miami Grand Prix,,Miami Grand Prix,alonso,aston_martin,17.0,,8.5,0.0,17,0.0,14.2,5,0,0,0,0.0,11.0,0.0,0.0,13.9,1.0,9.929824561403509,-5.0,0.5,1.0,15.0,0.0,
2025,6,Miami Grand Prix,,Miami Grand Prix,stroll,aston_martin,18.0,,9.0,10.0,10,2.0,13.6,5,0,0,0,0.0,16.0,0.0,-8.0,13.9,1.0,12.410714285714286,-5.0,0.5,1.0,16.0,0.0,
2025,6,Miami Grand Prix,,Miami Grand Prix,lawson,rb,15.0,,7.5,0.0,18,0.0,14.4,5,0,0,0,0.0,12.0,0.0,0.0,13.5,0.5,12.82857142857143,1.6666666666666667,0.5,1.0,17.0,0.0,
2025,6,Miami Grand Prix,,Miami Grand Prix,bortoleto,sauber,13.0,,6.5,0.0,20,0.0,17.0,5,0,0,0,0.0,18.0,0.0,0.0,15.8,0.6,14.25,-3.0,0.5,1.0,18.0,0.0,
2025,6,Miami Grand Prix,,Miami Grand Prix,bearman,haas,19.0,,9.5,6.0,11,1.2,11.0,5,0,0,0,0.0,13.0,0.0,0.0,11.3,2.0,11.555555555555555,-5.0,0.5,1.0,19.0,0.0,
2025,6,Miami Grand Prix,,Miami Grand Prix,doohan,alpine,14.0,,7.0,0.0,19,0.0,15.6,5,0,0,0,0.0,17.0,0.0,0.0,14.9,0.6,16.142857142857142,2.0,0.5,1.0,20.0,0.0,
2025,7,Emilia Romagna Grand Prix,,Emilia Romagna Grand Prix,max_verstappen,red_bull,2.0,,1.0,93.0,3,15.5,3.1666666666666665,6,1,3,3,0.5,4.0,12.0,-6.0,8.0,8.0,3.254385964912281,-4.666666666666666,0.5,1.0,1.0,25.0,
2025,7,Emilia Romagna Grand Prix,,Emilia Romagna Grand Prix,norris,mclaren,4.0,,2.0,106.0,2,17.666666666666668,2.3333333333333335,6,1,5,1,0.8333333333333334,2.0,18.0,-7.0,2.5,18.583333333333332,6.385964912280702,5.666666666666664,0.5,1.0,2.0,18.0,
2025,7,Emilia Romagna Grand Prix,,Emilia Romagna Grand Prix,piastri,mclaren,1.0,,0.5,117.0,1,19.5,2.6666666666666665,6,4,5,2,0.8333333333333334,1.0,25.0,23.0,2.5,18.583333333333332,6.628571428571429,5.666666666666664,0.5,1.0,3.0,15.0,
2025,7,Emilia Romagna Grand Prix,,Emilia Romagna Grand Prix,hamilton,ferrari,12.0,,6.0,27.0,8,4.5,9.333333333333334,6,0,0,0,0.0,8.0,4.0,3.0,8.333333333333334,6.333333333333333,6.271929824561403,10.0,0.5,1.0,4.0,12.0,
2025,7,Emilia Romagna Grand Prix,,Emilia Romagna Grand Prix,albon,williams,7.0,,3.5,30.0,7,5.0,7.833333333333333,6,0,0,0,0.0,5.0,10.0,0.0,10.416666666666666,3.0833333333333335,12.956043956043956,-0.33333333333333304,0.5,1.0,5.0,10.0,
2025,7,Emilia Romagna Grand Prix,,Emilia Romagna Grand Prix,leclerc,ferrari,11.0,,5.5,49.0,5,8.166666666666666,7.333333333333333,6,0,1,0,0.16666666666666666,7.0,6.0,2.0,8.333333333333334,6.333333333333333,6.517543859649122,10.0,0.5,1.0,6.0,8.0,
2025,7,Emilia Romagna Grand Prix,,Emilia Romagna Grand Prix,russell,mercedes,3.0,,1.5,83.0,4,13.833333333333334,3.5,6,0,4,0,0.6666666666666666,3.0,15.0,0.0,5.0,10.583333333333334,7.587719298245614,-3.0,0.5,1.0,7.0,6.0,
2025,7,Emilia Romagna Grand Prix,,Emilia Romagna Grand Prix,sainz,williams,6.0,,3.0,7.0,11,1.1666666666666667,13.0,6,0,0,0,0.0,9.0,2.0,2.0,10.416666666666666,3.0833333333333335,8.0,-0.33333333333333304,0.5,1.0,8.0,4.0,
2025,7,Emilia Romagna Grand Prix,,Emilia Romagna Grand Prix,hadjar,rb,9.0,,4.5,5.0,15,0.8333333333333334,12.166666666666666,6,0,0,0,0.0,11.0,0.0,0.0,13.583333333333334,0.4166666666666667,11.791666666666666,-1.0,0.5,1.0,9.0,2.0,
2025,7,Emilia Romagna Grand Prix,,Emilia Romagna Grand Prix,tsunoda,red_bull,20.0,,10.0,3.0,16,0.5,13.0,6,0,0,0,0.0,10.0,1.0,1.0,8.0,8.0,13.324561403508772,-4.666666666666666,0.5,1.0,10.0,1.0,
2025,7,Emilia Romagna Grand Prix,,Emilia Romagna Grand Prix,alonso,aston_martin,5.0,,2.5,0.0,17,0.0,14.333333333333334,6,0,0,0,0.0,15.0,0.0,0.0,14.166666666666666,0.8333333333333334,9.929824561403509,-3.3333333333333335,0.5,1.0,11.0,0.0,
2025,7,Emilia Romagna Grand Prix,,Emilia Romagna Grand Prix,hulkenberg,sauber,17.0,,8.5,6.0,14,1.0,14.5,6,0,0,0,0.0,14.0,0.0,-6.0,15.833333333333334,0.5,12.98611111111111,-2.0,0.5,1.0,12.0,0.0,
2025,7,Emilia Romagna Grand Prix,,Emilia Romagna Grand Prix,gasly,alpine,10.0,,5.0,6.0,13,1.0,14.0,6,0,0,0,0.0,13.0,0.0,0.0,15.166666666666666,0.5,12.052631578947368,2.0,0.5,1.0,13.0,0.0,
2025,7,Emilia Romagna Grand Prix,,Emilia Romagna Grand Prix,lawson,rb,15.0,,7.5,0.0,18,0.0,14.833333333333334,6,0,0,0,0.0,17.0,0.0,0.0,13.583333333333334,0.4166666666666667,12.82857142857143,-1.0,0.5,1.0,14.0,0.0,
2025,7,Emilia Romagna Grand Prix,,Emilia Romagna Grand Prix,stroll,aston_martin,8.0,,4.0,10.0,10,1.6666666666666667,14.0,6,0,0,0,0.0,16.0,0.0,-8.0,14.166666666666666,0.8333333333333334,12.410714285714286,-3.3333333333333335,0.5,1.0,15.0,0.0,
2025,7,Emilia Romagna Grand Prix,,Emilia Romagna Grand Prix,colapinto,alpine,16.0,,8.0,0.0,999,,,0,0,0,0,,,,,15.166666666666666,0.5,15.222222222222221,2.0,0.5,1.0,16.0,0.0,
2025,7,Emilia Romagna Grand Prix,,Emilia Romagna Grand Prix,bearman,haas,19.0,,9.5,6.0,12,1.0,12.333333333333334,6,0,0,0,0.0,19.0,0.0,0.0,12.0,1.6666666666666667,11.555555555555555,-3.333333333333333,0.5,1.0,17.0,0.0,
2025,7,Emilia Romagna Grand Prix,,Emilia Romagna Grand Prix,bortoleto,sauber,14.0,,7.0,0.0,20,0.0,17.166666666666668,6,0,0,0,0.0,18.0,0.0,0.0,15.833333333333334,0.5,14.25,-2.0,0.5,1.0,18.0,0.0,
2025,7,Emilia Romagna Grand Prix,,Emilia Romagna Grand Prix,antonelli,mercedes,13.0,,6.5,44.0,6,7.333333333333333,6.5,6,0,0,0,0.0,6.0,8.0,-4.0,5.0,10.583333333333334,9.833333333333334,-3.0,0.5,1.0,19.0,0.0,
2025,7,Emilia Romagna Grand Prix,,Emilia Romagna Grand Prix,ocon,haas,18.0,,9.0,14.0,9,2.3333333333333335,11.666666666666666,6,0,0,0,0.0,12.0,0.0,0.0,12.0,1.6666666666666667,11.539823008849558,-3.333333333333333,0.5,1.0,20.0,0.0,
2025,8,Monaco Grand Prix,,Monaco Grand Prix,norris,mclaren,1.0,,0.8,124.0,2,17.714285714285715,2.2857142857142856,7,1,6,1,0.8571428571428571,2.0,18.0,-7.0,2.5,18.285714285714285,6.385964912280702,-1.0,0.2,1.0,1.0,25.0,
2025,8,Monaco Grand Prix,,Monaco Grand Prix,leclerc,ferrari,2.0,,1.6,57.0,5,8.142857142857142,7.142857142857143,7,0,1,0,0.14285714285714285,6.0,8.0,4.0,7.857142857142857,6.857142857142857,6.517543859649122,3.666666666666666,0.2,1.0,2.0,18.0,
2025,8,Monaco Grand Prix,,Monaco Grand Prix,piastri,mclaren,3.0,,2.4000000000000004,132.0,1,18.857142857142858,2.7142857142857144,7,4,6,3,0.8571428571428571,3.0,15.0,13.0,2.5,18.285714285714285,6.628571428571429,-1.0,0.2,1.0,3.0,15.0,
2025,8,Monaco Grand Prix,,Monaco Grand Prix,max_verstappen,red_bull,4.0,,3.2,118.0,3,16.857142857142858,2.857142857142857,7,2,4,3,0.5714285714285714,1.0,25.0,7.0,7.642857142857143,8.714285714285714,3.254385964912281,3.333333333333334,0.2,1.0,4.0,12.0,
2025,8,Monaco Grand Prix,,Monaco Grand Prix,hamilton,ferrari,7.0,,5.6000000000000005,39.0,8,5.571428571428571,8.571428571428571,7,0,0,0,0.0,4.0,12.0,11.0,7.857142857142857,6.857142857142857,6.271929824561403,3.666666666666666,0.2,1.0,5.0,10.0,
2025,8,Monaco Grand Prix,,Monaco Grand Prix,hadjar,rb,5.0,,4.0,7.0,12,1.0,11.714285714285714,7,0,0,0,0.0,9.0,2.0,2.0,13.285714285714286,0.5,11.791666666666666,-0.33333333333333326,0.2,1.0,6.0,8.0,
2025,8,Monaco Grand Prix,,Monaco Grand Prix,ocon,haas,8.0,,6.4,14.0,9,2.0,12.857142857142858,7,0,0,0,0.0,20.0,0.0,0.0,12.928571428571429,1.4285714285714286,11.539823008849558,-6.666666666666667,0.2,1.0,7.0,6.0,
2025,8,Monaco Grand Prix,,Monaco Grand Prix,lawson,rb,9.0,,7.2,0.0,18,0.0,14.714285714285714,7,0,0,0,0.0,14.0,0.0,0.0,13.285714285714286,0.5,12.82857142857143,-0.33333333333333326,0.2,1.0,8.0,4.0,
2025,8,Monaco Grand Prix,,Monaco Grand Prix,albon,williams,10.0,,8.0,40.0,7,5.714285714285714,7.428571428571429,7,0,0,0,0.0,5.0,10.0,0.0,9.857142857142858,3.642857142857143,12.956043956043956,7.666666666666666,0.2,1.0,9.0,2.0,
2025,8,Monaco Grand Prix,,Monaco Grand Prix,sainz,williams,11.0,,8.8,11.0,10,1.5714285714285714,12.285714285714286,7,0,0,0,0.0,8.0,4.0,4.0,9.857142857142858,3.642857142857143,8.0,7.666666666666666,0.2,1.0,10.0,1.0,
2025,8,Monaco Grand Prix,,Monaco Grand Prix,russell,mercedes,14.0,,11.200000000000001,89.0,4,12.714285714285714,4.0,7,0,4,0,0.5714285714285714,7.0,6.0,-9.0,6.142857142857143,9.5,7.587719298245614,-4.000000000000002,0.2,1.0,11.0,0.0,
2025,8,Monaco Grand Prix,,Monaco Grand Prix,bearman,haas,20.0,,16.0,6.0,13,0.8571428571428571,13.0,7,0,0,0,0.0,17.0,0.0,0.0,12.928571428571429,1.4285714285714286,11.555555555555555,-6.666666666666667,0.2,1.0,12.0,0.0,
2025,8,Monaco Grand Prix,,Monaco Grand Prix,colapinto,alpine,18.0,,14.4,0.0,19,0.0,16.0,1,0,0,0,0.0,16.0,0.0,,15.071428571428571,0.42857142857142855,15.222222222222221,-2.0,0.2,1.0,13.0,0.0,
2025,8,Monaco Grand Prix,,Monaco Grand Prix,bortoleto,sauber,16.0,,12.8,0.0,21,0.0,17.285714285714285,7,0,0,0,0.0,18.0,0.0,0.0,15.714285714285714,0.42857142857142855,14.25,0.0,0.2,1.0,14.0,0.0,
2025,8,Monaco Grand Prix,,Monaco Grand Prix,stroll,aston_martin,19.0,,15.200000000000001,10.0,11,1.4285714285714286,14.142857142857142,7,0,0,0,0.0,15.0,0.0,-8.0,14.0,0.7142857142857143,12.410714285714286,-0.6666666666666666,0.2,1.0,15.0,0.0,
2025,8,Monaco Grand Prix,,Monaco Grand Prix,hulkenberg,sauber,13.0,,10.4,6.0,15,0.8571428571428571,14.142857142857142,7,0,0,0,0.0,12.0,0.0,-6.0,15.714285714285714,0.42857142857142855,12.98611111111111,0.0,0.2,1.0,16.0,0.0,
2025,8,Monaco Grand Prix,,Monaco Grand Prix,tsunoda,red_bull,12.0,,9.600000000000001,4.0,16,0.5714285714285714,12.571428571428571,7,0,0,0,0.0,10.0,1.0,1.0,7.642857142857143,8.714285714285714,13.324561403508772,3.333333333333334,0.2,1.0,17.0,0.0,
2025,8,Monaco Grand Prix,,Monaco Grand Prix,antonelli,mercedes,15.0,,12.0,44.0,6,6.285714285714286,8.285714285714286,7,0,0,0,0.0,19.0,0.0,-12.0,6.142857142857143,9.5,9.833333333333334,-4.000000000000002,0.2,1.0,18.0,0.0,
2025,8,Monaco Grand Prix,,Monaco Grand Prix,alonso,aston_martin,6.0,,4.800000000000001,0.0,17,0.0,13.857142857142858,7,0,0,0,0.0,11.0,0.0,0.0,14.0,0.7142857142857143,9.929824561403509,-0.6666666666666666,0.2,1.0,19.0,0.0,
2025,8,Monaco Grand Prix,,Monaco Grand Prix,gasly,alpine,17.0,,13.600000000000001,6.0,14,0.8571428571428571,13.857142857142858,7,0,0,0,0.0,13.0,0.0,0.0,15.071428571428571,0.42857142857142855,12.052631578947368,-2.0,0.2,1.0,20.0,0.0,
2025,9,Spanish Grand Prix,,Spanish Grand Prix,piastri,mclaren,1.0,,0.6,147.0,2,18.375,2.75,8,4,7,3,0.875,3.0,15.0,13.0,2.4375,18.5,6.628571428571429,2.0,0.4,1.0,1.0,25.0,
2025,9,Spanish Grand Prix,,Spanish Grand Prix,norris,mclaren,2.0,,1.2,149.0,1,18.625,2.125,8,2,7,2,0.875,1.0,25.0,0.0,2.4375,18.5,6.385964912280702,2.0,0.4,1.0,2.0,18.0,
2025,9,Spanish Grand Prix,,Spanish Grand Prix,leclerc,ferrari,7.0,,4.2,75.0,5,9.375,6.5,8,0,2,0,0.25,2.0,18.0,14.0,7.3125,7.75,6.517543859649122,-1.0,0.4,1.0,3.0,15.0,
2025,9,Spanish Grand Prix,,Spanish Grand Prix,russell,mercedes,4.0,,2.4,89.0,4,11.125,4.875,8,0,4,0,0.5,11.0,0.0,-15.0,7.1875,8.3125,7.587719298245614,-8.333333333333334,0.4,1.0,4.0,12.0,
2025,9,Spanish Grand Prix,,Spanish Grand Prix,hulkenberg,sauber,15.0,,9.0,6.0,14,0.75,14.375,8,0,0,0,0.0,16.0,0.0,-6.0,15.625,0.375,12.98611111111111,0.0,0.4,1.0,5.0,10.0,
2025,9,Spanish Grand Prix,,Spanish Grand Prix,hamilton,ferrari,5.0,,3.0,49.0,6,6.125,8.125,8,0,0,0,0.0,5.0,10.0,9.0,7.3125,7.75,6.271929824561403,-1.0,0.4,1.0,6.0,8.0,
2025,9,Spanish Grand Prix,,Spanish Grand Prix,hadjar,rb,9.0,,5.3999999999999995,15.0,10,1.875,11.0,8,0,0,0,0.0,6.0,8.0,8.0,12.5,1.1875,11.791666666666666,3.0,0.4,1.0,7.0,6.0,
2025,9,Spanish Grand Prix,,Spanish Grand Prix,gasly,alpine,8.0,,4.8,6.0,15,0.75,14.625,8,0,0,0,0.0,20.0,0.0,0.0,15.25,0.375,12.052631578947368,-2.0,0.4,1.0,8.0,4.0,
2025,9,Spanish Grand Prix,,Spanish Grand Prix,alonso,aston_martin,10.0,,6.0,0.0,18,0.0,14.5,8,0,0,0,0.0,19.0,0.0,0.0,14.375,0.625,9.929824561403509,0.0,0.4,1.0,9.0,2.0,
2025,9,Spanish Grand Prix,,Spanish Grand Prix,max_verstappen,red_bull,3.0,,1.7999999999999998,130.0,3,16.25,3.0,8,2,4,3,0.5,4.0,12.0,-6.0,8.0,8.375,3.254385964912281,-0.6666666666666679,0.4,1.0,10.0,1.0,
2025,9,Spanish Grand Prix,,Spanish Grand Prix,lawson,rb,13.0,,7.8,4.0,17,0.5,13.875,8,0,0,0,0.0,8.0,4.0,4.0,12.5,1.1875,12.82857142857143,3.0,0.4,1.0,11.0,0.0,
2025,9,Spanish Grand Prix,,Spanish Grand Prix,bortoleto,sauber,12.0,,7.199999999999999,0.0,21,0.0,16.875,8,0,0,0,0.0,14.0,0.0,0.0,15.625,0.375,14.25,0.0,0.4,1.0,12.0,0.0,
2025,9,Spanish Grand Prix,,Spanish Grand Prix,tsunoda,red_bull,19.0,,11.4,4.0,16,0.5,13.125,8,0,0,0,0.0,17.0,0.0,0.0,8.0,8.375,13.324561403508772,-0.6666666666666679,0.4,1.0,13.0,0.0,
2025,9,Spanish Grand Prix,,Spanish Grand Prix,sainz,williams,17.0,,10.2,12.0,11,1.5,12.0,8,0,0,0,0.0,10.0,1.0,1.0,9.8125,3.375,8.0,7.0,0.4,1.0,14.0,0.0,
2025,9,Spanish Grand Prix,,Spanish Grand Prix,colapinto,alpine,18.0,,10.799999999999999,0.0,19,0.0,14.5,2,0,0,0,0.0,13.0,0.0,0.0,15.25,0.375,15.222222222222221,-2.0,0.4,1.0,15.0,0.0,
2025,9,Spanish Grand Prix,,Spanish Grand Prix,ocon,haas,16.0,,9.6,20.0,9,2.5,12.125,8,0,0,0,0.0,7.0,6.0,6.0,12.5,1.625,11.539823008849558,0.0,0.4,1.0,16.0,0.0,
2025,9,Spanish Grand Prix,,Spanish Grand Prix,bearman,haas,14.0,,8.4,6.0,13,0.75,12.875,8,0,0,0,0.0,12.0,0.0,0.0,12.5,1.625,11.555555555555555,0.0,0.4,1.0,17.0,0.0,
2025,9,Spanish Grand Prix,,Spanish Grand Prix,antonelli,mercedes,6.0,,3.5999999999999996,44.0,7,5.5,9.5,8,0,0,0,0.0,18.0,0.0,-12.0,7.1875,8.3125,9.833333333333334,-8.333333333333334,0.4,1.0,18.0,0.0,
2025,9,Spanish Grand Prix,,Spanish Grand Prix,albon,williams,11.0,,6.6,42.0,8,5.25,7.625,8,0,0,0,0.0,9.0,2.0,-8.0,9.8125,3.375,12.956043956043956,7.0,0.4,1.0,19.0,0.0,
2025,10,Canadian Grand Prix,,Canadian Grand Prix,russell,mercedes,1.0,,0.30000000000000004,101.0,4,11.222222222222221,4.777777777777778,9,0,4,0,0.4444444444444444,4.0,12.0,-3.0,7.611111111111111,8.055555555555555,7.587719298245614,-13.666666666666668,0.7,1.0,1.0,25.0,
2025,10,Canadian Grand Prix,,Canadian Grand Prix,max_verstappen,red_bull,2.0,,0.6000000000000001,131.0,3,14.555555555555555,3.7777777777777777,9,2,4,3,0.4444444444444444,10.0,1.0,-17.0,8.38888888888889,7.5,3.254385964912281,-0.6666666666666661,0.7,1.0,2.0,18.0,
2025,10,Canadian Grand Prix,,Canadian Grand Prix,antonelli,mercedes,4.0,,1.2000000000000002,44.0,7,4.888888888888889,10.444444444444445,9,0,0,0,0.0,18.0,0.0,-12.0,7.611111111111111,8.055555555555555,9.833333333333334,-13.666666666666668,0.7,1.0,3.0,15.0,
2025,10,Canadian Grand Prix,,Canadian Grand Prix,piastri,mclaren,3.0,,0.9000000000000001,172.0,1,19.11111111111111,2.5555555555555554,9,5,8,4,0.8888888888888888,1.0,25.0,23.0,2.3333333333333335,18.833333333333332,6.628571428571429,-1.3333333333333357,0.7,1.0,4.0,12.0,
2025,10,Canadian Grand Prix,,Canadian Grand Prix,leclerc,ferrari,8.0,,2.4000000000000004,90.0,5,10.0,6.111111111111111,9,0,3,0,0.3333333333333333,3.0,15.0,11.0,7.0,8.166666666666666,6.517543859649122,6.0,0.7,1.0,5.0,10.0,
2025,10,Canadian Grand Prix,,Canadian Grand Prix,hamilton,ferrari,5.0,,1.5000000000000002,57.0,6,6.333333333333333,7.888888888888889,9,0,0,0,0.0,6.0,8.0,7.0,7.0,8.166666666666666,6.271929824561403,6.0,0.7,1.0,6.0,8.0,
2025,10,Canadian Grand Prix,,Canadian Grand Prix,alonso,aston_martin,6.0,,1.8000000000000003,2.0,18,0.2222222222222222,13.88888888888889,9,0,0,0,0.0,9.0,2.0,2.0,14.058823529411764,0.7058823529411765,9.929824561403509,0.6666666666666666,0.7,1.0,7.0,6.0,
2025,10,Canadian Grand Prix,,Canadian Grand Prix,hulkenberg,sauber,11.0,,3.3000000000000007,16.0,11,1.7777777777777777,13.333333333333334,9,0,0,0,0.0,5.0,10.0,4.0,14.833333333333334,0.8888888888888888,12.98611111111111,3.3333333333333335,0.7,1.0,8.0,4.0,
2025,10,Canadian Grand Prix,,Canadian Grand Prix,ocon,haas,14.0,,4.200000000000001,20.0,10,2.2222222222222223,12.555555555555555,9,0,0,0,0.0,16.0,0.0,0.0,12.944444444444445,1.4444444444444444,11.539823008849558,0.33333333333333326,0.7,1.0,9.0,2.0,
2025,10,Canadian Grand Prix,,Canadian Grand Prix,sainz,williams,16.0,,4.800000000000001,12.0,12,1.3333333333333333,12.222222222222221,9,0,0,0,0.0,14.0,0.0,0.0,10.555555555555555,3.0,8.0,-0.33333333333333304,0.7,1.0,10.0,1.0,
2025,10,Canadian Grand Prix,,Canadian Grand Prix,bearman,haas,13.0,,3.9000000000000004,6.0,15,0.6666666666666666,13.333333333333334,9,0,0,0,0.0,17.0,0.0,0.0,12.944444444444445,1.4444444444444444,11.555555555555555,0.33333333333333326,0.7,1.0,11.0,0.0,
2025,10,Canadian Grand Prix,,Canadian Grand Prix,tsunoda,red_bull,18.0,,5.4,4.0,16,0.4444444444444444,13.11111111111111,9,0,0,0,0.0,13.0,0.0,0.0,8.38888888888889,7.5,13.324561403508772,-0.6666666666666661,0.7,1.0,12.0,0.0,
2025,10,Canadian Grand Prix,,Canadian Grand Prix,colapinto,alpine,10.0,,3.0000000000000004,0.0,19,0.0,14.666666666666666,3,0,0,0,0.0,15.0,0.0,0.0,14.833333333333334,0.5555555555555556,15.222222222222221,-0.6666666666666667,0.7,1.0,13.0,0.0,
2025,10,Canadian Grand Prix,,Canadian Grand Prix,bortoleto,sauber,15.0,,4.500000000000001,0.0,20,0.0,16.333333333333332,9,0,0,0,0.0,12.0,0.0,0.0,14.833333333333334,0.8888888888888888,14.25,3.3333333333333335,0.7,1.0,14.0,0.0,
2025,10,Canadian Grand Prix,,Canadian Grand Prix,gasly,alpine,20.0,,6.000000000000001,10.0,13,1.1111111111111112,13.88888888888889,9,0,0,0,0.0,8.0,4.0,4.0,14.833333333333334,0.5555555555555556,12.052631578947368,-0.6666666666666667,0.7,1.0,15.0,0.0,
2025,10,Canadian Grand Prix,,Canadian Grand Prix,hadjar,rb,12.0,,3.6000000000000005,21.0,9,2.3333333333333335,10.555555555555555,9,0,0,0,0.0,7.0,6.0,6.0,12.11111111111111,1.3888888888888888,11.791666666666666,6.333333333333334,0.7,1.0,16.0,0.0,
2025,10,Canadian Grand Prix,,Canadian Grand Prix,stroll,aston_martin,17.0,,5.1000000000000005,10.0,14,1.25,14.25,8,0,0,0,0.0,15.0,0.0,-8.0,14.058823529411764,0.7058823529411765,12.410714285714286,0.6666666666666666,0.7,1.0,17.0,0.0,
2025,10,Canadian Grand Prix,,Canadian Grand Prix,norris,mclaren,7.0,,2.1000000000000005,167.0,2,18.555555555555557,2.111111111111111,9,2,8,2,0.8888888888888888,2.0,18.0,-7.0,2.3333333333333335,18.833333333333332,6.385964912280702,-1.3333333333333357,0.7,1.0,18.0,0.0,
2025,10,Canadian Grand Prix,,Canadian Grand Prix,lawson,rb,19.0,,5.700000000000001,4.0,17,0.4444444444444444,13.555555555555555,9,0,0,0,0.0,11.0,0.0,0.0,12.11111111111111,1.3888888888888888,12.82857142857143,6.333333333333334,0.7,1.0,19.0,0.0,
2025,10,Canadian Grand Prix,,Canadian Grand Prix,albon,williams,9.0,,2.7,42.0,8,4.666666666666667,8.88888888888889,9,0,0,0,0.0,19.0,0.0,-10.0,10.555555555555555,3.0,12.956043956043956,-0.33333333333333304,0.7,1.0,20.0,0.0,
2025,11,Austrian Grand Prix,,Austrian Grand Prix,norris,mclaren,1.0,,0.4,167.0,2,16.7,3.7,10,2,8,2,0.8,18.0,0.0,-25.0,3.2,17.55,6.385964912280702,-5.9999999999999964,0.6,1.0,1.0,25.0,
2025,11,Austrian Grand Prix,,Austrian Grand Prix,piastri,mclaren,3.0,,1.2000000000000002,184.0,1,18.4,2.7,10,5,8,4,0.8,4.0,12.0,10.0,3.2,17.55,6.628571428571429,-5.9999999999999964,0.6,1.0,2.0,18.0,
2025,11,Austrian Grand Prix,,Austrian Grand Prix,leclerc,ferrari,2.0,,0.8,100.0,5,10.0,6.0,10,0,3,0,0.3,5.0,10.0,6.0,6.85,8.25,6.517543859649122,6.0,0.6,1.0,3.0,15.0,
2025,11,Austrian Grand Prix,,Austrian Grand Prix,hamilton,ferrari,4.0,,1.6,65.0,6,6.5,7.7,10,0,0,0,0.0,6.0,8.0,7.0,6.85,8.25,6.271929824561403,6.0,0.6,1.0,4.0,12.0,
2025,11,Austrian Grand Prix,,Austrian Grand Prix,russell,mercedes,5.0,,2.0,126.0,4,12.6,4.4,10,1,5,1,0.5,1.0,25.0,10.0,7.05,9.25,7.587719298245614,1.666666666666666,0.6,1.0,5.0,10.0,
2025,11,Austrian Grand Prix,,Austrian Grand Prix,lawson,rb,6.0,,2.4000000000000004,4.0,18,0.4,14.1,10,0,0,0,0.0,19.0,0.0,0.0,12.65,1.25,12.82857142857143,5.0,0.6,1.0,6.0,8.0,
2025,11,Austrian Grand Prix,,Austrian Grand Prix,alonso,aston_martin,11.0,,4.4,8.0,15,0.8,13.2,10,0,0,0,0.0,7.0,6.0,6.0,13.842105263157896,0.9473684210526315,9.929824561403509,2.6666666666666665,0.6,1.0,7.0,6.0,
2025,11,Austrian Grand Prix,,Austrian Grand Prix,bortoleto,sauber,8.0,,3.2,0.0,20,0.0,16.1,10,0,0,0,0.0,14.0,0.0,0.0,14.45,1.0,14.25,4.666666666666667,0.6,1.0,8.0,4.0,
2025,11,Austrian Grand Prix,,Austrian Grand Prix,hulkenberg,sauber,20.0,,8.0,20.0,11,2.0,12.8,10,0,0,0,0.0,8.0,4.0,-2.0,14.45,1.0,12.98611111111111,4.666666666666667,0.6,1.0,9.0,2.0,
2025,11,Austrian Grand Prix,,Austrian Grand Prix,ocon,haas,17.0,,6.800000000000001,22.0,9,2.2,12.2,10,0,0,0,0.0,9.0,2.0,2.0,12.65,1.4,11.539823008849558,2.6666666666666665,0.6,1.0,10.0,1.0,
2025,11,Austrian Grand Prix,,Austrian Grand Prix,bearman,haas,15.0,,6.0,6.0,16,0.6,13.1,10,0,0,0,0.0,11.0,0.0,0.0,12.65,1.4,11.555555555555555,2.6666666666666665,0.6,1.0,11.0,0.0,
2025,11,Austrian Grand Prix,,Austrian Grand Prix,hadjar,rb,13.0,,5.2,21.0,10,2.1,11.1,10,0,0,0,0.0,16.0,0.0,0.0,12.65,1.25,11.791666666666666,5.0,0.6,1.0,12.0,0.0,
2025,11,Austrian Grand Prix,,Austrian Grand Prix,gasly,alpine,10.0,,4.0,10.0,13,1.0,14.0,10,0,0,0,0.0,15.0,0.0,0.0,14.75,0.5,12.052631578947368,1.3333333333333333,0.6,1.0,13.0,0.0,
2025,11,Austrian Grand Prix,,Austrian Grand Prix,stroll,aston_martin,16.0,,6.4,10.0,14,1.1111111111111112,14.555555555555555,9,0,0,0,0.0,17.0,0.0,-8.0,13.842105263157896,0.9473684210526315,12.410714285714286,2.6666666666666665,0.6,1.0,14.0,0.0,
2025,11,Austrian Grand Prix,,Austrian Grand Prix,colapinto,alpine,14.0,,5.6000000000000005,0.0,19,0.0,14.25,4,0,0,0,0.0,13.0,0.0,0.0,14.75,0.5,15.222222222222221,1.3333333333333333,0.6,1.0,15.0,0.0,
2025,11,Austrian Grand Prix,,Austrian Grand Prix,tsunoda,red_bull,18.0,,7.2,4.0,17,0.4,13.0,10,0,0,0,0.0,12.0,0.0,0.0,8.25,7.65,13.324561403508772,-8.666666666666666,0.6,1.0,16.0,0.0,
2025,11,Austrian Grand Prix,,Austrian Grand Prix,albon,williams,12.0,,4.800000000000001,42.0,8,4.2,10.0,10,0,0,0,0.0,20.0,0.0,-10.0,11.0,2.75,12.956043956043956,-9.333333333333332,0.6,1.0,17.0,0.0,
2025,11,Austrian Grand Prix,,Austrian Grand Prix,max_verstappen,red_bull,7.0,,2.8000000000000003,149.0,3,14.9,3.6,10,2,5,3,0.5,2.0,18.0,0.0,8.25,7.65,3.254385964912281,-8.666666666666666,0.6,1.0,18.0,0.0,
2025,11,Austrian Grand Prix,,Austrian Grand Prix,antonelli,mercedes,9.0,,3.6,59.0,7,5.9,9.7,10,0,1,0,0.1,3.0,15.0,3.0,7.05,9.25,9.833333333333334,1.666666666666666,0.6,1.0,19.0,0.0,
2025,11,Austrian Grand Prix,,Austrian Grand Prix,sainz,williams,19.0,,7.6000000000000005,13.0,12,1.3,12.0,10,0,0,0,0.0,10.0,1.0,1.0,11.0,2.75,8.0,-9.333333333333332,0.6,1.0,20.0,0.0,
2025,12,British Grand Prix,,British Grand Prix,norris,mclaren,3.0,,0.9000000000000001,192.0,2,17.454545454545453,3.4545454545454546,11,3,9,3,0.8181818181818182,1.0,25.0,0.0,3.0454545454545454,17.90909090909091,6.385964912280702,-6.0,0.7,1.0,1.0,25.0,
2025,12,British Grand Prix,,British Grand Prix,piastri,mclaren,2.0,,0.6000000000000001,202.0,1,18.363636363636363,2.6363636363636362,11,5,9,4,0.8181818181818182,2.0,18.0,16.0,3.0454545454545454,17.90909090909091,6.628571428571429,-6.0,0.7,1.0,2.0,18.0,
2025,12,British Grand Prix,,British Grand Prix,hulkenberg,sauber,19.0,,5.700000000000001,22.0,10,2.0,12.454545454545455,11,0,0,0,0.0,9.0,2.0,-4.0,13.909090909090908,1.1818181818181819,12.98611111111111,6.666666666666667,0.7,1.0,3.0,15.0,
2025,12,British Grand Prix,,British Grand Prix,hamilton,ferrari,5.0,,1.5000000000000002,77.0,6,7.0,7.363636363636363,11,0,0,0,0.0,4.0,12.0,11.0,6.545454545454546,8.727272727272727,6.271929824561403,3.3333333333333357,0.7,1.0,4.0,12.0,
2025,12,British Grand Prix,,British Grand Prix,max_verstappen,red_bull,1.0,,0.30000000000000004,149.0,3,13.545454545454545,4.909090909090909,11,2,5,3,0.45454545454545453,18.0,0.0,-18.0,9.045454545454545,6.954545454545454,3.254385964912281,-10.666666666666668,0.7,1.0,5.0,10.0,
2025,12,British Grand Prix,,British Grand Prix,gasly,alpine,8.0,,2.4000000000000004,10.0,15,0.9090909090909091,13.909090909090908,11,0,0,0,0.0,13.0,0.0,0.0,14.681818181818182,0.45454545454545453,12.052631578947368,1.3333333333333333,0.7,1.0,6.0,8.0,
2025,12,British Grand Prix,,British Grand Prix,stroll,aston_martin,17.0,,5.1000000000000005,10.0,16,1.0,14.5,10,0,0,0,0.0,14.0,0.0,-8.0,13.523809523809524,1.1428571428571428,12.410714285714286,4.666666666666667,0.7,1.0,7.0,6.0,
2025,12,British Grand Prix,,British Grand Prix,albon,williams,13.0,,3.9000000000000004,42.0,8,3.8181818181818183,10.636363636363637,11,0,0,0,0.0,17.0,0.0,-10.0,11.681818181818182,2.5,12.956043956043956,-9.333333333333332,0.7,1.0,8.0,4.0,
2025,12,British Grand Prix,,British Grand Prix,alonso,aston_martin,7.0,,2.1000000000000005,14.0,12,1.2727272727272727,12.636363636363637,11,0,0,0,0.0,7.0,6.0,6.0,13.523809523809524,1.1428571428571428,9.929824561403509,4.666666666666667,0.7,1.0,9.0,2.0,
2025,12,British Grand Prix,,British Grand Prix,russell,mercedes,4.0,,1.2000000000000002,136.0,4,12.363636363636363,4.454545454545454,11,1,5,1,0.45454545454545453,5.0,10.0,-5.0,7.5,8.863636363636363,7.587719298245614,11.000000000000002,0.7,1.0,10.0,1.0,
2025,12,British Grand Prix,,British Grand Prix,bearman,haas,18.0,,5.4,6.0,17,0.5454545454545454,12.909090909090908,11,0,0,0,0.0,11.0,0.0,0.0,12.454545454545455,1.3181818181818181,11.555555555555555,-1.0,0.7,1.0,11.0,0.0,
2025,12,British Grand Prix,,British Grand Prix,sainz,williams,9.0,,2.7,13.0,13,1.1818181818181819,12.727272727272727,11,0,0,0,0.0,20.0,0.0,0.0,11.681818181818182,2.5,8.0,-9.333333333333332,0.7,1.0,12.0,0.0,
2025,12,British Grand Prix,,British Grand Prix,ocon,haas,14.0,,4.200000000000001,23.0,9,2.090909090909091,12.0,11,0,0,0,0.0,10.0,1.0,1.0,12.454545454545455,1.3181818181818181,11.539823008849558,-1.0,0.7,1.0,13.0,0.0,
2025,12,British Grand Prix,,British Grand Prix,leclerc,ferrari,6.0,,1.8000000000000003,115.0,5,10.454545454545455,5.7272727272727275,11,0,4,0,0.36363636363636365,3.0,15.0,11.0,6.545454545454546,8.727272727272727,6.517543859649122,3.3333333333333357,0.7,1.0,14.0,0.0,
2025,12,British Grand Prix,,British Grand Prix,tsunoda,red_bull,11.0,,3.3000000000000007,4.0,18,0.36363636363636365,13.272727272727273,11,0,0,0,0.0,16.0,0.0,0.0,9.045454545454545,6.954545454545454,13.324561403508772,-10.666666666666668,0.7,1.0,15.0,0.0,
2025,12,British Grand Prix,,British Grand Prix,antonelli,mercedes,10.0,,3.0000000000000004,59.0,7,5.363636363636363,10.545454545454545,11,0,1,0,0.09090909090909091,19.0,0.0,-12.0,7.5,8.863636363636363,9.833333333333334,11.000000000000002,0.7,1.0,16.0,0.0,
2025,12,British Grand Prix,,British Grand Prix,hadjar,rb,12.0,,3.6000000000000005,21.0,11,1.9090909090909092,11.181818181818182,11,0,0,0,0.0,12.0,0.0,0.0,12.318181818181818,1.5,11.791666666666666,0.0,0.7,1.0,17.0,0.0,
2025,12,British Grand Prix,,British Grand Prix,bortoleto,sauber,16.0,,4.800000000000001,4.0,19,0.36363636363636365,15.363636363636363,11,0,0,0,0.0,8.0,4.0,4.0,13.909090909090908,1.1818181818181819,14.25,6.666666666666667,0.7,1.0,18.0,0.0,
2025,12,British Grand Prix,,British Grand Prix,lawson,rb,15.0,,4.500000000000001,12.0,14,1.0909090909090908,13.363636363636363,11,0,0,0,0.0,6.0,8.0,8.0,12.318181818181818,1.5,12.82857142857143,0.0,0.7,1.0,19.0,0.0,
2025,12,British Grand Prix,,British Grand Prix,colapinto,alpine,20.0,,6.000000000000001,0.0,20,0.0,14.4,5,0,0,0,0.0,15.0,0.0,0.0,14.681818181818182,0.45454545454545453,15.222222222222221,1.3333333333333333,0.7,1.0,20.0,0.0,
2025,13,Belgian Grand Prix,,Belgian Grand Prix,piastri,mclaren,2.0,,0.3999999999999999,220.0,1,18.333333333333332,2.5833333333333335,12,5,10,4,0.8333333333333334,2.0,18.0,16.0,2.9166666666666665,18.208333333333332,6.628571428571429,-6.0,0.8,1.0,1.0,25.0,
2025,13,Belgian Grand Prix,,Belgian Grand Prix,norris,mclaren,1.0,,0.19999999999999996,217.0,2,18.083333333333332,3.25,12,4,10,3,0.8333333333333334,1.0,25.0,0.0,2.9166666666666665,18.208333333333332,6.385964912280702,-6.0,0.8,1.0,2.0,18.0,
2025,13,Belgian Grand Prix,,Belgian Grand Prix,leclerc,ferrari,3.0,,0.5999999999999999,115.0,5,9.583333333333334,6.416666666666667,12,0,4,0,0.3333333333333333,14.0,0.0,-4.0,6.75,8.5,6.517543859649122,-4.666666666666668,0.8,1.0,3.0,15.0,
2025,13,Belgian Grand Prix,,Belgian Grand Prix,max_verstappen,red_bull,4.0,,0.7999999999999998,159.0,3,13.25,4.916666666666667,12,2,5,4,0.4166666666666667,5.0,10.0,-8.0,9.125,6.791666666666667,3.254385964912281,-3.666666666666666,0.8,1.0,4.0,12.0,
2025,13,Belgian Grand Prix,,Belgian Grand Prix,russell,mercedes,6.0,,1.1999999999999997,137.0,4,11.416666666666666,4.916666666666667,12,1,5,1,0.4166666666666667,10.0,1.0,-14.0,7.958333333333333,8.166666666666666,7.587719298245614,11.0,0.8,1.0,5.0,10.0,
2025,13,Belgian Grand Prix,,Belgian Grand Prix,albon,williams,5.0,,0.9999999999999998,46.0,8,3.8333333333333335,10.416666666666666,12,0,0,0,0.0,8.0,4.0,-6.0,11.541666666666666,2.4583333333333335,12.956043956043956,-4.0,0.8,1.0,6.0,8.0,
2025,13,Belgian Grand Prix,,Belgian Grand Prix,hamilton,ferrari,18.0,,3.599999999999999,89.0,6,7.416666666666667,7.083333333333333,12,0,0,0,0.0,4.0,12.0,11.0,6.75,8.5,6.271929824561403,-4.666666666666668,0.8,1.0,7.0,6.0,
2025,13,Belgian Grand Prix,,Belgian Grand Prix,lawson,rb,9.0,,1.7999999999999996,12.0,16,1.0,13.833333333333334,12,0,0,0,0.0,19.0,0.0,0.0,12.791666666666666,1.375,12.82857142857143,-4.0,0.8,1.0,8.0,4.0,
2025,13,Belgian Grand Prix,,Belgian Grand Prix,bortoleto,sauber,10.0,,1.9999999999999996,4.0,19,0.3333333333333333,15.583333333333334,12,0,0,0,0.0,18.0,0.0,0.0,13.625,1.7083333333333333,14.25,5.0,0.8,1.0,9.0,2.0,
2025,13,Belgian Grand Prix,,Belgian Grand Prix,gasly,alpine,13.0,,2.5999999999999996,18.0,12,1.5,13.25,12,0,0,0,0.0,6.0,8.0,8.0,14.541666666666666,0.75,12.052631578947368,1.3333333333333333,0.8,1.0,10.0,1.0,
2025,13,Belgian Grand Prix,,Belgian Grand Prix,bearman,haas,12.0,,2.3999999999999995,6.0,17,0.5,12.75,12,0,0,0,0.0,11.0,0.0,0.0,12.416666666666666,1.2083333333333333,11.555555555555555,-1.0,0.8,1.0,11.0,0.0,
2025,13,Belgian Grand Prix,,Belgian Grand Prix,hulkenberg,sauber,14.0,,2.7999999999999994,37.0,9,3.0833333333333335,11.666666666666666,12,0,1,0,0.08333333333333333,3.0,15.0,9.0,13.625,1.7083333333333333,12.98611111111111,5.0,0.8,1.0,12.0,0.0,
2025,13,Belgian Grand Prix,,Belgian Grand Prix,tsunoda,red_bull,7.0,,1.3999999999999997,4.0,18,0.3333333333333333,13.416666666666666,12,0,0,0,0.0,15.0,0.0,0.0,9.125,6.791666666666667,13.324561403508772,-3.666666666666666,0.8,1.0,13.0,0.0,
2025,13,Belgian Grand Prix,,Belgian Grand Prix,stroll,aston_martin,16.0,,3.1999999999999993,16.0,14,1.4545454545454546,13.818181818181818,11,0,0,0,0.0,7.0,6.0,-2.0,13.043478260869565,1.391304347826087,12.410714285714286,6.0,0.8,1.0,14.0,0.0,
2025,13,Belgian Grand Prix,,Belgian Grand Prix,ocon,haas,11.0,,2.1999999999999993,23.0,10,1.9166666666666667,12.083333333333334,12,0,0,0,0.0,13.0,0.0,0.0,12.416666666666666,1.2083333333333333,11.539823008849558,-1.0,0.8,1.0,15.0,0.0,
2025,13,Belgian Grand Prix,,Belgian Grand Prix,antonelli,mercedes,19.0,,3.799999999999999,59.0,7,4.916666666666667,11.0,12,0,1,0,0.08333333333333333,16.0,0.0,-12.0,7.958333333333333,8.166666666666666,9.833333333333334,11.0,0.8,1.0,16.0,0.0,
2025,13,Belgian Grand Prix,,Belgian Grand Prix,alonso,aston_martin,20.0,,3.999999999999999,16.0,13,1.3333333333333333,12.333333333333334,12,0,0,0,0.0,9.0,2.0,2.0,13.043478260869565,1.391304347826087,9.929824561403509,6.0,0.8,1.0,17.0,0.0,
2025,13,Belgian Grand Prix,,Belgian Grand Prix,sainz,williams,17.0,,3.3999999999999995,13.0,15,1.0833333333333333,12.666666666666666,12,0,0,0,0.0,12.0,0.0,0.0,11.541666666666666,2.4583333333333335,8.0,-4.0,0.8,1.0,18.0,0.0,
2025,13,Belgian Grand Prix,,Belgian Grand Prix,colapinto,alpine,15.0,,2.999999999999999,0.0,20,0.0,15.333333333333334,6,0,0,0,0.0,20.0,0.0,0.0,14.541666666666666,0.75,15.222222222222221,1.3333333333333333,0.8,1.0,19.0,0.0,
2025,13,Belgian Grand Prix,,Belgian Grand Prix,hadjar,rb,8.0,,1.5999999999999996,21.0,11,1.75,11.666666666666666,12,0,0,0,0.0,17.0,0.0,0.0,12.791666666666666,1.375,11.791666666666666,-4.0,0.8,1.0,20.0,0.0,
2025,14,Hungarian Grand Prix,,Hungarian Grand Prix,norris,mclaren,3.0,,2.0999999999999996,235.0,2,18.076923076923077,3.1538461538461537,13,4,11,4,0.8461538461538461,2.0,18.0,-7.0,2.8076923076923075,18.46153846153846,6.385964912280702,11.333333333333332,0.3,1.0,1.0,25.0,
2025,14,Hungarian Grand Prix,,Hungarian Grand Prix,piastri,mclaren,2.0,,1.4,245.0,1,18.846153846153847,2.4615384615384617,13,6,11,4,0.8461538461538461,1.0,25.0,23.0,2.8076923076923075,18.46153846153846,6.628571428571429,11.333333333333332,0.3,1.0,2.0,18.0,
2025,14,Hungarian Grand Prix,,Hungarian Grand Prix,russell,mercedes,4.0,,2.8,147.0,4,11.307692307692308,4.923076923076923,13,1,5,1,0.38461538461538464,5.0,10.0,-5.0,8.153846153846153,7.923076923076923,7.587719298245614,-10.333333333333332,0.3,1.0,3.0,15.0,
2025,14,Hungarian Grand Prix,,Hungarian Grand Prix,leclerc,ferrari,1.0,,0.7,130.0,5,10.0,6.153846153846154,13,0,5,0,0.38461538461538464,3.0,15.0,11.0,6.615384615384615,8.653846153846153,6.517543859649122,-3.0,0.3,1.0,4.0,12.0,
2025,14,Hungarian Grand Prix,,Hungarian Grand Prix,alonso,aston_martin,5.0,,3.5,16.0,13,1.2307692307692308,12.692307692307692,13,0,0,0,0.0,17.0,0.0,0.0,13.24,1.28,9.929824561403509,2.0000000000000004,0.3,1.0,5.0,10.0,
2025,14,Hungarian Grand Prix,,Hungarian Grand Prix,bortoleto,sauber,7.0,,4.8999999999999995,6.0,18,0.46153846153846156,15.076923076923077,13,0,0,0,0.0,9.0,2.0,2.0,13.384615384615385,1.6538461538461537,14.25,3.0,0.3,1.0,6.0,8.0,
2025,14,Hungarian Grand Prix,,Hungarian Grand Prix,stroll,aston_martin,6.0,,4.199999999999999,16.0,15,1.3333333333333333,13.833333333333334,12,0,0,0,0.0,14.0,0.0,-8.0,13.24,1.28,12.410714285714286,2.0000000000000004,0.3,1.0,7.0,6.0,
2025,14,Hungarian Grand Prix,,Hungarian Grand Prix,lawson,rb,9.0,,6.3,16.0,14,1.2307692307692308,13.384615384615385,13,0,0,0,0.0,8.0,4.0,4.0,12.884615384615385,1.4230769230769231,12.82857142857143,-2.0,0.3,1.0,8.0,4.0,
2025,14,Hungarian Grand Prix,,Hungarian Grand Prix,max_verstappen,red_bull,8.0,,5.6,171.0,3,13.153846153846153,4.846153846153846,13,2,5,4,0.38461538461538464,4.0,12.0,-6.0,9.076923076923077,6.730769230769231,3.254385964912281,-3.000000000000001,0.3,1.0,9.0,2.0,
2025,14,Hungarian Grand Prix,,Hungarian Grand Prix,antonelli,mercedes,15.0,,10.5,59.0,7,4.538461538461538,11.384615384615385,13,0,1,0,0.07692307692307693,16.0,0.0,-12.0,8.153846153846153,7.923076923076923,9.833333333333334,-10.333333333333332,0.3,1.0,10.0,1.0,
2025,14,Hungarian Grand Prix,,Hungarian Grand Prix,hadjar,rb,10.0,,7.0,21.0,11,1.6153846153846154,12.307692307692308,13,0,0,0,0.0,20.0,0.0,0.0,12.884615384615385,1.4230769230769231,11.791666666666666,-2.0,0.3,1.0,11.0,0.0,
2025,14,Hungarian Grand Prix,,Hungarian Grand Prix,hamilton,ferrari,12.0,,8.399999999999999,95.0,6,7.3076923076923075,7.076923076923077,13,0,0,0,0.0,7.0,6.0,5.0,6.615384615384615,8.653846153846153,6.271929824561403,-3.0,0.3,1.0,12.0,0.0,
2025,14,Hungarian Grand Prix,,Hungarian Grand Prix,hulkenberg,sauber,18.0,,12.6,37.0,9,2.8461538461538463,11.692307692307692,13,0,1,0,0.07692307692307693,12.0,0.0,-6.0,13.384615384615385,1.6538461538461537,12.98611111111111,3.0,0.3,1.0,13.0,0.0,
2025,14,Hungarian Grand Prix,,Hungarian Grand Prix,sainz,williams,13.0,,9.1,13.0,16,1.0,13.076923076923077,13,0,0,0,0.0,18.0,0.0,0.0,11.576923076923077,2.576923076923077,8.0,2.666666666666667,0.3,1.0,14.0,0.0,
2025,14,Hungarian Grand Prix,,Hungarian Grand Prix,albon,williams,19.0,,13.299999999999999,54.0,8,4.153846153846154,10.076923076923077,13,0,0,0,0.0,6.0,8.0,-2.0,11.576923076923077,2.576923076923077,12.956043956043956,2.666666666666667,0.3,1.0,15.0,0.0,
2025,14,Hungarian Grand Prix,,Hungarian Grand Prix,ocon,haas,17.0,,11.899999999999999,23.0,10,1.7692307692307692,12.307692307692308,13,0,0,0,0.0,15.0,0.0,0.0,12.461538461538462,1.1153846153846154,11.539823008849558,-2.333333333333333,0.3,1.0,16.0,0.0,
2025,14,Hungarian Grand Prix,,Hungarian Grand Prix,tsunoda,red_bull,20.0,,14.0,4.0,19,0.3076923076923077,13.384615384615385,13,0,0,0,0.0,13.0,0.0,0.0,9.076923076923077,6.730769230769231,13.324561403508772,-3.000000000000001,0.3,1.0,17.0,0.0,
2025,14,Hungarian Grand Prix,,Hungarian Grand Prix,colapinto,alpine,14.0,,9.799999999999999,0.0,20,0.0,15.857142857142858,7,0,0,0,0.0,19.0,0.0,0.0,14.538461538461538,0.7307692307692307,15.222222222222221,1.6666666666666667,0.3,1.0,18.0,0.0,
2025,14,Hungarian Grand Prix,,Hungarian Grand Prix,gasly,alpine,16.0,,11.2,19.0,12,1.4615384615384615,13.0,13,0,0,0,0.0,10.0,1.0,1.0,14.538461538461538,0.7307692307692307,12.052631578947368,1.6666666666666667,0.3,1.0,19.0,0.0,
2025,14,Hungarian Grand Prix,,Hungarian Grand Prix,bearman,haas,11.0,,7.699999999999999,6.0,17,0.46153846153846156,12.615384615384615,13,0,0,0,0.0,11.0,0.0,0.0,12.461538461538462,1.1153846153846154,11.555555555555555,-2.333333333333333,0.3,1.0,20.0,0.0,
2025,15,Dutch Grand Prix,,Dutch Grand Prix,piastri,mclaren,1.0,,0.7,263.0,1,18.785714285714285,2.4285714285714284,14,6,12,4,0.8571428571428571,2.0,18.0,16.0,2.7142857142857144,18.678571428571427,6.628571428571429,10.333333333333336,0.3,1.0,1.0,25.0,
2025,15,Dutch Grand Prix,,Dutch Grand Prix,max_verstappen,red_bull,3.0,,2.0999999999999996,173.0,3,12.357142857142858,5.142857142857143,14,2,5,4,0.35714285714285715,9.0,2.0,-16.0,9.357142857142858,6.321428571428571,3.254385964912281,1.666666666666667,0.3,1.0,2.0,18.0,
2025,15,Dutch Grand Prix,,Dutch Grand Prix,hadjar,rb,4.0,,2.8,21.0,13,1.5,12.214285714285714,14,0,0,0,0.0,11.0,0.0,0.0,12.642857142857142,1.4642857142857142,11.791666666666666,-2.0000000000000004,0.3,1.0,3.0,15.0,
2025,15,Dutch Grand Prix,,Dutch Grand Prix,russell,mercedes,5.0,,3.5,162.0,4,11.571428571428571,4.785714285714286,14,1,6,1,0.42857142857142855,3.0,15.0,0.0,8.035714285714286,7.928571428571429,7.587719298245614,-11.666666666666668,0.3,1.0,4.0,12.0,
2025,15,Dutch Grand Prix,,Dutch Grand Prix,albon,williams,15.0,,10.5,54.0,8,3.857142857142857,10.428571428571429,14,0,0,0,0.0,15.0,0.0,-10.0,11.785714285714286,2.392857142857143,12.956043956043956,3.6666666666666665,0.3,1.0,5.0,10.0,
2025,15,Dutch Grand Prix,,Dutch Grand Prix,bearman,haas,20.0,,14.0,6.0,18,0.42857142857142855,13.142857142857142,14,0,0,0,0.0,20.0,0.0,0.0,12.857142857142858,1.0357142857142858,11.555555555555555,-1.0,0.3,1.0,6.0,8.0,
2025,15,Dutch Grand Prix,,Dutch Grand Prix,stroll,aston_martin,19.0,,13.299999999999999,22.0,12,1.6923076923076923,13.307692307692308,13,0,0,0,0.0,7.0,6.0,-2.0,12.703703703703704,1.7777777777777777,12.410714285714286,3.333333333333333,0.3,1.0,7.0,6.0,
2025,15,Dutch Grand Prix,,Dutch Grand Prix,alonso,aston_martin,10.0,,7.0,26.0,10,1.8571428571428572,12.142857142857142,14,0,0,0,0.0,5.0,10.0,10.0,12.703703703703704,1.7777777777777777,9.929824561403509,3.333333333333333,0.3,1.0,8.0,4.0,
2025,15,Dutch Grand Prix,,Dutch Grand Prix,tsunoda,red_bull,12.0,,8.399999999999999,4.0,19,0.2857142857142857,13.642857142857142,14,0,0,0,0.0,17.0,0.0,0.0,9.357142857142858,6.321428571428571,13.324561403508772,1.666666666666667,0.3,1.0,9.0,2.0,
2025,15,Dutch Grand Prix,,Dutch Grand Prix,ocon,haas,18.0,,12.6,23.0,11,1.6428571428571428,12.571428571428571,14,0,0,0,0.0,16.0,0.0,0.0,12.857142857142858,1.0357142857142858,11.539823008849558,-1.0,0.3,1.0,10.0,1.0,
2025,15,Dutch Grand Prix,,Dutch Grand Prix,colapinto,alpine,16.0,,11.2,0.0,20,0.0,16.125,8,0,0,0,0.0,18.0,0.0,0.0,14.821428571428571,0.6785714285714286,15.222222222222221,1.6666666666666667,0.3,1.0,11.0,0.0,
2025,15,Dutch Grand Prix,,Dutch Grand Prix,lawson,rb,8.0,,5.6,20.0,14,1.4285714285714286,13.0,14,0,0,0,0.0,8.0,4.0,4.0,12.642857142857142,1.4642857142857142,12.82857142857143,-2.0000000000000004,0.3,1.0,12.0,0.0,
2025,15,Dutch Grand Prix,,Dutch Grand Prix,sainz,williams,9.0,,6.3,13.0,17,0.9285714285714286,13.142857142857142,14,0,0,0,0.0,14.0,0.0,0.0,11.785714285714286,2.392857142857143,8.0,3.6666666666666665,0.3,1.0,13.0,0.0,
2025,15,Dutch Grand Prix,,Dutch Grand Prix,hulkenberg,sauber,17.0,,11.899999999999999,37.0,9,2.642857142857143,11.785714285714286,14,0,1,0,0.07142857142857142,13.0,0.0,-6.0,13.107142857142858,1.8214285714285714,12.98611111111111,1.666666666666667,0.3,1.0,14.0,0.0,
2025,15,Dutch Grand Prix,,Dutch Grand Prix,bortoleto,sauber,13.0,,9.1,14.0,16,1.0,14.428571428571429,14,0,0,0,0.0,6.0,8.0,8.0,13.107142857142858,1.8214285714285714,14.25,1.666666666666667,0.3,1.0,15.0,0.0,
2025,15,Dutch Grand Prix,,Dutch Grand Prix,antonelli,mercedes,11.0,,7.699999999999999,60.0,7,4.285714285714286,11.285714285714286,14,0,1,0,0.07142857142857142,10.0,1.0,-11.0,8.035714285714286,7.928571428571429,9.833333333333334,-11.666666666666668,0.3,1.0,16.0,0.0,
2025,15,Dutch Grand Prix,,Dutch Grand Prix,gasly,alpine,14.0,,9.799999999999999,19.0,15,1.3571428571428572,13.428571428571429,14,0,0,0,0.0,19.0,0.0,0.0,14.821428571428571,0.6785714285714286,12.052631578947368,1.6666666666666667,0.3,1.0,17.0,0.0,
2025,15,Dutch Grand Prix,,Dutch Grand Prix,norris,mclaren,2.0,,1.4,260.0,2,18.571428571428573,3.0,14,5,12,4,0.8571428571428571,1.0,25.0,0.0,2.7142857142857144,18.678571428571427,6.385964912280702,10.333333333333336,0.3,1.0,18.0,0.0,
2025,15,Dutch Grand Prix,,Dutch Grand Prix,leclerc,ferrari,6.0,,4.199999999999999,142.0,5,10.142857142857142,6.0,14,0,5,1,0.35714285714285715,4.0,12.0,8.0,6.714285714285714,8.464285714285714,6.517543859649122,-7.666666666666668,0.3,1.0,19.0,0.0,
2025,15,Dutch Grand Prix,,Dutch Grand Prix,hamilton,ferrari,7.0,,4.8999999999999995,95.0,6,6.785714285714286,7.428571428571429,14,0,0,0,0.0,12.0,0.0,-1.0,6.714285714285714,8.464285714285714,6.271929824561403,-7.666666666666668,0.3,1.0,20.0,0.0,
2025,16,Italian Grand Prix,,Italian Grand Prix,max_verstappen,red_bull,1.0,,0.09999999999999998,191.0,3,12.733333333333333,4.933333333333334,15,2,6,4,0.4,2.0,18.0,0.0,9.1,6.566666666666666,3.254385964912281,2.0,0.9,1.0,1.0,25.0,
2025,16,Italian Grand Prix,,Italian Grand Prix,norris,mclaren,2.0,,0.19999999999999996,260.0,2,17.333333333333332,4.0,15,5,12,4,0.8,18.0,0.0,-25.0,3.1666666666666665,18.266666666666666,6.385964912280702,4.333333333333336,0.9,1.0,2.0,18.0,
2025,16,Italian Grand Prix,,Italian Grand Prix,piastri,mclaren,3.0,,0.29999999999999993,288.0,1,19.2,2.3333333333333335,15,7,13,5,0.8666666666666667,1.0,25.0,23.0,3.1666666666666665,18.266666666666666,6.628571428571429,4.333333333333336,0.9,1.0,3.0,15.0,
2025,16,Italian Grand Prix,,Italian Grand Prix,leclerc,ferrari,4.0,,0.3999999999999999,142.0,5,9.466666666666667,6.866666666666666,15,0,5,1,0.3333333333333333,19.0,0.0,-4.0,7.566666666666666,7.9,6.517543859649122,-8.0,0.9,1.0,4.0,12.0,
2025,16,Italian Grand Prix,,Italian Grand Prix,russell,mercedes,5.0,,0.4999999999999999,174.0,4,11.6,4.733333333333333,15,1,6,1,0.4,4.0,12.0,-3.0,8.166666666666666,7.8,7.587719298245614,-4.333333333333334,0.9,1.0,5.0,10.0,
2025,16,Italian Grand Prix,,Italian Grand Prix,hamilton,ferrari,10.0,,0.9999999999999998,95.0,6,6.333333333333333,8.266666666666667,15,0,0,0,0.0,20.0,0.0,-1.0,7.566666666666666,7.9,6.271929824561403,-8.0,0.9,1.0,6.0,8.0,
2025,16,Italian Grand Prix,,Italian Grand Prix,albon,williams,14.0,,1.3999999999999997,64.0,7,4.266666666666667,10.066666666666666,15,0,0,0,0.0,5.0,10.0,0.0,11.6,2.566666666666667,12.956043956043956,4.333333333333333,0.9,1.0,7.0,6.0,
2025,16,Italian Grand Prix,,Italian Grand Prix,bortoleto,sauber,7.0,,0.6999999999999998,14.0,17,0.9333333333333333,14.466666666666667,15,0,0,0,0.0,15.0,0.0,0.0,13.2,1.7,14.25,-5.0,0.9,1.0,8.0,4.0,
2025,16,Italian Grand Prix,,Italian Grand Prix,antonelli,mercedes,6.0,,0.5999999999999999,60.0,8,4.0,11.6,15,0,1,0,0.06666666666666667,16.0,0.0,-12.0,8.166666666666666,7.8,9.833333333333334,-4.333333333333334,0.9,1.0,9.0,2.0,
2025,16,Italian Grand Prix,,Italian Grand Prix,hadjar,rb,19.0,,1.8999999999999995,36.0,10,2.4,11.6,15,0,1,0,0.06666666666666667,3.0,15.0,15.0,12.3,1.8666666666666667,11.791666666666666,5.0,0.9,1.0,10.0,1.0,
2025,16,Italian Grand Prix,,Italian Grand Prix,sainz,williams,13.0,,1.2999999999999998,13.0,18,0.8666666666666667,13.133333333333333,15,0,0,0,0.0,13.0,0.0,0.0,11.6,2.566666666666667,8.0,4.333333333333333,0.9,1.0,11.0,0.0,
2025,16,Italian Grand Prix,,Italian Grand Prix,bearman,haas,11.0,,1.0999999999999996,14.0,16,0.9333333333333333,12.666666666666666,15,0,0,0,0.0,6.0,8.0,8.0,12.533333333333333,1.2666666666666666,11.555555555555555,2.0,0.9,1.0,12.0,0.0,
2025,16,Italian Grand Prix,,Italian Grand Prix,tsunoda,red_bull,9.0,,0.8999999999999998,6.0,19,0.4,13.333333333333334,15,0,0,0,0.0,9.0,2.0,2.0,9.1,6.566666666666666,13.324561403508772,2.0,0.9,1.0,13.0,0.0,
2025,16,Italian Grand Prix,,Italian Grand Prix,lawson,rb,18.0,,1.7999999999999996,20.0,14,1.3333333333333333,12.933333333333334,15,0,0,0,0.0,12.0,0.0,0.0,12.3,1.8666666666666667,12.82857142857143,5.0,0.9,1.0,14.0,0.0,
2025,16,Italian Grand Prix,,Italian Grand Prix,ocon,haas,15.0,,1.4999999999999996,24.0,13,1.6,12.4,15,0,0,0,0.0,10.0,1.0,1.0,12.533333333333333,1.2666666666666666,11.539823008849558,2.0,0.9,1.0,15.0,0.0,
2025,16,Italian Grand Prix,,Italian Grand Prix,gasly,alpine,20.0,,1.9999999999999996,19.0,15,1.2666666666666666,13.666666666666666,15,0,0,0,0.0,17.0,0.0,0.0,14.766666666666667,0.6333333333333333,12.052631578947368,-2.333333333333333,0.9,1.0,16.0,0.0,
2025,16,Italian Grand Prix,,Italian Grand Prix,colapinto,alpine,17.0,,1.6999999999999997,0.0,20,0.0,15.555555555555555,9,0,0,0,0.0,11.0,0.0,0.0,14.766666666666667,0.6333333333333333,15.222222222222221,-2.333333333333333,0.9,1.0,17.0,0.0,
2025,16,Italian Grand Prix,,Italian Grand Prix,stroll,aston_martin,16.0,,1.5999999999999996,28.0,12,2.0,12.857142857142858,14,0,0,0,0.0,7.0,6.0,-2.0,12.344827586206897,2.0,12.410714285714286,1.9999999999999991,0.9,1.0,18.0,0.0,
2025,16,Italian Grand Prix,,Italian Grand Prix,alonso,aston_martin,8.0,,0.7999999999999998,30.0,11,2.0,11.866666666666667,15,0,0,0,0.0,8.0,4.0,4.0,12.344827586206897,2.0,9.929824561403509,1.9999999999999991,0.9,1.0,19.0,0.0,
2025,16,Italian Grand Prix,,Italian Grand Prix,hulkenberg,sauber,12.0,,1.1999999999999997,37.0,9,2.466666666666667,11.933333333333334,15,0,1,0,0.06666666666666667,14.0,0.0,-6.0,13.2,1.7,12.98611111111111,-5.0,0.9,1.0,20.0,0.0,
2025,17,Azerbaijan Grand Prix,,Azerbaijan Grand Prix,max_verstappen,red_bull,1.0,,0.30000000000000004,216.0,3,13.5,4.6875,16,3,7,5,0.4375,1.0,25.0,7.0,8.96875,6.9375,3.254385964912281,8.333333333333332,0.7,1.0,1.0,25.0,
2025,17,Azerbaijan Grand Prix,,Azerbaijan Grand Prix,russell,mercedes,5.0,,1.5000000000000002,184.0,4,11.5,4.75,16,1,6,1,0.375,5.0,10.0,-5.0,8.09375,7.6875,7.587719298245614,6.333333333333334,0.7,1.0,2.0,18.0,
2025,17,Azerbaijan Grand Prix,,Azerbaijan Grand Prix,sainz,williams,2.0,,0.6000000000000001,13.0,18,0.8125,13.0,16,0,0,0,0.0,11.0,0.0,0.0,11.4375,2.59375,8.0,1.333333333333333,0.7,1.0,3.0,15.0,
2025,17,Azerbaijan Grand Prix,,Azerbaijan Grand Prix,antonelli,mercedes,4.0,,1.2000000000000002,62.0,8,3.875,11.4375,16,0,1,0,0.0625,9.0,2.0,-10.0,8.09375,7.6875,9.833333333333334,6.333333333333334,0.7,1.0,4.0,12.0,
2025,17,Azerbaijan Grand Prix,,Azerbaijan Grand Prix,lawson,rb,3.0,,0.9000000000000001,20.0,14,1.25,13.0,16,0,0,0,0.0,14.0,0.0,0.0,12.28125,1.78125,12.82857142857143,2.666666666666667,0.7,1.0,5.0,10.0,
2025,17,Azerbaijan Grand Prix,,Azerbaijan Grand Prix,tsunoda,red_bull,6.0,,1.8000000000000003,6.0,19,0.375,13.3125,16,0,0,0,0.0,13.0,0.0,0.0,8.96875,6.9375,13.324561403508772,8.333333333333332,0.7,1.0,6.0,8.0,
2025,17,Azerbaijan Grand Prix,,Azerbaijan Grand Prix,norris,mclaren,7.0,,2.1000000000000005,278.0,2,17.375,3.875,16,5,13,4,0.8125,2.0,18.0,-7.0,3.125,18.15625,6.385964912280702,-9.333333333333336,0.7,1.0,7.0,6.0,
2025,17,Azerbaijan Grand Prix,,Azerbaijan Grand Prix,hamilton,ferrari,12.0,,3.6000000000000005,103.0,6,6.4375,8.125,16,0,0,0,0.0,6.0,8.0,7.0,7.40625,8.03125,6.271929824561403,-9.333333333333334,0.7,1.0,8.0,4.0,
2025,17,Azerbaijan Grand Prix,,Azerbaijan Grand Prix,leclerc,ferrari,10.0,,3.0000000000000004,154.0,5,9.625,6.6875,16,0,5,1,0.3125,4.0,12.0,8.0,7.40625,8.03125,6.517543859649122,-9.333333333333334,0.7,1.0,9.0,2.0,
2025,17,Azerbaijan Grand Prix,,Azerbaijan Grand Prix,hadjar,rb,8.0,,2.4000000000000004,37.0,9,2.3125,11.5,16,0,1,0,0.0625,10.0,1.0,1.0,12.28125,1.78125,11.791666666666666,2.666666666666667,0.7,1.0,10.0,1.0,
2025,17,Azerbaijan Grand Prix,,Azerbaijan Grand Prix,bortoleto,sauber,13.0,,3.9000000000000004,18.0,16,1.125,14.0625,16,0,0,0,0.0,8.0,4.0,4.0,13.25,1.71875,14.25,-3.666666666666667,0.7,1.0,11.0,0.0,
2025,17,Azerbaijan Grand Prix,,Azerbaijan Grand Prix,bearman,haas,15.0,,4.500000000000001,14.0,17,0.875,12.625,16,0,0,0,0.0,12.0,0.0,0.0,12.59375,1.1875,11.555555555555555,2.6666666666666665,0.7,1.0,12.0,0.0,
2025,17,Azerbaijan Grand Prix,,Azerbaijan Grand Prix,albon,williams,19.0,,5.700000000000001,70.0,7,4.375,9.875,16,0,0,0,0.0,7.0,6.0,-4.0,11.4375,2.59375,12.956043956043956,1.333333333333333,0.7,1.0,13.0,0.0,
2025,17,Azerbaijan Grand Prix,,Azerbaijan Grand Prix,ocon,haas,20.0,,6.000000000000001,24.0,13,1.5,12.5625,16,0,0,0,0.0,15.0,0.0,0.0,12.59375,1.1875,11.539823008849558,2.6666666666666665,0.7,1.0,14.0,0.0,
2025,17,Azerbaijan Grand Prix,,Azerbaijan Grand Prix,alonso,aston_martin,11.0,,3.3000000000000007,30.0,11,1.875,12.3125,16,0,0,0,0.0,19.0,0.0,0.0,12.741935483870968,1.8709677419354838,9.929824561403509,3.999999999999999,0.7,1.0,15.0,0.0,
2025,17,Azerbaijan Grand Prix,,Azerbaijan Grand Prix,hulkenberg,sauber,17.0,,5.1000000000000005,37.0,10,2.3125,12.4375,16,0,1,0,0.0625,20.0,0.0,-6.0,13.25,1.71875,12.98611111111111,-3.666666666666667,0.7,1.0,16.0,0.0,
2025,17,Azerbaijan Grand Prix,,Azerbaijan Grand Prix,stroll,aston_martin,14.0,,4.200000000000001,28.0,12,1.8666666666666667,13.2,15,0,0,0,0.0,18.0,0.0,-8.0,12.741935483870968,1.8709677419354838,12.410714285714286,3.999999999999999,0.7,1.0,17.0,0.0,
2025,17,Azerbaijan Grand Prix,,Azerbaijan Grand Prix,gasly,alpine,18.0,,5.4,19.0,15,1.1875,13.8125,16,0,0,0,0.0,16.0,0.0,0.0,14.875,0.59375,12.052631578947368,-3.0,0.7,1.0,18.0,0.0,
2025,17,Azerbaijan Grand Prix,,Azerbaijan Grand Prix,colapinto,alpine,16.0,,4.800000000000001,0.0,20,0.0,15.7,10,0,0,0,0.0,17.0,0.0,0.0,14.875,0.59375,15.222222222222221,-3.0,0.7,1.0,19.0,0.0,
2025,17,Azerbaijan Grand Prix,,Azerbaijan Grand Prix,piastri,mclaren,9.0,,2.7,303.0,1,18.9375,2.375,16,7,14,5,0.875,3.0,15.0,13.0,3.125,18.15625,6.628571428571429,-9.333333333333336,0.7,1.0,20.0,0.0,
2025,18,Singapore Grand Prix,,Singapore Grand Prix,russell,mercedes,1.0,,0.8,202.0,4,11.882352941176471,4.588235294117647,17,1,7,1,0.4117647058823529,2.0,18.0,3.0,7.794117647058823,8.117647058823529,7.587719298245614,9.0,0.2,1.0,1.0,25.0,
2025,18,Singapore Grand Prix,,Singapore Grand Prix,max_verstappen,red_bull,2.0,,1.6,241.0,3,14.176470588235293,4.470588235294118,17,4,8,6,0.47058823529411764,1.0,25.0,7.0,8.647058823529411,7.5,3.254385964912281,18.0,0.2,1.0,2.0,18.0,
2025,18,Singapore Grand Prix,,Singapore Grand Prix,norris,mclaren,5.0,,4.0,284.0,2,16.705882352941178,4.0588235294117645,17,5,13,4,0.7647058823529411,7.0,6.0,-19.0,3.735294117647059,17.264705882352942,6.385964912280702,-21.666666666666668,0.2,1.0,3.0,15.0,
2025,18,Singapore Grand Prix,,Singapore Grand Prix,piastri,mclaren,3.0,,2.4000000000000004,303.0,1,17.823529411764707,3.411764705882353,17,7,14,5,0.8235294117647058,20.0,0.0,-2.0,3.735294117647059,17.264705882352942,6.628571428571429,-21.666666666666668,0.2,1.0,4.0,12.0,
2025,18,Singapore Grand Prix,,Singapore Grand Prix,antonelli,mercedes,4.0,,3.2,74.0,7,4.352941176470588,11.0,17,0,1,0,0.058823529411764705,4.0,12.0,0.0,7.794117647058823,8.117647058823529,9.833333333333334,9.0,0.2,1.0,5.0,10.0,
2025,18,Singapore Grand Prix,,Singapore Grand Prix,leclerc,ferrari,7.0,,5.6000000000000005,156.0,5,9.176470588235293,6.823529411764706,17,0,5,1,0.29411764705882354,9.0,2.0,-2.0,7.470588235294118,7.735294117647059,6.517543859649122,-6.333333333333334,0.2,1.0,6.0,8.0,
2025,18,Singapore Grand Prix,,Singapore Grand Prix,alonso,aston_martin,10.0,,8.0,30.0,11,1.7647058823529411,12.470588235294118,17,0,0,0,0.0,15.0,0.0,0.0,12.93939393939394,1.7575757575757576,9.929824561403509,-4.666666666666666,0.2,1.0,7.0,6.0,
2025,18,Singapore Grand Prix,,Singapore Grand Prix,hamilton,ferrari,6.0,,4.800000000000001,107.0,6,6.294117647058823,8.117647058823529,17,0,0,0,0.0,8.0,4.0,3.0,7.470588235294118,7.735294117647059,6.271929824561403,-6.333333333333334,0.2,1.0,8.0,4.0,
2025,18,Singapore Grand Prix,,Singapore Grand Prix,bearman,haas,9.0,,7.2,14.0,18,0.8235294117647058,12.588235294117647,17,0,0,0,0.0,12.0,0.0,0.0,12.617647058823529,1.1176470588235294,11.555555555555555,3.0,0.2,1.0,9.0,2.0,
2025,18,Singapore Grand Prix,,Singapore Grand Prix,sainz,williams,18.0,,14.4,28.0,13,1.6470588235294117,12.411764705882353,17,0,1,0,0.058823529411764705,3.0,15.0,15.0,11.235294117647058,2.8823529411764706,8.0,6.333333333333334,0.2,1.0,10.0,1.0,
2025,18,Singapore Grand Prix,,Singapore Grand Prix,hadjar,rb,8.0,,6.4,38.0,9,2.235294117647059,11.411764705882353,17,0,1,0,0.058823529411764705,10.0,1.0,1.0,12.0,2.0,11.791666666666666,6.333333333333334,0.2,1.0,11.0,0.0,
2025,18,Singapore Grand Prix,,Singapore Grand Prix,tsunoda,red_bull,13.0,,10.4,14.0,19,0.8235294117647058,12.882352941176471,17,0,0,0,0.0,6.0,8.0,8.0,8.647058823529411,7.5,13.324561403508772,18.0,0.2,1.0,12.0,0.0,
2025,18,Singapore Grand Prix,,Singapore Grand Prix,stroll,aston_martin,15.0,,12.0,28.0,14,1.75,13.4375,16,0,0,0,0.0,17.0,0.0,-8.0,12.93939393939394,1.7575757575757576,12.410714285714286,-4.666666666666666,0.2,1.0,13.0,0.0,
2025,18,Singapore Grand Prix,,Singapore Grand Prix,albon,williams,20.0,,16.0,70.0,8,4.117647058823529,10.058823529411764,17,0,0,0,0.0,13.0,0.0,-10.0,11.235294117647058,2.8823529411764706,12.956043956043956,6.333333333333334,0.2,1.0,14.0,0.0,
2025,18,Singapore Grand Prix,,Singapore Grand Prix,lawson,rb,12.0,,9.600000000000001,30.0,12,1.7647058823529411,12.529411764705882,17,0,0,0,0.0,5.0,10.0,10.0,12.0,2.0,12.82857142857143,6.333333333333334,0.2,1.0,15.0,0.0,
2025,18,Singapore Grand Prix,,Singapore Grand Prix,colapinto,alpine,16.0,,12.8,0.0,20,0.0,16.0,11,0,0,0,0.0,19.0,0.0,0.0,15.088235294117647,0.5588235294117647,15.222222222222221,-3.0,0.2,1.0,16.0,0.0,
2025,18,Singapore Grand Prix,,Singapore Grand Prix,bortoleto,sauber,14.0,,11.200000000000001,18.0,17,1.0588235294117647,13.882352941176471,17,0,0,0,0.0,11.0,0.0,0.0,13.264705882352942,1.6176470588235294,14.25,-7.000000000000001,0.2,1.0,17.0,0.0,
2025,18,Singapore Grand Prix,,Singapore Grand Prix,ocon,haas,17.0,,13.600000000000001,24.0,15,1.411764705882353,12.647058823529411,17,0,0,0,0.0,14.0,0.0,0.0,12.617647058823529,1.1176470588235294,11.539823008849558,3.0,0.2,1.0,18.0,0.0,
2025,18,Singapore Grand Prix,,Singapore Grand Prix,gasly,alpine,19.0,,15.200000000000001,19.0,16,1.1176470588235294,14.058823529411764,17,0,0,0,0.0,18.0,0.0,0.0,15.088235294117647,0.5588235294117647,12.052631578947368,-3.0,0.2,1.0,19.0,0.0,
2025,18,Singapore Grand Prix,,Singapore Grand Prix,hulkenberg,sauber,11.0,,8.8,37.0,10,2.176470588235294,12.647058823529411,17,0,1,0,0.058823529411764705,16.0,0.0,-6.0,13.264705882352942,1.6176470588235294,12.98611111111111,-7.000000000000001,0.2,1.0,20.0,0.0,
2025,19,United States Grand Prix,,United States Grand Prix,max_verstappen,red_bull,1.0,,0.30000000000000004,259.0,3,14.38888888888889,4.333333333333333,18,4,9,6,0.5,2.0,18.0,0.0,8.555555555555555,7.583333333333333,3.254385964912281,13.999999999999998,0.7,1.0,1.0,25.0,
2025,19,United States Grand Prix,,United States Grand Prix,norris,mclaren,2.0,,0.6000000000000001,299.0,2,16.61111111111111,4.0,18,5,14,4,0.7777777777777778,3.0,15.0,-10.0,3.7222222222222223,17.055555555555557,6.385964912280702,-15.0,0.7,1.0,2.0,18.0,
2025,19,United States Grand Prix,,United States Grand Prix,leclerc,ferrari,3.0,,0.9000000000000001,164.0,5,9.11111111111111,6.777777777777778,18,0,5,1,0.2777777777777778,6.0,8.0,4.0,7.444444444444445,7.638888888888889,6.517543859649122,1.666666666666666,0.7,1.0,3.0,15.0,
2025,19,United States Grand Prix,,United States Grand Prix,hamilton,ferrari,5.0,,1.5000000000000002,111.0,6,6.166666666666667,8.11111111111111,18,0,0,0,0.0,8.0,4.0,3.0,7.444444444444445,7.638888888888889,6.271929824561403,1.666666666666666,0.7,1.0,4.0,12.0,
2025,19,United States Grand Prix,,United States Grand Prix,piastri,mclaren,6.0,,1.8000000000000003,315.0,1,17.5,3.4444444444444446,18,7,14,5,0.7777777777777778,4.0,12.0,10.0,3.7222222222222223,17.055555555555557,6.628571428571429,-15.0,0.7,1.0,5.0,10.0,
2025,19,United States Grand Prix,,United States Grand Prix,russell,mercedes,4.0,,1.2000000000000002,227.0,4,12.61111111111111,4.388888888888889,18,2,8,2,0.4444444444444444,1.0,25.0,10.0,7.527777777777778,8.63888888888889,7.587719298245614,13.000000000000002,0.7,1.0,6.0,8.0,
2025,19,United States Grand Prix,,United States Grand Prix,tsunoda,red_bull,13.0,,3.9000000000000004,14.0,19,0.7777777777777778,12.833333333333334,18,0,0,0,0.0,12.0,0.0,0.0,8.555555555555555,7.583333333333333,13.324561403508772,13.999999999999998,0.7,1.0,7.0,6.0,
2025,19,United States Grand Prix,,United States Grand Prix,hulkenberg,sauber,11.0,,3.3000000000000007,37.0,10,2.0555555555555554,13.055555555555555,18,0,1,0,0.05555555555555555,20.0,0.0,-6.0,13.555555555555555,1.5277777777777777,12.98611111111111,-2.0,0.7,1.0,8.0,4.0,
2025,19,United States Grand Prix,,United States Grand Prix,bearman,haas,8.0,,2.4000000000000004,16.0,18,0.8888888888888888,12.38888888888889,18,0,0,0,0.0,9.0,2.0,2.0,12.666666666666666,1.1111111111111112,11.555555555555555,-2.3333333333333335,0.7,1.0,9.0,2.0,
2025,19,United States Grand Prix,,United States Grand Prix,alonso,aston_martin,10.0,,3.0000000000000004,36.0,11,2.0,12.166666666666666,18,0,0,0,0.0,7.0,6.0,6.0,12.771428571428572,1.8285714285714285,9.929824561403509,-6.666666666666666,0.7,1.0,10.0,1.0,
2025,19,United States Grand Prix,,United States Grand Prix,lawson,rb,12.0,,3.6000000000000005,30.0,12,1.6666666666666667,12.666666666666666,18,0,0,0,0.0,15.0,0.0,0.0,12.055555555555555,1.8888888888888888,12.82857142857143,-3.666666666666667,0.7,1.0,11.0,0.0,
2025,19,United States Grand Prix,,United States Grand Prix,stroll,aston_martin,19.0,,5.700000000000001,28.0,14,1.6470588235294117,13.411764705882353,17,0,0,0,0.0,13.0,0.0,-8.0,12.771428571428572,1.8285714285714285,12.410714285714286,-6.666666666666666,0.7,1.0,12.0,0.0,
2025,19,United States Grand Prix,,United States Grand Prix,antonelli,mercedes,7.0,,2.1000000000000005,84.0,7,4.666666666666667,10.666666666666666,18,0,1,0,0.05555555555555555,5.0,10.0,-2.0,7.527777777777778,8.63888888888889,9.833333333333334,13.000000000000002,0.7,1.0,13.0,0.0,
2025,19,United States Grand Prix,,United States Grand Prix,albon,williams,18.0,,5.4,70.0,8,3.888888888888889,10.277777777777779,18,0,0,0,0.0,14.0,0.0,-10.0,11.277777777777779,2.75,12.956043956043956,1.333333333333333,0.7,1.0,14.0,0.0,
2025,19,United States Grand Prix,,United States Grand Prix,ocon,haas,17.0,,5.1000000000000005,24.0,15,1.3333333333333333,12.944444444444445,18,0,0,0,0.0,18.0,0.0,0.0,12.666666666666666,1.1111111111111112,11.539823008849558,-2.3333333333333335,0.7,1.0,15.0,0.0,
2025,19,United States Grand Prix,,United States Grand Prix,hadjar,rb,20.0,,6.000000000000001,38.0,9,2.111111111111111,11.38888888888889,18,0,1,0,0.05555555555555555,11.0,0.0,0.0,12.055555555555555,1.8888888888888888,11.791666666666666,-3.666666666666667,0.7,1.0,16.0,0.0,
2025,19,United States Grand Prix,,United States Grand Prix,colapinto,alpine,15.0,,4.500000000000001,0.0,20,0.0,16.0,12,0,0,0,0.0,16.0,0.0,0.0,15.222222222222221,0.5277777777777778,15.222222222222221,-0.3333333333333333,0.7,1.0,17.0,0.0,
2025,19,United States Grand Prix,,United States Grand Prix,bortoleto,sauber,16.0,,4.800000000000001,18.0,17,1.0,14.055555555555555,18,0,0,0,0.0,17.0,0.0,0.0,13.555555555555555,1.5277777777777777,14.25,-2.0,0.7,1.0,18.0,0.0,
2025,19,United States Grand Prix,,United States Grand Prix,gasly,alpine,14.0,,4.200000000000001,19.0,16,1.0555555555555556,14.333333333333334,18,0,0,0,0.0,19.0,0.0,0.0,15.222222222222221,0.5277777777777778,12.052631578947368,-0.3333333333333333,0.7,1.0,19.0,0.0,
2025,19,United States Grand Prix,,United States Grand Prix,sainz,williams,9.0,,2.7,29.0,13,1.6111111111111112,12.277777777777779,18,0,1,0,0.05555555555555555,10.0,1.0,1.0,11.277777777777779,2.75,8.0,1.333333333333333,0.7,1.0,20.0,0.0,
2025,20,Mexico City Grand Prix,,Mexico City Grand Prix,norris,mclaren,1.0,,0.4,317.0,2,16.68421052631579,3.8947368421052633,19,5,15,4,0.7894736842105263,2.0,18.0,-7.0,3.710526315789474,16.894736842105264,6.385964912280702,-13.333333333333332,0.6,1.0,1.0,25.0,
2025,20,Mexico City Grand Prix,,Mexico City Grand Prix,leclerc,ferrari,2.0,,0.8,179.0,5,9.421052631578947,6.578947368421052,19,0,6,1,0.3157894736842105,3.0,15.0,11.0,7.2368421052631575,7.947368421052632,6.517543859649122,4.333333333333334,0.6,1.0,2.0,18.0,
2025,20,Mexico City Grand Prix,,Mexico City Grand Prix,max_verstappen,red_bull,5.0,,2.0,284.0,3,14.947368421052632,4.157894736842105,19,5,10,7,0.5263157894736842,1.0,25.0,7.0,8.31578947368421,8.0,3.254385964912281,11.666666666666666,0.6,1.0,3.0,15.0,
2025,20,Mexico City Grand Prix,,Mexico City Grand Prix,bearman,haas,9.0,,3.6,18.0,18,0.9473684210526315,12.210526315789474,19,0,0,0,0.0,9.0,2.0,2.0,12.631578947368421,1.105263157894737,11.555555555555555,-1.6666666666666667,0.6,1.0,4.0,12.0,
2025,20,Mexico City Grand Prix,,Mexico City Grand Prix,piastri,mclaren,7.0,,2.8000000000000003,325.0,1,17.105263157894736,3.526315789473684,19,7,14,5,0.7368421052631579,5.0,10.0,8.0,3.710526315789474,16.894736842105264,6.628571428571429,-13.333333333333332,0.6,1.0,5.0,10.0,
2025,20,Mexico City Grand Prix,,Mexico City Grand Prix,antonelli,mercedes,6.0,,2.4000000000000004,84.0,7,4.421052631578948,10.789473684210526,19,0,1,0,0.05263157894736842,13.0,0.0,-12.0,7.631578947368421,8.394736842105264,9.833333333333334,10.999999999999998,0.6,1.0,6.0,8.0,
2025,20,Mexico City Grand Prix,,Mexico City Grand Prix,russell,mercedes,4.0,,1.6,235.0,4,12.368421052631579,4.473684210526316,19,2,8,2,0.42105263157894735,6.0,8.0,-7.0,7.631578947368421,8.394736842105264,7.587719298245614,10.999999999999998,0.6,1.0,7.0,6.0,
2025,20,Mexico City Grand Prix,,Mexico City Grand Prix,hamilton,ferrari,3.0,,1.2000000000000002,123.0,6,6.473684210526316,7.894736842105263,19,0,0,0,0.0,4.0,12.0,11.0,7.2368421052631575,7.947368421052632,6.271929824561403,4.333333333333334,0.6,1.0,8.0,4.0,
2025,20,Mexico City Grand Prix,,Mexico City Grand Prix,ocon,haas,11.0,,4.4,24.0,15,1.263157894736842,13.052631578947368,19,0,0,0,0.0,15.0,0.0,0.0,12.631578947368421,1.105263157894737,11.539823008849558,-1.6666666666666667,0.6,1.0,9.0,2.0,
2025,20,Mexico City Grand Prix,,Mexico City Grand Prix,bortoleto,sauber,16.0,,6.4,18.0,19,0.9473684210526315,14.263157894736842,19,0,0,0,0.0,18.0,0.0,0.0,13.526315789473685,1.5526315789473684,14.25,-2.666666666666667,0.6,1.0,10.0,1.0,
2025,20,Mexico City Grand Prix,,Mexico City Grand Prix,tsunoda,red_bull,10.0,,4.0,20.0,16,1.0526315789473684,12.526315789473685,19,0,0,0,0.0,7.0,6.0,6.0,8.31578947368421,8.0,13.324561403508772,11.666666666666666,0.6,1.0,11.0,0.0,
2025,20,Mexico City Grand Prix,,Mexico City Grand Prix,albon,williams,17.0,,6.800000000000001,70.0,8,3.6842105263157894,10.473684210526315,19,0,0,0,0.0,14.0,0.0,-10.0,11.578947368421053,2.6052631578947367,12.956043956043956,0.0,0.6,1.0,12.0,0.0,
2025,20,Mexico City Grand Prix,,Mexico City Grand Prix,hadjar,rb,8.0,,3.2,38.0,10,2.0,11.631578947368421,19,0,1,0,0.05263157894736842,16.0,0.0,0.0,12.131578947368421,1.7894736842105263,11.791666666666666,-3.0000000000000004,0.6,1.0,13.0,0.0,
2025,20,Mexico City Grand Prix,,Mexico City Grand Prix,stroll,aston_martin,19.0,,7.6000000000000005,28.0,14,1.5555555555555556,13.333333333333334,18,0,0,0,0.0,12.0,0.0,-8.0,12.675675675675675,1.7567567567567568,12.410714285714286,-6.333333333333332,0.6,1.0,14.0,0.0,
2025,20,Mexico City Grand Prix,,Mexico City Grand Prix,gasly,alpine,18.0,,7.2,19.0,17,1.0,14.578947368421053,19,0,0,0,0.0,19.0,0.0,0.0,15.368421052631579,0.5,12.052631578947368,0.0,0.6,1.0,15.0,0.0,
2025,20,Mexico City Grand Prix,,Mexico City Grand Prix,colapinto,alpine,20.0,,8.0,0.0,20,0.0,16.076923076923077,13,0,0,0,0.0,17.0,0.0,0.0,15.368421052631579,0.5,15.222222222222221,0.0,0.6,1.0,16.0,0.0,
2025,20,Mexico City Grand Prix,,Mexico City Grand Prix,sainz,williams,12.0,,4.800000000000001,29.0,13,1.5263157894736843,12.68421052631579,19,0,1,0,0.05263157894736842,20.0,0.0,0.0,11.578947368421053,2.6052631578947367,8.0,0.0,0.6,1.0,17.0,0.0,
2025,20,Mexico City Grand Prix,,Mexico City Grand Prix,alonso,aston_martin,14.0,,5.6000000000000005,37.0,11,1.9473684210526316,12.052631578947368,19,0,0,0,0.0,10.0,1.0,1.0,12.675675675675675,1.7567567567567568,9.929824561403509,-6.333333333333332,0.6,1.0,18.0,0.0,
2025,20,Mexico City Grand Prix,,Mexico City Grand Prix,hulkenberg,sauber,13.0,,5.2,41.0,9,2.1578947368421053,12.789473684210526,19,0,1,0,0.05263157894736842,8.0,4.0,-2.0,13.526315789473685,1.5526315789473684,12.98611111111111,-2.666666666666667,0.6,1.0,19.0,0.0,
2025,20,Mexico City Grand Prix,,Mexico City Grand Prix,lawson,rb,15.0,,6.0,30.0,12,1.5789473684210527,12.578947368421053,19,0,0,0,0.0,11.0,0.0,0.0,12.131578947368421,1.7894736842105263,12.82857142857143,-3.0000000000000004,0.6,1.0,20.0,0.0,
2025,21,São Paulo Grand Prix,,Sao Paulo Grand Prix,norris,mclaren,1.0,,0.4,342.0,1,17.1,3.75,20,6,16,5,0.8,1.0,25.0,0.0,3.675,16.925,6.385964912280702,8.666666666666668,0.6,1.0,1.0,25.0,
2025,21,São Paulo Grand Prix,,Sao Paulo Grand Prix,antonelli,mercedes,2.0,,0.8,92.0,7,4.6,10.55,20,0,1,0,0.05,6.0,8.0,-4.0,7.575,8.325,9.833333333333334,1.0,0.6,1.0,2.0,18.0,
2025,21,São Paulo Grand Prix,,Sao Paulo Grand Prix,max_verstappen,red_bull,19.0,,7.6000000000000005,299.0,3,14.95,4.1,20,5,11,7,0.55,3.0,15.0,-3.0,8.25,7.975,3.254385964912281,-4.666666666666668,0.6,1.0,3.0,15.0,
2025,21,São Paulo Grand Prix,,Sao Paulo Grand Prix,russell,mercedes,6.0,,2.4000000000000004,241.0,4,12.05,4.6,20,2,8,2,0.4,7.0,6.0,-9.0,7.575,8.325,7.587719298245614,1.0,0.6,1.0,4.0,12.0,
2025,21,São Paulo Grand Prix,,Sao Paulo Grand Prix,piastri,mclaren,4.0,,1.6,335.0,2,16.75,3.6,20,7,14,5,0.7,5.0,10.0,8.0,3.675,16.925,6.628571428571429,8.666666666666668,0.6,1.0,5.0,10.0,
2025,21,São Paulo Grand Prix,,Sao Paulo Grand Prix,bearman,haas,8.0,,3.2,30.0,12,1.5,11.8,20,0,0,0,0.0,4.0,12.0,12.0,12.325,1.4,11.555555555555555,3.0,0.6,1.0,6.0,8.0,
2025,21,São Paulo Grand Prix,,Sao Paulo Grand Prix,lawson,rb,7.0,,2.8000000000000003,30.0,13,1.5,12.95,20,0,0,0,0.0,20.0,0.0,0.0,12.35,1.7,12.82857142857143,-9.0,0.6,1.0,7.0,6.0,
2025,21,São Paulo Grand Prix,,Sao Paulo Grand Prix,hadjar,rb,5.0,,2.0,38.0,10,1.9,11.7,20,0,1,0,0.05,13.0,0.0,0.0,12.35,1.7,11.791666666666666,-9.0,0.6,1.0,8.0,4.0,
2025,21,São Paulo Grand Prix,,Sao Paulo Grand Prix,hulkenberg,sauber,10.0,,4.0,41.0,9,2.05,13.1,20,0,1,0,0.05,19.0,0.0,-6.0,13.575,1.5,12.98611111111111,0.3333333333333335,0.6,1.0,9.0,2.0,
2025,21,São Paulo Grand Prix,,Sao Paulo Grand Prix,gasly,alpine,9.0,,3.6,19.0,19,0.95,14.6,20,0,0,0,0.0,15.0,0.0,0.0,15.375,0.475,12.052631578947368,0.0,0.6,1.0,10.0,1.0,
2025,21,São Paulo Grand Prix,,Sao Paulo Grand Prix,albon,williams,12.0,,4.800000000000001,70.0,8,3.5,10.55,20,0,0,0,0.0,12.0,0.0,-10.0,11.725,2.475,12.956043956043956,-10.0,0.6,1.0,11.0,0.0,
2025,21,São Paulo Grand Prix,,Sao Paulo Grand Prix,ocon,haas,20.0,,8.0,26.0,16,1.3,12.85,20,0,0,0,0.0,9.0,2.0,2.0,12.325,1.4,11.539823008849558,3.0,0.6,1.0,12.0,0.0,
2025,21,São Paulo Grand Prix,,Sao Paulo Grand Prix,sainz,williams,15.0,,6.0,29.0,14,1.45,12.9,20,0,1,0,0.05,17.0,0.0,0.0,11.725,2.475,8.0,-10.0,0.6,1.0,13.0,0.0,
2025,21,São Paulo Grand Prix,,Sao Paulo Grand Prix,alonso,aston_martin,11.0,,4.4,37.0,11,1.85,12.35,20,0,0,0,0.0,18.0,0.0,0.0,12.846153846153847,1.6666666666666667,9.929824561403509,-1.0,0.6,1.0,14.0,0.0,
2025,21,São Paulo Grand Prix,,Sao Paulo Grand Prix,colapinto,alpine,16.0,,6.4,0.0,20,0.0,16.071428571428573,14,0,0,0,0.0,16.0,0.0,0.0,15.375,0.475,15.222222222222221,0.0,0.6,1.0,15.0,0.0,
2025,21,São Paulo Grand Prix,,Sao Paulo Grand Prix,stroll,aston_martin,14.0,,5.6000000000000005,28.0,15,1.4736842105263157,13.368421052631579,19,0,0,0,0.0,14.0,0.0,-8.0,12.846153846153847,1.6666666666666667,12.410714285714286,-1.0,0.6,1.0,16.0,0.0,
2025,21,São Paulo Grand Prix,,Sao Paulo Grand Prix,tsunoda,red_bull,17.0,,6.800000000000001,20.0,17,1.0,12.45,20,0,0,0,0.0,11.0,0.0,0.0,8.25,7.975,13.324561403508772,-4.666666666666668,0.6,1.0,17.0,0.0,
2025,21,São Paulo Grand Prix,,Sao Paulo Grand Prix,hamilton,ferrari,13.0,,5.2,127.0,6,6.35,7.9,20,0,0,0,0.0,8.0,4.0,3.0,7.125,8.1,6.271929824561403,11.666666666666666,0.6,1.0,18.0,0.0,
2025,21,São Paulo Grand Prix,,Sao Paulo Grand Prix,leclerc,ferrari,3.0,,1.2000000000000002,197.0,5,9.85,6.35,20,0,7,1,0.35,2.0,18.0,14.0,7.125,8.1,6.517543859649122,11.666666666666666,0.6,1.0,19.0,0.0,
2025,21,São Paulo Grand Prix,,Sao Paulo Grand Prix,bortoleto,sauber,18.0,,7.2,19.0,18,0.95,14.05,20,0,0,0,0.0,10.0,1.0,1.0,13.575,1.5,14.25,0.3333333333333335,0.6,1.0,20.0,0.0,
2025,22,Las Vegas Grand Prix,,Las Vegas Grand Prix,max_verstappen,red_bull,2.0,,0.6000000000000001,314.0,3,14.952380952380953,4.0476190476190474,21,5,12,7,0.5714285714285714,3.0,15.0,-3.0,8.333333333333334,7.9523809523809526,3.254385964912281,-5.0,0.7,1.0,1.0,25.0,
2025,22,Las Vegas Grand Prix,,Las Vegas Grand Prix,russell,mercedes,4.0,,1.2000000000000002,253.0,4,12.047619047619047,4.571428571428571,21,2,8,2,0.38095238095238093,4.0,12.0,-3.0,7.357142857142857,8.642857142857142,7.587719298245614,-8.333333333333336,0.7,1.0,2.0,18.0,
2025,22,Las Vegas Grand Prix,,Las Vegas Grand Prix,antonelli,mercedes,17.0,,5.1000000000000005,110.0,7,5.238095238095238,10.142857142857142,21,0,2,0,0.09523809523809523,2.0,18.0,6.0,7.357142857142857,8.642857142857142,9.833333333333334,-8.333333333333336,0.7,1.0,3.0,15.0,
2025,22,Las Vegas Grand Prix,,Las Vegas Grand Prix,leclerc,ferrari,9.0,,2.7,197.0,5,9.380952380952381,6.9523809523809526,21,0,7,1,0.3333333333333333,19.0,0.0,-4.0,7.666666666666667,7.714285714285714,6.517543859649122,3.666666666666666,0.7,1.0,4.0,12.0,
2025,22,Las Vegas Grand Prix,,Las Vegas Grand Prix,sainz,williams,3.0,,0.9000000000000001,29.0,14,1.380952380952381,12.904761904761905,21,0,1,0,0.047619047619047616,13.0,0.0,0.0,11.738095238095237,2.357142857142857,8.0,-7.333333333333333,0.7,1.0,5.0,10.0,
2025,22,Las Vegas Grand Prix,,Las Vegas Grand Prix,hadjar,rb,8.0,,2.4000000000000004,42.0,10,2.0,11.523809523809524,21,0,1,0,0.047619047619047616,8.0,4.0,4.0,12.119047619047619,1.8571428571428572,11.791666666666666,-0.6666666666666665,0.7,1.0,6.0,8.0,
2025,22,Las Vegas Grand Prix,,Las Vegas Grand Prix,hulkenberg,sauber,11.0,,3.3000000000000007,43.0,9,2.0476190476190474,12.904761904761905,21,0,1,0,0.047619047619047616,9.0,2.0,-4.0,13.619047619047619,1.4761904761904763,12.98611111111111,1.0000000000000002,0.7,1.0,7.0,6.0,
2025,22,Las Vegas Grand Prix,,Las Vegas Grand Prix,hamilton,ferrari,19.0,,5.700000000000001,127.0,6,6.0476190476190474,8.380952380952381,21,0,0,0,0.0,18.0,0.0,-1.0,7.666666666666667,7.714285714285714,6.271929824561403,3.666666666666666,0.7,1.0,8.0,4.0,
2025,22,Las Vegas Grand Prix,,Las Vegas Grand Prix,ocon,haas,13.0,,3.9000000000000004,26.0,16,1.2380952380952381,12.80952380952381,21,0,0,0,0.0,12.0,0.0,0.0,12.166666666666666,1.5238095238095237,11.539823008849558,7.333333333333333,0.7,1.0,9.0,2.0,
2025,22,Las Vegas Grand Prix,,Las Vegas Grand Prix,bearman,haas,14.0,,4.200000000000001,38.0,11,1.8095238095238095,11.523809523809524,21,0,0,0,0.0,6.0,8.0,8.0,12.166666666666666,1.5238095238095237,11.555555555555555,7.333333333333333,0.7,1.0,10.0,1.0,
2025,22,Las Vegas Grand Prix,,Las Vegas Grand Prix,alonso,aston_martin,7.0,,2.1000000000000005,37.0,12,1.7619047619047619,12.428571428571429,21,0,0,0,0.0,14.0,0.0,0.0,12.951219512195122,1.5853658536585367,9.929824561403509,-1.6666666666666667,0.7,1.0,11.0,0.0,
2025,22,Las Vegas Grand Prix,,Las Vegas Grand Prix,tsunoda,red_bull,20.0,,6.000000000000001,20.0,17,0.9523809523809523,12.666666666666666,21,0,0,0,0.0,17.0,0.0,0.0,8.333333333333334,7.9523809523809526,13.324561403508772,-5.0,0.7,1.0,12.0,0.0,
2025,22,Las Vegas Grand Prix,,Las Vegas Grand Prix,gasly,alpine,10.0,,3.0000000000000004,20.0,18,0.9523809523809523,14.380952380952381,21,0,0,0,0.0,10.0,1.0,1.0,15.238095238095237,0.47619047619047616,12.052631578947368,0.3333333333333333,0.7,1.0,13.0,0.0,
2025,22,Las Vegas Grand Prix,,Las Vegas Grand Prix,lawson,rb,6.0,,1.8000000000000003,36.0,13,1.7142857142857142,12.666666666666666,21,0,0,0,0.0,7.0,6.0,6.0,12.119047619047619,1.8571428571428572,12.82857142857143,-0.6666666666666665,0.7,1.0,14.0,0.0,
2025,22,Las Vegas Grand Prix,,Las Vegas Grand Prix,colapinto,alpine,15.0,,4.500000000000001,0.0,20,0.0,16.0,15,0,0,0,0.0,15.0,0.0,0.0,15.238095238095237,0.47619047619047616,15.222222222222221,0.3333333333333333,0.7,1.0,15.0,0.0,
2025,22,Las Vegas Grand Prix,,Las Vegas Grand Prix,albon,williams,16.0,,4.800000000000001,70.0,8,3.3333333333333335,10.571428571428571,21,0,0,0,0.0,11.0,0.0,-10.0,11.738095238095237,2.357142857142857,12.956043956043956,-7.333333333333333,0.7,1.0,16.0,0.0,
2025,22,Las Vegas Grand Prix,,Las Vegas Grand Prix,bortoleto,sauber,18.0,,5.4,19.0,19,0.9047619047619048,14.333333333333334,21,0,0,0,0.0,20.0,0.0,0.0,13.619047619047619,1.4761904761904763,14.25,1.0000000000000002,0.7,1.0,17.0,0.0,
2025,22,Las Vegas Grand Prix,,Las Vegas Grand Prix,stroll,aston_martin,12.0,,3.6000000000000005,28.0,15,1.4,13.5,20,0,0,0,0.0,16.0,0.0,-8.0,12.951219512195122,1.5853658536585367,12.410714285714286,-1.6666666666666667,0.7,1.0,18.0,0.0,
2025,22,Las Vegas Grand Prix,,Las Vegas Grand Prix,norris,mclaren,1.0,,0.30000000000000004,367.0,1,17.476190476190474,3.619047619047619,21,7,17,6,0.8095238095238095,1.0,25.0,0.0,3.642857142857143,16.952380952380953,6.385964912280702,10.666666666666664,0.7,1.0,19.0,0.0,
2025,22,Las Vegas Grand Prix,,Las Vegas Grand Prix,piastri,mclaren,5.0,,1.5000000000000002,345.0,2,16.428571428571427,3.6666666666666665,21,7,14,5,0.6666666666666666,5.0,10.0,8.0,3.642857142857143,16.952380952380953,6.628571428571429,10.666666666666664,0.7,1.0,20.0,0.0,
2025,23,Qatar Grand Prix,,Qatar Grand Prix,max_verstappen,red_bull,3.0,,1.5,339.0,3,15.409090909090908,3.909090909090909,22,6,13,7,0.5909090909090909,1.0,25.0,7.0,8.25,8.159090909090908,3.254385964912281,-9.0,0.5,1.0,1.0,25.0,
2025,23,Qatar Grand Prix,,Qatar Grand Prix,piastri,mclaren,1.0,,0.5,345.0,2,15.681818181818182,4.409090909090909,22,7,14,5,0.6363636363636364,20.0,0.0,-2.0,4.363636363636363,16.181818181818183,6.628571428571429,3.0,0.5,1.0,2.0,18.0,
2025,23,Qatar Grand Prix,,Qatar Grand Prix,sainz,williams,7.0,,3.5,39.0,11,1.7727272727272727,12.545454545454545,22,0,1,0,0.045454545454545456,5.0,10.0,10.0,11.681818181818182,2.477272727272727,8.0,-1.9999999999999996,0.5,1.0,3.0,15.0,
2025,23,Qatar Grand Prix,,Qatar Grand Prix,norris,mclaren,2.0,,1.0,367.0,1,16.681818181818183,4.318181818181818,22,7,17,7,0.7727272727272727,19.0,0.0,-25.0,4.363636363636363,16.181818181818183,6.385964912280702,3.0,0.5,1.0,4.0,12.0,
2025,23,Qatar Grand Prix,,Qatar Grand Prix,antonelli,mercedes,5.0,,2.5,125.0,7,5.681818181818182,9.818181818181818,22,0,3,0,0.13636363636363635,3.0,15.0,3.0,7.136363636363637,9.0,9.833333333333334,1.3333333333333357,0.5,1.0,5.0,10.0,
2025,23,Qatar Grand Prix,,Qatar Grand Prix,russell,mercedes,4.0,,2.0,271.0,4,12.318181818181818,4.454545454545454,22,2,9,2,0.4090909090909091,2.0,18.0,3.0,7.136363636363637,9.0,7.587719298245614,1.3333333333333357,0.5,1.0,6.0,8.0,
2025,23,Qatar Grand Prix,,Qatar Grand Prix,alonso,aston_martin,8.0,,4.0,37.0,13,1.6818181818181819,12.363636363636363,22,0,0,0,0.0,11.0,0.0,0.0,13.023255813953488,1.5116279069767442,9.929824561403509,-2.3333333333333335,0.5,1.0,7.0,6.0,
2025,23,Qatar Grand Prix,,Qatar Grand Prix,leclerc,ferrari,10.0,,5.0,209.0,5,9.5,6.818181818181818,22,0,7,1,0.3181818181818182,4.0,12.0,8.0,7.590909090909091,7.7272727272727275,6.517543859649122,-2.333333333333334,0.5,1.0,8.0,4.0,
2025,23,Qatar Grand Prix,,Qatar Grand Prix,lawson,rb,12.0,,6.0,36.0,14,1.6363636363636365,12.727272727272727,22,0,0,0,0.0,14.0,0.0,0.0,12.022727272727273,1.9545454545454546,12.82857142857143,2.3333333333333335,0.5,1.0,9.0,2.0,
2025,23,Qatar Grand Prix,,Qatar Grand Prix,tsunoda,red_bull,15.0,,7.5,20.0,17,0.9090909090909091,12.636363636363637,22,0,0,0,0.0,12.0,0.0,0.0,8.25,8.159090909090908,13.324561403508772,-9.0,0.5,1.0,10.0,1.0,
2025,23,Qatar Grand Prix,,Qatar Grand Prix,albon,williams,14.0,,7.0,70.0,8,3.1818181818181817,10.818181818181818,22,0,0,0,0.0,16.0,0.0,-10.0,11.681818181818182,2.477272727272727,12.956043956043956,-1.9999999999999996,0.5,1.0,11.0,0.0,
2025,23,Qatar Grand Prix,,Qatar Grand Prix,hamilton,ferrari,17.0,,8.5,131.0,6,5.954545454545454,8.363636363636363,22,0,0,0,0.0,8.0,4.0,3.0,7.590909090909091,7.7272727272727275,6.271929824561403,-2.333333333333334,0.5,1.0,12.0,0.0,
2025,23,Qatar Grand Prix,,Qatar Grand Prix,bortoleto,sauber,19.0,,9.5,19.0,19,0.8636363636363636,14.454545454545455,22,0,0,0,0.0,17.0,0.0,0.0,13.545454545454545,1.5454545454545454,14.25,1.6666666666666667,0.5,1.0,13.0,0.0,
2025,23,Qatar Grand Prix,,Qatar Grand Prix,colapinto,alpine,20.0,,10.0,0.0,20,0.0,15.9375,16,0,0,0,0.0,15.0,0.0,0.0,15.181818181818182,0.45454545454545453,15.222222222222221,0.3333333333333333,0.5,1.0,14.0,0.0,
2025,23,Qatar Grand Prix,,Qatar Grand Prix,ocon,haas,16.0,,8.0,28.0,15,1.2727272727272727,12.636363636363637,22,0,0,0,0.0,9.0,2.0,2.0,12.045454545454545,1.5227272727272727,11.539823008849558,7.000000000000001,0.5,1.0,15.0,0.0,
2025,23,Qatar Grand Prix,,Qatar Grand Prix,gasly,alpine,9.0,,4.5,20.0,18,0.9090909090909091,14.318181818181818,22,0,0,0,0.0,13.0,0.0,0.0,15.181818181818182,0.45454545454545453,12.052631578947368,0.3333333333333333,0.5,1.0,16.0,0.0,
2025,23,Qatar Grand Prix,,Qatar Grand Prix,stroll,aston_martin,18.0,,9.0,28.0,16,1.3333333333333333,13.714285714285714,21,0,0,0,0.0,18.0,0.0,-8.0,13.023255813953488,1.5116279069767442,12.410714285714286,-2.3333333333333335,0.5,1.0,17.0,0.0,
2025,23,Qatar Grand Prix,,Qatar Grand Prix,hadjar,rb,6.0,,3.0,50.0,9,2.272727272727273,11.272727272727273,22,0,1,0,0.045454545454545456,6.0,8.0,8.0,12.022727272727273,1.9545454545454546,11.791666666666666,2.3333333333333335,0.5,1.0,18.0,0.0,
2025,23,Qatar Grand Prix,,Qatar Grand Prix,bearman,haas,13.0,,6.5,39.0,12,1.7727272727272727,11.454545454545455,22,0,0,0,0.0,10.0,1.0,1.0,12.045454545454545,1.5227272727272727,11.555555555555555,7.000000000000001,0.5,1.0,19.0,0.0,
2025,23,Qatar Grand Prix,,Qatar Grand Prix,hulkenberg,sauber,11.0,,5.5,49.0,10,2.227272727272727,12.636363636363637,22,0,1,0,0.045454545454545456,7.0,6.0,0.0,13.545454545454545,1.5454545454545454,12.98611111111111,1.6666666666666667,0.5,1.0,20.0,0.0,
2025,24,Abu Dhabi Grand Prix,,Abu Dhabi Grand Prix,max_verstappen,red_bull,1.0,,0.5,364.0,2,15.826086956521738,3.782608695652174,23,7,14,7,0.6086956521739131,1.0,25.0,7.0,8.130434782608695,8.369565217391305,3.254385964912281,0.6666666666666679,0.5,1.0,1.0,25.0,
2025,24,Abu Dhabi Grand Prix,,Abu Dhabi Grand Prix,piastri,mclaren,3.0,,1.5,363.0,3,15.782608695652174,4.304347826086956,23,7,15,6,0.6521739130434783,2.0,18.0,16.0,4.304347826086956,16.130434782608695,6.628571428571429,-8.333333333333332,0.5,1.0,2.0,18.0,
2025,24,Abu Dhabi Grand Prix,,Abu Dhabi Grand Prix,norris,mclaren,2.0,,1.0,379.0,1,16.47826086956522,4.304347826086956,23,7,17,7,0.7391304347826086,4.0,12.0,-13.0,4.304347826086956,16.130434782608695,6.385964912280702,-8.333333333333332,0.5,1.0,3.0,15.0,
2025,24,Abu Dhabi Grand Prix,,Abu Dhabi Grand Prix,leclerc,ferrari,5.0,,2.5,213.0,5,9.26086956521739,6.869565217391305,23,0,7,1,0.30434782608695654,8.0,4.0,0.0,7.695652173913044,7.478260869565218,6.517543859649122,-13.666666666666664,0.5,1.0,4.0,12.0,
2025,24,Abu Dhabi Grand Prix,,Abu Dhabi Grand Prix,russell,mercedes,4.0,,2.0,279.0,4,12.130434782608695,4.521739130434782,23,2,9,2,0.391304347826087,6.0,8.0,-7.0,7.065217391304348,9.0,7.587719298245614,8.0,0.5,1.0,5.0,10.0,
2025,24,Abu Dhabi Grand Prix,,Abu Dhabi Grand Prix,alonso,aston_martin,6.0,,3.0,43.0,12,1.8695652173913044,12.130434782608695,23,0,0,0,0.0,7.0,6.0,6.0,12.977777777777778,1.5777777777777777,9.929824561403509,-0.3333333333333335,0.5,1.0,6.0,8.0,
2025,24,Abu Dhabi Grand Prix,,Abu Dhabi Grand Prix,ocon,haas,8.0,,4.0,28.0,15,1.2173913043478262,12.73913043478261,23,0,0,0,0.0,15.0,0.0,0.0,12.26086956521739,1.4565217391304348,11.539823008849558,-2.3333333333333335,0.5,1.0,7.0,6.0,
2025,24,Abu Dhabi Grand Prix,,Abu Dhabi Grand Prix,hamilton,ferrari,16.0,,8.0,131.0,7,5.695652173913044,8.521739130434783,23,0,0,0,0.0,12.0,0.0,-1.0,7.695652173913044,7.478260869565218,6.271929824561403,-13.666666666666664,0.5,1.0,8.0,4.0,
2025,24,Abu Dhabi Grand Prix,,Abu Dhabi Grand Prix,hulkenberg,sauber,18.0,,9.0,49.0,11,2.130434782608696,12.956521739130435,23,0,1,0,0.043478260869565216,20.0,0.0,-6.0,13.673913043478262,1.4782608695652173,12.98611111111111,0.9999999999999998,0.5,1.0,9.0,2.0,
2025,24,Abu Dhabi Grand Prix,,Abu Dhabi Grand Prix,stroll,aston_martin,15.0,,7.5,28.0,16,1.2727272727272727,13.863636363636363,22,0,0,0,0.0,17.0,0.0,-8.0,12.977777777777778,1.5777777777777777,12.410714285714286,-0.3333333333333335,0.5,1.0,10.0,1.0,
2025,24,Abu Dhabi Grand Prix,,Abu Dhabi Grand Prix,bortoleto,sauber,7.0,,3.5,19.0,19,0.8260869565217391,14.391304347826088,23,0,0,0,0.0,13.0,0.0,0.0,13.673913043478262,1.4782608695652173,14.25,0.9999999999999998,0.5,1.0,11.0,0.0,
2025,24,Abu Dhabi Grand Prix,,Abu Dhabi Grand Prix,bearman,haas,11.0,,5.5,39.0,13,1.6956521739130435,11.782608695652174,23,0,0,0,0.0,19.0,0.0,0.0,12.26086956521739,1.4565217391304348,11.555555555555555,-2.3333333333333335,0.5,1.0,12.0,0.0,
2025,24,Abu Dhabi Grand Prix,,Abu Dhabi Grand Prix,sainz,williams,12.0,,6.0,54.0,9,2.347826086956522,12.130434782608695,23,0,2,0,0.08695652173913043,3.0,15.0,15.0,11.478260869565217,2.6956521739130435,8.0,8.0,0.5,1.0,13.0,0.0,
2025,24,Abu Dhabi Grand Prix,,Abu Dhabi Grand Prix,tsunoda,red_bull,10.0,,5.0,21.0,17,0.9130434782608695,12.521739130434783,23,0,0,0,0.0,10.0,1.0,1.0,8.130434782608695,8.369565217391305,13.324561403508772,0.6666666666666679,0.5,1.0,14.0,0.0,
2025,24,Abu Dhabi Grand Prix,,Abu Dhabi Grand Prix,antonelli,mercedes,14.0,,7.0,135.0,6,5.869565217391305,9.608695652173912,23,0,3,0,0.13043478260869565,5.0,10.0,-2.0,7.065217391304348,9.0,9.833333333333334,8.0,0.5,1.0,15.0,0.0,
2025,24,Abu Dhabi Grand Prix,,Abu Dhabi Grand Prix,albon,williams,17.0,,8.5,70.0,8,3.0434782608695654,10.826086956521738,23,0,0,0,0.0,11.0,0.0,-10.0,11.478260869565217,2.6956521739130435,12.956043956043956,8.0,0.5,1.0,16.0,0.0,
2025,24,Abu Dhabi Grand Prix,,Abu Dhabi Grand Prix,hadjar,rb,9.0,,4.5,50.0,10,2.1739130434782608,11.565217391304348,23,0,1,0,0.043478260869565216,18.0,0.0,0.0,12.08695652173913,1.9130434782608696,11.791666666666666,6.666666666666667,0.5,1.0,17.0,0.0,
2025,24,Abu Dhabi Grand Prix,,Abu Dhabi Grand Prix,lawson,rb,13.0,,6.5,38.0,14,1.6521739130434783,12.565217391304348,23,0,0,0,0.0,9.0,2.0,2.0,12.08695652173913,1.9130434782608696,12.82857142857143,6.666666666666667,0.5,1.0,18.0,0.0,
2025,24,Abu Dhabi Grand Prix,,Abu Dhabi Grand Prix,gasly,alpine,19.0,,9.5,20.0,18,0.8695652173913043,14.391304347826088,23,0,0,0,0.0,16.0,0.0,0.0,15.173913043478262,0.43478260869565216,12.052631578947368,0.3333333333333333,0.5,1.0,19.0,0.0,
2025,24,Abu Dhabi Grand Prix,,Abu Dhabi Grand Prix,colapinto,alpine,20.0,,10.0,0.0,20,0.0,15.823529411764707,17,0,0,0,0.0,14.0,0.0,0.0,15.173913043478262,0.43478260869565216,15.222222222222221,0.3333333333333333,0.5,1.0,20.0,0.0,
